size,boardID,algo,heuristic,expanded,branchingFactor,cost,time
3x3,     1.txt, astar, linearConflict,1,3.0,1,35
3x3,     2.txt, astar, linearConflict,1,3.0,1,35
3x3,     3.txt, astar, linearConflict,2,2.19,2,38
3x3,     4.txt, astar, linearConflict,2,1.79,2,37
3x3,     5.txt, astar, linearConflict,0,1.0,0,3
3x3,     6.txt, astar, linearConflict,2,2.19,2,38
3x3,     7.txt, astar, linearConflict,2,1.79,2,37
3x3,    10.txt, astar, linearConflict,3,1.58,3,37
3x3,    11.txt, astar, linearConflict,3,1.74,3,40
3x3,    12.txt, astar, linearConflict,3,1.74,3,39
3x3,    13.txt, astar, linearConflict,3,1.74,3,39
3x3,    14.txt, astar, linearConflict,3,1.74,3,41
3x3,    15.txt, astar, linearConflict,3,1.74,3,38
3x3,     8.txt, astar, linearConflict,3,1.74,3,39
3x3,     9.txt, astar, linearConflict,3,1.58,3,37
3x3,    16.txt, astar, linearConflict,4,1.49,4,39
3x3,    17.txt, astar, linearConflict,4,1.49,4,40
3x3,    18.txt, astar, linearConflict,4,1.49,4,40
3x3,    19.txt, astar, linearConflict,4,1.49,4,38
3x3,    20.txt, astar, linearConflict,4,1.49,4,39
3x3,    21.txt, astar, linearConflict,4,1.49,4,46
3x3,    22.txt, astar, linearConflict,4,1.4,4,39
3x3,    23.txt, astar, linearConflict,4,1.4,4,40
3x3,    24.txt, astar, linearConflict,4,1.49,4,43
3x3,    25.txt, astar, linearConflict,4,1.49,4,39
3x3,    26.txt, astar, linearConflict,4,1.49,4,40
3x3,    27.txt, astar, linearConflict,4,1.49,4,43
3x3,    28.txt, astar, linearConflict,4,1.49,4,40
3x3,    29.txt, astar, linearConflict,4,1.49,4,40
3x3,    30.txt, astar, linearConflict,4,1.49,4,40
3x3,    31.txt, astar, linearConflict,4,1.49,4,39
3x3,    32.txt, astar, linearConflict,5,1.39,5,41
3x3,    33.txt, astar, linearConflict,5,1.39,5,43
3x3,    34.txt, astar, linearConflict,5,1.34,5,41
3x3,    35.txt, astar, linearConflict,5,1.39,5,41
3x3,    36.txt, astar, linearConflict,5,1.39,5,43
3x3,    37.txt, astar, linearConflict,6,1.44,5,43
3x3,    38.txt, astar, linearConflict,5,1.39,5,43
3x3,    39.txt, astar, linearConflict,5,1.39,5,47
3x3,    40.txt, astar, linearConflict,5,1.39,5,41
3x3,    41.txt, astar, linearConflict,6,1.44,5,41
3x3,    42.txt, astar, linearConflict,5,1.39,5,42
3x3,    43.txt, astar, linearConflict,5,1.39,5,45
3x3,    44.txt, astar, linearConflict,6,1.44,5,43
3x3,    45.txt, astar, linearConflict,5,1.39,5,42
3x3,    46.txt, astar, linearConflict,5,1.39,5,43
3x3,    47.txt, astar, linearConflict,5,1.34,5,42
3x3,    48.txt, astar, linearConflict,5,1.39,5,43
3x3,    49.txt, astar, linearConflict,6,1.44,5,49
3x3,    50.txt, astar, linearConflict,5,1.39,5,41
3x3,    51.txt, astar, linearConflict,5,1.39,5,42
3x3,    66.txt, astar, linearConflict,9,1.42,6,44
3x3,    67.txt, astar, linearConflict,8,1.42,6,45
3x3,    68.txt, astar, linearConflict,8,1.42,6,44
3x3,    69.txt, astar, linearConflict,7,1.34,6,44
3x3,    70.txt, astar, linearConflict,6,1.31,6,46
3x3,    71.txt, astar, linearConflict,6,1.31,6,44
3x3,    72.txt, astar, linearConflict,11,1.53,6,47
3x3,    73.txt, astar, linearConflict,6,1.31,6,41
3x3,    74.txt, astar, linearConflict,6,1.27,6,42
3x3,    75.txt, astar, linearConflict,6,1.31,6,42
3x3,    76.txt, astar, linearConflict,7,1.37,6,42
3x3,    77.txt, astar, linearConflict,8,1.42,6,43
3x3,    78.txt, astar, linearConflict,6,1.31,6,41
3x3,    79.txt, astar, linearConflict,6,1.31,6,41
3x3,    80.txt, astar, linearConflict,9,1.42,6,42
3x3,    81.txt, astar, linearConflict,9,1.42,6,43
3x3,    82.txt, astar, linearConflict,6,1.31,6,41
3x3,    83.txt, astar, linearConflict,8,1.42,6,45
3x3,    84.txt, astar, linearConflict,6,1.31,6,45
3x3,    85.txt, astar, linearConflict,8,1.42,6,43
3x3,    86.txt, astar, linearConflict,6,1.31,6,42
3x3,    87.txt, astar, linearConflict,9,1.42,6,43
3x3,    88.txt, astar, linearConflict,6,1.27,6,41
3x3,    89.txt, astar, linearConflict,6,1.31,6,42
3x3,    90.txt, astar, linearConflict,8,1.42,6,43
3x3,   137.txt, astar, linearConflict,7,1.27,7,42
3x3,   138.txt, astar, linearConflict,9,1.34,7,45
3x3,   139.txt, astar, linearConflict,9,1.34,7,44
3x3,   140.txt, astar, linearConflict,18,1.5,7,49
3x3,   141.txt, astar, linearConflict,9,1.34,7,45
3x3,   142.txt, astar, linearConflict,14,1.44,7,49
3x3,   143.txt, astar, linearConflict,17,1.49,7,48
3x3,   144.txt, astar, linearConflict,9,1.34,7,42
3x3,   145.txt, astar, linearConflict,7,1.27,7,44
3x3,   146.txt, astar, linearConflict,9,1.34,7,46
3x3,   147.txt, astar, linearConflict,9,1.34,7,43
3x3,   148.txt, astar, linearConflict,7,1.27,7,43
3x3,   149.txt, astar, linearConflict,7,1.27,7,42
3x3,   150.txt, astar, linearConflict,17,1.49,7,48
3x3,   151.txt, astar, linearConflict,9,1.34,7,45
3x3,   152.txt, astar, linearConflict,17,1.49,7,49
3x3,    91.txt, astar, linearConflict,7,1.27,7,44
3x3,    92.txt, astar, linearConflict,9,1.34,7,44
3x3,    93.txt, astar, linearConflict,7,1.27,7,43
3x3,    94.txt, astar, linearConflict,9,1.34,7,44
3x3,    95.txt, astar, linearConflict,15,1.47,7,47
3x3,    96.txt, astar, linearConflict,10,1.34,7,46
3x3,    97.txt, astar, linearConflict,8,1.29,7,43
3x3,    98.txt, astar, linearConflict,7,1.27,7,42
3x3,    99.txt, astar, linearConflict,9,1.34,7,45
3x3,   244.txt, astar, linearConflict,24,1.46,8,53
3x3,   245.txt, astar, linearConflict,10,1.28,8,46
3x3,   246.txt, astar, linearConflict,21,1.43,8,55
3x3,   247.txt, astar, linearConflict,11,1.28,8,47
3x3,   248.txt, astar, linearConflict,30,1.52,8,58
3x3,   249.txt, astar, linearConflict,8,1.22,8,45
3x3,   250.txt, astar, linearConflict,8,1.24,8,44
3x3,   251.txt, astar, linearConflict,22,1.44,8,55
3x3,   252.txt, astar, linearConflict,10,1.28,8,47
3x3,   253.txt, astar, linearConflict,8,1.24,8,44
3x3,   254.txt, astar, linearConflict,10,1.28,8,45
3x3,   255.txt, astar, linearConflict,8,1.22,8,44
3x3,   256.txt, astar, linearConflict,10,1.28,8,46
3x3,   257.txt, astar, linearConflict,8,1.22,8,44
3x3,   258.txt, astar, linearConflict,10,1.28,8,45
3x3,   259.txt, astar, linearConflict,27,1.52,8,54
3x3,   260.txt, astar, linearConflict,23,1.45,8,53
3x3,   261.txt, astar, linearConflict,10,1.28,8,44
3x3,   262.txt, astar, linearConflict,11,1.31,8,45
3x3,   263.txt, astar, linearConflict,10,1.28,8,44
3x3,   264.txt, astar, linearConflict,10,1.28,8,44
3x3,   265.txt, astar, linearConflict,12,1.32,8,45
3x3,   266.txt, astar, linearConflict,10,1.28,8,44
3x3,   267.txt, astar, linearConflict,12,1.32,8,45
3x3,   268.txt, astar, linearConflict,10,1.28,8,44
3x3,   396.txt, astar, linearConflict,13,1.28,9,45
3x3,   397.txt, astar, linearConflict,9,1.22,9,43
3x3,   398.txt, astar, linearConflict,9,1.22,9,44
3x3,   399.txt, astar, linearConflict,11,1.25,9,46
3x3,   400.txt, astar, linearConflict,11,1.25,9,45
3x3,   401.txt, astar, linearConflict,10,1.23,9,43
3x3,   402.txt, astar, linearConflict,11,1.25,9,45
3x3,   403.txt, astar, linearConflict,9,1.2,9,43
3x3,   404.txt, astar, linearConflict,12,1.27,9,45
3x3,   405.txt, astar, linearConflict,10,1.24,9,44
3x3,   406.txt, astar, linearConflict,11,1.25,9,46
3x3,   407.txt, astar, linearConflict,28,1.42,9,52
3x3,   408.txt, astar, linearConflict,11,1.25,9,46
3x3,   409.txt, astar, linearConflict,10,1.23,9,43
3x3,   410.txt, astar, linearConflict,13,1.27,9,46
3x3,   411.txt, astar, linearConflict,40,1.5,9,56
3x3,   412.txt, astar, linearConflict,12,1.26,9,45
3x3,   413.txt, astar, linearConflict,13,1.27,9,46
3x3,   414.txt, astar, linearConflict,13,1.28,9,47
3x3,   415.txt, astar, linearConflict,13,1.28,9,46
3x3,   416.txt, astar, linearConflict,14,1.29,9,46
3x3,   417.txt, astar, linearConflict,12,1.27,9,45
3x3,   418.txt, astar, linearConflict,12,1.27,9,45
3x3,   419.txt, astar, linearConflict,13,1.27,9,44
3x3,   420.txt, astar, linearConflict,22,1.37,9,50
3x3,   682.txt, astar, linearConflict,10,1.18,10,43
3x3,   683.txt, astar, linearConflict,62,1.5,10,62
3x3,   684.txt, astar, linearConflict,159,1.67,10,78
3x3,   685.txt, astar, linearConflict,70,1.52,10,62
3x3,   686.txt, astar, linearConflict,11,1.2,10,44
3x3,   687.txt, astar, linearConflict,15,1.24,10,46
3x3,   688.txt, astar, linearConflict,18,1.27,10,48
3x3,   689.txt, astar, linearConflict,12,1.22,10,46
3x3,   690.txt, astar, linearConflict,10,1.16,10,44
3x3,   691.txt, astar, linearConflict,48,1.45,10,59
3x3,   692.txt, astar, linearConflict,21,1.31,10,50
3x3,   693.txt, astar, linearConflict,42,1.44,10,57
3x3,   694.txt, astar, linearConflict,11,1.2,10,44
3x3,   695.txt, astar, linearConflict,12,1.22,10,44
3x3,   696.txt, astar, linearConflict,149,1.67,10,80
3x3,   697.txt, astar, linearConflict,24,1.33,10,52
3x3,   698.txt, astar, linearConflict,24,1.33,10,51
3x3,   699.txt, astar, linearConflict,15,1.25,10,48
3x3,   700.txt, astar, linearConflict,16,1.27,10,48
3x3,   701.txt, astar, linearConflict,13,1.23,10,46
3x3,   702.txt, astar, linearConflict,12,1.22,10,45
3x3,   703.txt, astar, linearConflict,24,1.34,10,51
3x3,   704.txt, astar, linearConflict,14,1.23,10,47
3x3,   705.txt, astar, linearConflict,73,1.53,10,66
3x3,   706.txt, astar, linearConflict,10,1.18,10,44
3x3,   975.txt, astar, linearConflict,48,1.4,11,59
3x3,   976.txt, astar, linearConflict,65,1.44,11,63
3x3,   977.txt, astar, linearConflict,11,1.16,11,44
3x3,   978.txt, astar, linearConflict,59,1.43,11,62
3x3,   979.txt, astar, linearConflict,21,1.27,11,50
3x3,   980.txt, astar, linearConflict,197,1.62,11,85
3x3,   981.txt, astar, linearConflict,93,1.49,11,68
3x3,   982.txt, astar, linearConflict,184,1.62,11,83
3x3,   983.txt, astar, linearConflict,26,1.29,11,52
3x3,   984.txt, astar, linearConflict,72,1.45,11,65
3x3,   985.txt, astar, linearConflict,20,1.25,11,49
3x3,   986.txt, astar, linearConflict,16,1.22,11,46
3x3,   987.txt, astar, linearConflict,30,1.31,11,54
3x3,   988.txt, astar, linearConflict,14,1.2,11,49
3x3,   989.txt, astar, linearConflict,17,1.24,11,48
3x3,   990.txt, astar, linearConflict,82,1.48,11,69
3x3,   991.txt, astar, linearConflict,95,1.51,11,68
3x3,   992.txt, astar, linearConflict,24,1.29,11,52
3x3,   993.txt, astar, linearConflict,53,1.41,11,61
3x3,   994.txt, astar, linearConflict,24,1.29,11,51
3x3,   995.txt, astar, linearConflict,14,1.19,11,45
3x3,   996.txt, astar, linearConflict,66,1.45,11,64
3x3,   997.txt, astar, linearConflict,20,1.25,11,48
3x3,   998.txt, astar, linearConflict,41,1.36,11,56
3x3,   999.txt, astar, linearConflict,46,1.38,11,58
3x3,  1826.txt, astar, linearConflict,335,1.62,12,100
3x3,  1827.txt, astar, linearConflict,14,1.17,12,47
3x3,  1828.txt, astar, linearConflict,20,1.22,12,49
3x3,  1829.txt, astar, linearConflict,21,1.23,12,49
3x3,  1830.txt, astar, linearConflict,17,1.2,12,46
3x3,  1831.txt, astar, linearConflict,29,1.27,12,54
3x3,  1832.txt, astar, linearConflict,17,1.2,12,47
3x3,  1833.txt, astar, linearConflict,438,1.68,12,113
3x3,  1834.txt, astar, linearConflict,168,1.53,12,81
3x3,  1835.txt, astar, linearConflict,733,1.75,12,141
3x3,  1836.txt, astar, linearConflict,30,1.27,12,52
3x3,  1837.txt, astar, linearConflict,169,1.52,12,80
3x3,  1838.txt, astar, linearConflict,18,1.21,12,48
3x3,  1839.txt, astar, linearConflict,398,1.66,12,111
3x3,  1840.txt, astar, linearConflict,13,1.15,12,46
3x3,  1841.txt, astar, linearConflict,85,1.42,12,67
3x3,  1842.txt, astar, linearConflict,91,1.43,12,67
3x3,  1843.txt, astar, linearConflict,44,1.33,12,58
3x3,  1844.txt, astar, linearConflict,342,1.64,12,101
3x3,  1845.txt, astar, linearConflict,106,1.47,12,73
3x3,  1846.txt, astar, linearConflict,38,1.31,12,58
3x3,  1847.txt, astar, linearConflict,27,1.26,12,51
3x3,  1848.txt, astar, linearConflict,12,1.13,12,45
3x3,  1849.txt, astar, linearConflict,52,1.36,12,59
3x3,  1850.txt, astar, linearConflict,473,1.68,12,115
3x3,  2850.txt, astar, linearConflict,22,1.2,13,49
3x3,  2851.txt, astar, linearConflict,46,1.3,13,58
3x3,  2852.txt, astar, linearConflict,19,1.19,13,49
3x3,  2853.txt, astar, linearConflict,22,1.2,13,49
3x3,  2854.txt, astar, linearConflict,699,1.67,13,134
3x3,  2855.txt, astar, linearConflict,96,1.4,13,69
3x3,  2856.txt, astar, linearConflict,57,1.32,13,62
3x3,  2857.txt, astar, linearConflict,468,1.61,13,115
3x3,  2858.txt, astar, linearConflict,29,1.24,13,51
3x3,  2859.txt, astar, linearConflict,91,1.39,13,69
3x3,  2860.txt, astar, linearConflict,64,1.34,13,63
3x3,  2861.txt, astar, linearConflict,302,1.55,13,100
3x3,  2862.txt, astar, linearConflict,719,1.67,13,132
3x3,  2863.txt, astar, linearConflict,35,1.26,13,53
3x3,  2864.txt, astar, linearConflict,22,1.2,13,49
3x3,  2865.txt, astar, linearConflict,28,1.23,13,52
3x3,  2866.txt, astar, linearConflict,23,1.21,13,49
3x3,  2867.txt, astar, linearConflict,22,1.2,13,49
3x3,  2868.txt, astar, linearConflict,32,1.25,13,55
3x3,  2869.txt, astar, linearConflict,14,1.14,13,47
3x3,  2870.txt, astar, linearConflict,19,1.19,13,47
3x3,  2871.txt, astar, linearConflict,18,1.19,13,48
3x3,  2872.txt, astar, linearConflict,175,1.47,13,82
3x3,  2873.txt, astar, linearConflict,22,1.2,13,51
3x3,  2874.txt, astar, linearConflict,51,1.31,13,60
3x3,  4743.txt, astar, linearConflict,149,1.41,14,79
3x3,  4744.txt, astar, linearConflict,1704,1.72,14,205
3x3,  4745.txt, astar, linearConflict,312,1.5,14,105
3x3,  4746.txt, astar, linearConflict,61,1.3,14,62
3x3,  4747.txt, astar, linearConflict,58,1.29,14,61
3x3,  4748.txt, astar, linearConflict,58,1.29,14,60
3x3,  4749.txt, astar, linearConflict,29,1.22,14,53
3x3,  4750.txt, astar, linearConflict,23,1.18,14,49
3x3,  4751.txt, astar, linearConflict,767,1.61,14,139
3x3,  4752.txt, astar, linearConflict,39,1.25,14,56
3x3,  4753.txt, astar, linearConflict,23,1.18,14,53
3x3,  4754.txt, astar, linearConflict,154,1.41,14,77
3x3,  4755.txt, astar, linearConflict,100,1.36,14,70
3x3,  4756.txt, astar, linearConflict,31,1.22,14,51
3x3,  4757.txt, astar, linearConflict,1706,1.72,14,165
3x3,  4758.txt, astar, linearConflict,34,1.23,14,52
3x3,  4759.txt, astar, linearConflict,99,1.36,14,69
3x3,  4760.txt, astar, linearConflict,700,1.6,14,133
3x3,  4761.txt, astar, linearConflict,24,1.19,14,50
3x3,  4762.txt, astar, linearConflict,1799,1.72,14,172
3x3,  4763.txt, astar, linearConflict,59,1.29,14,60
3x3,  4764.txt, astar, linearConflict,763,1.61,14,147
3x3,  4765.txt, astar, linearConflict,41,1.25,14,54
3x3,  4766.txt, astar, linearConflict,99,1.36,14,68
3x3,  4767.txt, astar, linearConflict,25,1.19,14,51
3x3,  7255.txt, astar, linearConflict,167,1.38,15,81
3x3,  7256.txt, astar, linearConflict,92,1.32,15,69
3x3,  7257.txt, astar, linearConflict,33,1.21,15,52
3x3,  7258.txt, astar, linearConflict,734,1.55,15,131
3x3,  7259.txt, astar, linearConflict,83,1.31,15,66
3x3,  7260.txt, astar, linearConflict,1236,1.61,15,162
3x3,  7261.txt, astar, linearConflict,313,1.45,15,98
3x3,  7262.txt, astar, linearConflict,3629,1.74,15,243
3x3,  7263.txt, astar, linearConflict,95,1.32,15,68
3x3,  7264.txt, astar, linearConflict,112,1.34,15,70
3x3,  7265.txt, astar, linearConflict,2782,1.71,15,218
3x3,  7266.txt, astar, linearConflict,123,1.35,15,71
3x3,  7267.txt, astar, linearConflict,24,1.17,15,49
3x3,  7268.txt, astar, linearConflict,3851,1.75,15,246
3x3,  7269.txt, astar, linearConflict,2217,1.68,15,196
3x3,  7270.txt, astar, linearConflict,3242,1.73,15,234
3x3,  7271.txt, astar, linearConflict,50,1.25,15,57
3x3,  7272.txt, astar, linearConflict,120,1.34,15,70
3x3,  7273.txt, astar, linearConflict,47,1.24,15,57
3x3,  7274.txt, astar, linearConflict,89,1.31,15,66
3x3,  7275.txt, astar, linearConflict,358,1.47,15,101
3x3,  7276.txt, astar, linearConflict,488,1.5,15,111
3x3,  7277.txt, astar, linearConflict,1271,1.62,15,151
3x3,  7278.txt, astar, linearConflict,429,1.48,15,108
3x3,  7279.txt, astar, linearConflict,397,1.48,15,103
3x3,  9975.txt, astar, linearConflict,7967,1.77,16,354
3x3,  9976.txt, astar, linearConflict,351,1.42,16,99
3x3,  9977.txt, astar, linearConflict,248,1.39,16,88
3x3,  9978.txt, astar, linearConflict,915,1.53,16,138
3x3,  9979.txt, astar, linearConflict,7435,1.77,16,348
3x3,  9980.txt, astar, linearConflict,233,1.38,16,88
3x3,  9981.txt, astar, linearConflict,1523,1.58,16,181
3x3,  9982.txt, astar, linearConflict,38,1.2,16,53
3x3,  9983.txt, astar, linearConflict,6216,1.74,16,324
3x3,  9984.txt, astar, linearConflict,1338,1.57,16,173
3x3,  9985.txt, astar, linearConflict,632,1.49,16,125
3x3,  9986.txt, astar, linearConflict,720,1.5,16,126
3x3,  9987.txt, astar, linearConflict,880,1.52,16,141
3x3,  9988.txt, astar, linearConflict,622,1.49,16,128
3x3,  9989.txt, astar, linearConflict,330,1.42,16,96
3x3,  9990.txt, astar, linearConflict,49,1.22,16,56
3x3,  9991.txt, astar, linearConflict,411,1.44,16,106
3x3,  9992.txt, astar, linearConflict,2661,1.65,16,218
3x3,  9993.txt, astar, linearConflict,243,1.38,16,89
3x3,  9994.txt, astar, linearConflict,944,1.52,16,139
3x3,  9995.txt, astar, linearConflict,184,1.36,16,81
3x3,  9996.txt, astar, linearConflict,40,1.2,16,54
3x3,  9997.txt, astar, linearConflict,195,1.36,16,81
3x3,  9998.txt, astar, linearConflict,270,1.4,16,90
3x3,  9999.txt, astar, linearConflict,100,1.29,16,68
3x3, 17378.txt, astar, linearConflict,356,1.39,17,97
3x3, 17379.txt, astar, linearConflict,3176,1.61,17,218
3x3, 17380.txt, astar, linearConflict,197,1.33,17,82
3x3, 17381.txt, astar, linearConflict,1090,1.51,17,153
3x3, 17382.txt, astar, linearConflict,289,1.37,17,94
3x3, 17383.txt, astar, linearConflict,2875,1.6,17,221
3x3, 17384.txt, astar, linearConflict,72,1.24,17,62
3x3, 17385.txt, astar, linearConflict,79,1.25,17,64
3x3, 17386.txt, astar, linearConflict,644,1.46,17,122
3x3, 17387.txt, astar, linearConflict,56,1.22,17,59
3x3, 17388.txt, astar, linearConflict,9493,1.73,17,356
3x3, 17389.txt, astar, linearConflict,2534,1.59,17,212
3x3, 17390.txt, astar, linearConflict,11572,1.75,17,428
3x3, 17391.txt, astar, linearConflict,13642,1.77,17,463
3x3, 17392.txt, astar, linearConflict,1269,1.52,17,156
3x3, 17393.txt, astar, linearConflict,379,1.4,17,101
3x3, 17394.txt, astar, linearConflict,5965,1.68,17,312
3x3, 17395.txt, astar, linearConflict,967,1.49,17,154
3x3, 17396.txt, astar, linearConflict,1835,1.55,17,190
3x3, 17397.txt, astar, linearConflict,8146,1.71,17,362
3x3, 17398.txt, astar, linearConflict,127,1.3,17,73
3x3, 17399.txt, astar, linearConflict,112,1.28,17,69
3x3, 17400.txt, astar, linearConflict,761,1.46,17,129
3x3, 17401.txt, astar, linearConflict,1874,1.56,17,194
3x3, 17402.txt, astar, linearConflict,116,1.29,17,70
3x3, 26907.txt, astar, linearConflict,509,1.39,18,111
3x3, 26908.txt, astar, linearConflict,50459,1.85,18,965
3x3, 26909.txt, astar, linearConflict,2878,1.56,18,212
3x3, 26910.txt, astar, linearConflict,143,1.28,18,74
3x3, 26911.txt, astar, linearConflict,356,1.36,18,106
3x3, 26912.txt, astar, linearConflict,1934,1.51,18,185
3x3, 26913.txt, astar, linearConflict,2521,1.54,18,201
3x3, 26914.txt, astar, linearConflict,3847,1.58,18,237
3x3, 26915.txt, astar, linearConflict,823,1.43,18,131
3x3, 26916.txt, astar, linearConflict,379,1.36,18,105
3x3, 26917.txt, astar, linearConflict,1207,1.47,18,159
3x3, 26918.txt, astar, linearConflict,17166,1.73,18,467
3x3, 26919.txt, astar, linearConflict,971,1.46,18,144
3x3, 26920.txt, astar, linearConflict,2973,1.56,18,221
3x3, 26921.txt, astar, linearConflict,2657,1.55,18,209
3x3, 26922.txt, astar, linearConflict,92,1.24,18,66
3x3, 26923.txt, astar, linearConflict,355,1.36,18,97
3x3, 26924.txt, astar, linearConflict,2481,1.54,18,213
3x3, 26925.txt, astar, linearConflict,12779,1.7,18,407
3x3, 26926.txt, astar, linearConflict,2657,1.55,18,219
3x3, 26927.txt, astar, linearConflict,98,1.25,18,68
3x3, 26928.txt, astar, linearConflict,238,1.33,18,88
3x3, 26929.txt, astar, linearConflict,359,1.36,18,98
3x3, 26930.txt, astar, linearConflict,1587,1.49,18,160
3x3, 26931.txt, astar, linearConflict,1228,1.47,18,168
3x3, 37785.txt, astar, linearConflict,948,1.42,19,140
3x3, 37786.txt, astar, linearConflict,276,1.31,19,89
3x3, 37787.txt, astar, linearConflict,510,1.36,19,112
3x3, 37788.txt, astar, linearConflict,3163,1.53,19,248
3x3, 37789.txt, astar, linearConflict,2527,1.5,19,217
3x3, 37790.txt, astar, linearConflict,2868,1.52,19,223
3x3, 37791.txt, astar, linearConflict,2255,1.5,19,206
3x3, 37792.txt, astar, linearConflict,5813,1.58,19,282
3x3, 37793.txt, astar, linearConflict,122,1.24,19,70
3x3, 37794.txt, astar, linearConflict,29420,1.73,19,690
3x3, 37795.txt, astar, linearConflict,7140,1.6,19,336
3x3, 37796.txt, astar, linearConflict,2475,1.5,19,217
3x3, 37797.txt, astar, linearConflict,2382,1.5,19,194
3x3, 37798.txt, astar, linearConflict,741,1.39,19,129
3x3, 37799.txt, astar, linearConflict,3355,1.53,19,232
3x3, 37800.txt, astar, linearConflict,1509,1.46,19,173
3x3, 37801.txt, astar, linearConflict,349,1.33,19,102
3x3, 37802.txt, astar, linearConflict,939,1.41,19,138
3x3, 37803.txt, astar, linearConflict,4791,1.56,19,297
3x3, 37804.txt, astar, linearConflict,627,1.38,19,121
3x3, 37805.txt, astar, linearConflict,10691,1.64,19,394
3x3,     1.txt, astar, manhattan,1,3.0,1,12
3x3,     2.txt, astar, manhattan,1,3.0,1,11
3x3,     3.txt, astar, manhattan,2,2.19,2,12
3x3,     4.txt, astar, manhattan,2,1.79,2,10
3x3,     5.txt, astar, manhattan,0,1.0,0,4
3x3,     6.txt, astar, manhattan,2,2.19,2,12
3x3,     7.txt, astar, manhattan,2,1.79,2,11
3x3,    10.txt, astar, manhattan,3,1.58,3,11
3x3,    11.txt, astar, manhattan,3,1.74,3,12
3x3,    12.txt, astar, manhattan,3,1.74,3,12
3x3,    13.txt, astar, manhattan,3,1.74,3,12
3x3,    14.txt, astar, manhattan,3,1.74,3,12
3x3,    15.txt, astar, manhattan,3,1.74,3,12
3x3,     8.txt, astar, manhattan,3,1.74,3,12
3x3,     9.txt, astar, manhattan,3,1.58,3,12
3x3,    16.txt, astar, manhattan,4,1.49,4,12
3x3,    17.txt, astar, manhattan,4,1.49,4,12
3x3,    18.txt, astar, manhattan,4,1.49,4,12
3x3,    19.txt, astar, manhattan,4,1.49,4,13
3x3,    20.txt, astar, manhattan,4,1.49,4,12
3x3,    21.txt, astar, manhattan,4,1.49,4,12
3x3,    22.txt, astar, manhattan,4,1.4,4,12
3x3,    23.txt, astar, manhattan,4,1.4,4,13
3x3,    24.txt, astar, manhattan,4,1.49,4,13
3x3,    25.txt, astar, manhattan,4,1.49,4,13
3x3,    26.txt, astar, manhattan,4,1.49,4,15
3x3,    27.txt, astar, manhattan,4,1.49,4,13
3x3,    28.txt, astar, manhattan,4,1.49,4,16
3x3,    29.txt, astar, manhattan,4,1.49,4,13
3x3,    30.txt, astar, manhattan,4,1.49,4,12
3x3,    31.txt, astar, manhattan,4,1.49,4,13
3x3,    32.txt, astar, manhattan,5,1.39,5,13
3x3,    33.txt, astar, manhattan,5,1.39,5,14
3x3,    34.txt, astar, manhattan,5,1.34,5,13
3x3,    35.txt, astar, manhattan,5,1.39,5,14
3x3,    36.txt, astar, manhattan,5,1.39,5,13
3x3,    37.txt, astar, manhattan,6,1.44,5,13
3x3,    38.txt, astar, manhattan,5,1.39,5,13
3x3,    39.txt, astar, manhattan,5,1.39,5,15
3x3,    40.txt, astar, manhattan,5,1.39,5,12
3x3,    41.txt, astar, manhattan,6,1.44,5,13
3x3,    42.txt, astar, manhattan,5,1.39,5,13
3x3,    43.txt, astar, manhattan,5,1.39,5,13
3x3,    44.txt, astar, manhattan,6,1.44,5,13
3x3,    45.txt, astar, manhattan,5,1.39,5,12
3x3,    46.txt, astar, manhattan,5,1.39,5,13
3x3,    47.txt, astar, manhattan,5,1.34,5,13
3x3,    48.txt, astar, manhattan,5,1.39,5,12
3x3,    49.txt, astar, manhattan,6,1.44,5,12
3x3,    50.txt, astar, manhattan,5,1.39,5,12
3x3,    51.txt, astar, manhattan,5,1.39,5,12
3x3,    66.txt, astar, manhattan,9,1.42,6,13
3x3,    67.txt, astar, manhattan,8,1.42,6,32
3x3,    68.txt, astar, manhattan,8,1.42,6,15
3x3,    69.txt, astar, manhattan,7,1.34,6,13
3x3,    70.txt, astar, manhattan,6,1.31,6,12
3x3,    71.txt, astar, manhattan,6,1.31,6,12
3x3,    72.txt, astar, manhattan,11,1.53,6,16
3x3,    73.txt, astar, manhattan,6,1.31,6,12
3x3,    74.txt, astar, manhattan,6,1.27,6,12
3x3,    75.txt, astar, manhattan,6,1.31,6,12
3x3,    76.txt, astar, manhattan,7,1.37,6,13
3x3,    77.txt, astar, manhattan,8,1.42,6,15
3x3,    78.txt, astar, manhattan,6,1.31,6,13
3x3,    79.txt, astar, manhattan,6,1.31,6,13
3x3,    80.txt, astar, manhattan,9,1.42,6,13
3x3,    81.txt, astar, manhattan,9,1.42,6,15
3x3,    82.txt, astar, manhattan,6,1.31,6,13
3x3,    83.txt, astar, manhattan,8,1.42,6,14
3x3,    84.txt, astar, manhattan,6,1.31,6,13
3x3,    85.txt, astar, manhattan,8,1.42,6,13
3x3,    86.txt, astar, manhattan,6,1.31,6,12
3x3,    87.txt, astar, manhattan,9,1.42,6,14
3x3,    88.txt, astar, manhattan,6,1.27,6,12
3x3,    89.txt, astar, manhattan,6,1.31,6,13
3x3,    90.txt, astar, manhattan,8,1.42,6,15
3x3,   137.txt, astar, manhattan,7,1.27,7,14
3x3,   138.txt, astar, manhattan,9,1.34,7,13
3x3,   139.txt, astar, manhattan,9,1.34,7,13
3x3,   140.txt, astar, manhattan,18,1.5,7,17
3x3,   141.txt, astar, manhattan,9,1.34,7,15
3x3,   142.txt, astar, manhattan,14,1.44,7,18
3x3,   143.txt, astar, manhattan,17,1.49,7,18
3x3,   144.txt, astar, manhattan,9,1.34,7,16
3x3,   145.txt, astar, manhattan,7,1.27,7,15
3x3,   146.txt, astar, manhattan,9,1.34,7,13
3x3,   147.txt, astar, manhattan,9,1.34,7,14
3x3,   148.txt, astar, manhattan,7,1.27,7,14
3x3,   149.txt, astar, manhattan,7,1.27,7,12
3x3,   150.txt, astar, manhattan,17,1.49,7,17
3x3,   151.txt, astar, manhattan,9,1.34,7,13
3x3,   152.txt, astar, manhattan,17,1.49,7,18
3x3,    91.txt, astar, manhattan,7,1.27,7,14
3x3,    92.txt, astar, manhattan,9,1.34,7,15
3x3,    93.txt, astar, manhattan,7,1.27,7,14
3x3,    94.txt, astar, manhattan,9,1.34,7,15
3x3,    95.txt, astar, manhattan,15,1.47,7,17
3x3,    96.txt, astar, manhattan,10,1.34,7,14
3x3,    97.txt, astar, manhattan,8,1.29,7,13
3x3,    98.txt, astar, manhattan,7,1.27,7,13
3x3,    99.txt, astar, manhattan,9,1.34,7,13
3x3,   244.txt, astar, manhattan,24,1.46,8,18
3x3,   245.txt, astar, manhattan,10,1.28,8,15
3x3,   246.txt, astar, manhattan,21,1.43,8,18
3x3,   247.txt, astar, manhattan,11,1.28,8,15
3x3,   248.txt, astar, manhattan,33,1.54,8,20
3x3,   249.txt, astar, manhattan,8,1.22,8,13
3x3,   250.txt, astar, manhattan,12,1.32,8,15
3x3,   251.txt, astar, manhattan,22,1.44,8,18
3x3,   252.txt, astar, manhattan,10,1.28,8,16
3x3,   253.txt, astar, manhattan,10,1.28,8,15
3x3,   254.txt, astar, manhattan,10,1.28,8,15
3x3,   255.txt, astar, manhattan,8,1.22,8,13
3x3,   256.txt, astar, manhattan,10,1.28,8,15
3x3,   257.txt, astar, manhattan,8,1.22,8,13
3x3,   258.txt, astar, manhattan,10,1.28,8,16
3x3,   259.txt, astar, manhattan,30,1.53,8,21
3x3,   260.txt, astar, manhattan,23,1.45,8,19
3x3,   261.txt, astar, manhattan,10,1.28,8,16
3x3,   262.txt, astar, manhattan,11,1.31,8,17
3x3,   263.txt, astar, manhattan,10,1.28,8,17
3x3,   264.txt, astar, manhattan,10,1.28,8,15
3x3,   265.txt, astar, manhattan,12,1.32,8,17
3x3,   266.txt, astar, manhattan,10,1.28,8,17
3x3,   267.txt, astar, manhattan,12,1.32,8,16
3x3,   268.txt, astar, manhattan,10,1.28,8,15
3x3,   396.txt, astar, manhattan,13,1.28,9,16
3x3,   397.txt, astar, manhattan,13,1.28,9,16
3x3,   398.txt, astar, manhattan,13,1.28,9,16
3x3,   399.txt, astar, manhattan,11,1.25,9,15
3x3,   400.txt, astar, manhattan,11,1.25,9,16
3x3,   401.txt, astar, manhattan,19,1.34,9,18
3x3,   402.txt, astar, manhattan,13,1.28,9,17
3x3,   403.txt, astar, manhattan,9,1.2,9,13
3x3,   404.txt, astar, manhattan,13,1.28,9,17
3x3,   405.txt, astar, manhattan,11,1.25,9,15
3x3,   406.txt, astar, manhattan,11,1.25,9,16
3x3,   407.txt, astar, manhattan,28,1.42,9,21
3x3,   408.txt, astar, manhattan,11,1.25,9,15
3x3,   409.txt, astar, manhattan,10,1.23,9,16
3x3,   410.txt, astar, manhattan,13,1.27,9,17
3x3,   411.txt, astar, manhattan,42,1.51,9,23
3x3,   412.txt, astar, manhattan,12,1.26,9,16
3x3,   413.txt, astar, manhattan,13,1.27,9,16
3x3,   414.txt, astar, manhattan,13,1.28,9,17
3x3,   415.txt, astar, manhattan,13,1.28,9,17
3x3,   416.txt, astar, manhattan,23,1.38,9,19
3x3,   417.txt, astar, manhattan,13,1.28,9,16
3x3,   418.txt, astar, manhattan,12,1.27,9,16
3x3,   419.txt, astar, manhattan,13,1.27,9,16
3x3,   420.txt, astar, manhattan,22,1.37,9,18
3x3,   682.txt, astar, manhattan,10,1.18,10,13
3x3,   683.txt, astar, manhattan,62,1.5,10,27
3x3,   684.txt, astar, manhattan,184,1.7,10,42
3x3,   685.txt, astar, manhattan,74,1.53,10,27
3x3,   686.txt, astar, manhattan,12,1.22,10,17
3x3,   687.txt, astar, manhattan,15,1.24,10,16
3x3,   688.txt, astar, manhattan,19,1.28,10,17
3x3,   689.txt, astar, manhattan,12,1.22,10,17
3x3,   690.txt, astar, manhattan,10,1.16,10,13
3x3,   691.txt, astar, manhattan,49,1.45,10,24
3x3,   692.txt, astar, manhattan,23,1.33,10,19
3x3,   693.txt, astar, manhattan,40,1.43,10,23
3x3,   694.txt, astar, manhattan,11,1.2,10,17
3x3,   695.txt, astar, manhattan,12,1.22,10,16
3x3,   696.txt, astar, manhattan,222,1.74,10,47
3x3,   697.txt, astar, manhattan,24,1.33,10,20
3x3,   698.txt, astar, manhattan,24,1.33,10,20
3x3,   699.txt, astar, manhattan,17,1.27,10,18
3x3,   700.txt, astar, manhattan,16,1.27,10,19
3x3,   701.txt, astar, manhattan,13,1.23,10,15
3x3,   702.txt, astar, manhattan,13,1.23,10,17
3x3,   703.txt, astar, manhattan,28,1.36,10,20
3x3,   704.txt, astar, manhattan,14,1.23,10,17
3x3,   705.txt, astar, manhattan,73,1.53,10,30
3x3,   706.txt, astar, manhattan,10,1.18,10,13
3x3,   975.txt, astar, manhattan,66,1.44,11,27
3x3,   976.txt, astar, manhattan,47,1.39,11,23
3x3,   977.txt, astar, manhattan,17,1.23,11,18
3x3,   978.txt, astar, manhattan,101,1.51,11,32
3x3,   979.txt, astar, manhattan,23,1.28,11,19
3x3,   980.txt, astar, manhattan,264,1.67,11,48
3x3,   981.txt, astar, manhattan,90,1.49,11,31
3x3,   982.txt, astar, manhattan,171,1.6,11,42
3x3,   983.txt, astar, manhattan,26,1.29,11,20
3x3,   984.txt, astar, manhattan,72,1.45,11,27
3x3,   985.txt, astar, manhattan,39,1.36,11,23
3x3,   986.txt, astar, manhattan,18,1.24,11,17
3x3,   987.txt, astar, manhattan,32,1.32,11,21
3x3,   988.txt, astar, manhattan,14,1.2,11,17
3x3,   989.txt, astar, manhattan,17,1.24,11,18
3x3,   990.txt, astar, manhattan,82,1.48,11,31
3x3,   991.txt, astar, manhattan,165,1.59,11,39
3x3,   992.txt, astar, manhattan,24,1.29,11,21
3x3,   993.txt, astar, manhattan,53,1.41,11,25
3x3,   994.txt, astar, manhattan,24,1.29,11,19
3x3,   995.txt, astar, manhattan,21,1.26,11,18
3x3,   996.txt, astar, manhattan,66,1.45,11,27
3x3,   997.txt, astar, manhattan,39,1.36,11,22
3x3,   998.txt, astar, manhattan,41,1.36,11,23
3x3,   999.txt, astar, manhattan,48,1.39,11,24
3x3,  1826.txt, astar, manhattan,462,1.69,12,65
3x3,  1827.txt, astar, manhattan,28,1.27,12,20
3x3,  1828.txt, astar, manhattan,20,1.22,12,18
3x3,  1829.txt, astar, manhattan,25,1.25,12,20
3x3,  1830.txt, astar, manhattan,17,1.2,12,17
3x3,  1831.txt, astar, manhattan,36,1.3,12,22
3x3,  1832.txt, astar, manhattan,17,1.2,12,17
3x3,  1833.txt, astar, manhattan,458,1.68,12,61
3x3,  1834.txt, astar, manhattan,666,1.74,12,74
3x3,  1835.txt, astar, manhattan,715,1.75,12,74
3x3,  1836.txt, astar, manhattan,34,1.29,12,21
3x3,  1837.txt, astar, manhattan,361,1.65,12,57
3x3,  1838.txt, astar, manhattan,18,1.21,12,18
3x3,  1839.txt, astar, manhattan,406,1.66,12,59
3x3,  1840.txt, astar, manhattan,18,1.2,12,17
3x3,  1841.txt, astar, manhattan,365,1.64,12,57
3x3,  1842.txt, astar, manhattan,89,1.43,12,29
3x3,  1843.txt, astar, manhattan,46,1.34,12,24
3x3,  1844.txt, astar, manhattan,339,1.64,12,57
3x3,  1845.txt, astar, manhattan,243,1.58,12,47
3x3,  1846.txt, astar, manhattan,73,1.4,12,28
3x3,  1847.txt, astar, manhattan,30,1.27,12,22
3x3,  1848.txt, astar, manhattan,12,1.13,12,16
3x3,  1849.txt, astar, manhattan,52,1.36,12,26
3x3,  1850.txt, astar, manhattan,480,1.69,12,68
3x3,  2850.txt, astar, manhattan,22,1.2,13,19
3x3,  2851.txt, astar, manhattan,48,1.31,13,25
3x3,  2852.txt, astar, manhattan,21,1.2,13,19
3x3,  2853.txt, astar, manhattan,29,1.24,13,20
3x3,  2854.txt, astar, manhattan,814,1.69,13,80
3x3,  2855.txt, astar, manhattan,141,1.44,13,37
3x3,  2856.txt, astar, manhattan,64,1.34,13,26
3x3,  2857.txt, astar, manhattan,698,1.67,13,75
3x3,  2858.txt, astar, manhattan,29,1.24,13,22
3x3,  2859.txt, astar, manhattan,203,1.49,13,42
3x3,  2860.txt, astar, manhattan,51,1.31,13,24
3x3,  2861.txt, astar, manhattan,302,1.55,13,54
3x3,  2862.txt, astar, manhattan,1650,1.81,13,103
3x3,  2863.txt, astar, manhattan,189,1.48,13,41
3x3,  2864.txt, astar, manhattan,118,1.42,13,34
3x3,  2865.txt, astar, manhattan,34,1.26,13,22
3x3,  2866.txt, astar, manhattan,27,1.23,13,20
3x3,  2867.txt, astar, manhattan,26,1.22,13,19
3x3,  2868.txt, astar, manhattan,41,1.28,13,22
3x3,  2869.txt, astar, manhattan,19,1.18,13,18
3x3,  2870.txt, astar, manhattan,19,1.19,13,18
3x3,  2871.txt, astar, manhattan,21,1.2,13,18
3x3,  2872.txt, astar, manhattan,597,1.65,13,69
3x3,  2873.txt, astar, manhattan,26,1.22,13,19
3x3,  2874.txt, astar, manhattan,62,1.33,13,25
3x3,  4743.txt, astar, manhattan,4003,1.84,14,142
3x3,  4744.txt, astar, manhattan,5579,1.89,14,166
3x3,  4745.txt, astar, manhattan,803,1.61,14,79
3x3,  4746.txt, astar, manhattan,62,1.3,14,26
3x3,  4747.txt, astar, manhattan,149,1.4,14,39
3x3,  4748.txt, astar, manhattan,58,1.29,14,26
3x3,  4749.txt, astar, manhattan,36,1.24,14,22
3x3,  4750.txt, astar, manhattan,23,1.18,14,19
3x3,  4751.txt, astar, manhattan,5079,1.87,14,158
3x3,  4752.txt, astar, manhattan,151,1.41,14,39
3x3,  4753.txt, astar, manhattan,27,1.2,14,21
3x3,  4754.txt, astar, manhattan,250,1.47,14,49
3x3,  4755.txt, astar, manhattan,107,1.36,14,33
3x3,  4756.txt, astar, manhattan,111,1.37,14,36
3x3,  4757.txt, astar, manhattan,2502,1.77,14,117
3x3,  4758.txt, astar, manhattan,36,1.23,14,22
3x3,  4759.txt, astar, manhattan,180,1.43,14,41
3x3,  4760.txt, astar, manhattan,1399,1.69,14,94
3x3,  4761.txt, astar, manhattan,28,1.2,14,20
3x3,  4762.txt, astar, manhattan,4653,1.87,14,155
3x3,  4763.txt, astar, manhattan,93,1.35,14,30
3x3,  4764.txt, astar, manhattan,808,1.62,14,77
3x3,  4765.txt, astar, manhattan,47,1.27,14,24
3x3,  4766.txt, astar, manhattan,840,1.63,14,78
3x3,  4767.txt, astar, manhattan,133,1.39,14,37
3x3,  7255.txt, astar, manhattan,736,1.55,15,76
3x3,  7256.txt, astar, manhattan,84,1.31,15,29
3x3,  7257.txt, astar, manhattan,35,1.21,15,22
3x3,  7258.txt, astar, manhattan,7707,1.84,15,184
3x3,  7259.txt, astar, manhattan,147,1.37,15,37
3x3,  7260.txt, astar, manhattan,1289,1.62,15,87
3x3,  7261.txt, astar, manhattan,387,1.48,15,59
3x3,  7262.txt, astar, manhattan,8611,1.86,15,217
3x3,  7263.txt, astar, manhattan,102,1.33,15,33
3x3,  7264.txt, astar, manhattan,108,1.33,15,34
3x3,  7265.txt, astar, manhattan,1177,1.61,15,94
3x3,  7266.txt, astar, manhattan,123,1.35,15,37
3x3,  7267.txt, astar, manhattan,28,1.18,15,22
3x3,  7268.txt, astar, manhattan,5646,1.81,15,171
3x3,  7269.txt, astar, manhattan,2883,1.72,15,142
3x3,  7270.txt, astar, manhattan,6798,1.83,15,188
3x3,  7271.txt, astar, manhattan,210,1.4,15,47
3x3,  7272.txt, astar, manhattan,407,1.48,15,58
3x3,  7273.txt, astar, manhattan,70,1.28,15,28
3x3,  7274.txt, astar, manhattan,671,1.54,15,79
3x3,  7275.txt, astar, manhattan,4282,1.76,15,147
3x3,  7276.txt, astar, manhattan,2897,1.71,15,130
3x3,  7277.txt, astar, manhattan,3646,1.75,15,143
3x3,  7278.txt, astar, manhattan,2545,1.7,15,126
3x3,  7279.txt, astar, manhattan,1425,1.63,15,99
3x3,  9975.txt, astar, manhattan,16128,1.86,16,279
3x3,  9976.txt, astar, manhattan,386,1.43,16,58
3x3,  9977.txt, astar, manhattan,252,1.39,16,49
3x3,  9978.txt, astar, manhattan,1445,1.58,16,93
3x3,  9979.txt, astar, manhattan,10177,1.8,16,239
3x3,  9980.txt, astar, manhattan,259,1.39,16,50
3x3,  9981.txt, astar, manhattan,8687,1.79,16,223
3x3,  9982.txt, astar, manhattan,40,1.2,16,23
3x3,  9983.txt, astar, manhattan,12834,1.83,16,257
3x3,  9984.txt, astar, manhattan,3031,1.66,16,127
3x3,  9985.txt, astar, manhattan,3440,1.67,16,136
3x3,  9986.txt, astar, manhattan,1447,1.57,16,111
3x3,  9987.txt, astar, manhattan,6429,1.74,16,178
3x3,  9988.txt, astar, manhattan,1334,1.57,16,98
3x3,  9989.txt, astar, manhattan,393,1.43,16,56
3x3,  9990.txt, astar, manhattan,64,1.25,16,27
3x3,  9991.txt, astar, manhattan,917,1.52,16,81
3x3,  9992.txt, astar, manhattan,7378,1.76,16,187
3x3,  9993.txt, astar, manhattan,3506,1.67,16,137
3x3,  9994.txt, astar, manhattan,1299,1.56,16,91
3x3,  9995.txt, astar, manhattan,474,1.45,16,62
3x3,  9996.txt, astar, manhattan,69,1.26,16,27
3x3,  9997.txt, astar, manhattan,218,1.38,16,45
3x3,  9998.txt, astar, manhattan,135,1.33,16,36
3x3,  9999.txt, astar, manhattan,170,1.35,16,40
3x3, 17378.txt, astar, manhattan,216,1.34,17,44
3x3, 17379.txt, astar, manhattan,8251,1.71,17,204
3x3, 17380.txt, astar, manhattan,510,1.43,17,72
3x3, 17381.txt, astar, manhattan,1241,1.51,17,90
3x3, 17382.txt, astar, manhattan,419,1.4,17,63
3x3, 17383.txt, astar, manhattan,9388,1.73,17,229
3x3, 17384.txt, astar, manhattan,1349,1.52,17,89
3x3, 17385.txt, astar, manhattan,91,1.26,17,31
3x3, 17386.txt, astar, manhattan,1398,1.53,17,95
3x3, 17387.txt, astar, manhattan,96,1.27,17,33
3x3, 17388.txt, astar, manhattan,10469,1.74,17,229
3x3, 17389.txt, astar, manhattan,1185,1.51,17,94
3x3, 17390.txt, astar, manhattan,19073,1.81,17,276
3x3, 17391.txt, astar, manhattan,10434,1.74,17,246
3x3, 17392.txt, astar, manhattan,5804,1.68,17,173
3x3, 17393.txt, astar, manhattan,2076,1.56,17,109
3x3, 17394.txt, astar, manhattan,14430,1.77,17,281
3x3, 17395.txt, astar, manhattan,1596,1.54,17,95
3x3, 17396.txt, astar, manhattan,48661,1.91,17,446
3x3, 17397.txt, astar, manhattan,5691,1.68,17,194
3x3, 17398.txt, astar, manhattan,270,1.36,17,48
3x3, 17399.txt, astar, manhattan,116,1.28,17,34
3x3, 17400.txt, astar, manhattan,3877,1.63,17,140
3x3, 17401.txt, astar, manhattan,736,1.46,17,79
3x3, 17402.txt, astar, manhattan,200,1.33,17,43
3x3, 26907.txt, astar, manhattan,952,1.45,18,85
3x3, 26908.txt, astar, manhattan,211240,2.01,18,1282
3x3, 26909.txt, astar, manhattan,5810,1.62,18,180
3x3, 26910.txt, astar, manhattan,2946,1.56,18,125
3x3, 26911.txt, astar, manhattan,1313,1.48,18,91
3x3, 26912.txt, astar, manhattan,5658,1.62,18,175
3x3, 26913.txt, astar, manhattan,13673,1.71,18,294
3x3, 26914.txt, astar, manhattan,14095,1.71,18,274
3x3, 26915.txt, astar, manhattan,1226,1.47,18,94
3x3, 26916.txt, astar, manhattan,2611,1.54,18,117
3x3, 26917.txt, astar, manhattan,10807,1.69,18,259
3x3, 26918.txt, astar, manhattan,2349,1.54,18,113
3x3, 26919.txt, astar, manhattan,2220,1.53,18,109
3x3, 26920.txt, astar, manhattan,3296,1.57,18,132
3x3, 26921.txt, astar, manhattan,2900,1.56,18,125
3x3, 26922.txt, astar, manhattan,103,1.25,18,33
3x3, 26923.txt, astar, manhattan,375,1.36,18,57
3x3, 26924.txt, astar, manhattan,2743,1.55,18,119
3x3, 26925.txt, astar, manhattan,14722,1.72,18,278
3x3, 26926.txt, astar, manhattan,2717,1.55,18,124
3x3, 26927.txt, astar, manhattan,98,1.25,18,33
3x3, 26928.txt, astar, manhattan,313,1.35,18,51
3x3, 26929.txt, astar, manhattan,510,1.39,18,64
3x3, 26930.txt, astar, manhattan,11331,1.69,18,248
3x3, 26931.txt, astar, manhattan,2969,1.56,18,122
3x3, 37785.txt, astar, manhattan,1423,1.45,19,94
3x3, 37786.txt, astar, manhattan,663,1.39,19,72
3x3, 37787.txt, astar, manhattan,24797,1.71,19,335
3x3, 37788.txt, astar, manhattan,3270,1.53,19,134
3x3, 37789.txt, astar, manhattan,5959,1.58,19,183
3x3, 37790.txt, astar, manhattan,10664,1.63,19,235
3x3, 37791.txt, astar, manhattan,21060,1.7,19,351
3x3, 37792.txt, astar, manhattan,24482,1.71,19,335
3x3, 37793.txt, astar, manhattan,126,1.25,19,35
3x3, 37794.txt, astar, manhattan,25483,1.72,19,340
3x3, 37795.txt, astar, manhattan,15297,1.67,19,300
3x3, 37796.txt, astar, manhattan,4072,1.54,19,149
3x3, 37797.txt, astar, manhattan,3208,1.52,19,136
3x3, 37798.txt, astar, manhattan,668,1.39,19,77
3x3, 37799.txt, astar, manhattan,13486,1.66,19,268
3x3, 37800.txt, astar, manhattan,5027,1.57,19,175
3x3, 37801.txt, astar, manhattan,21723,1.7,19,330
3x3, 37802.txt, astar, manhattan,6143,1.58,19,177
3x3, 37803.txt, astar, manhattan,2458,1.5,19,115
3x3, 37804.txt, astar, manhattan,7175,1.6,19,202
3x3, 37805.txt, astar, manhattan,20289,1.7,19,344
3x3, 37806.txt, astar, manhattan,5225,1.57,19,168
3x3, 37807.txt, astar, manhattan,3857,1.54,19,143
3x3, 37808.txt, astar, manhattan,1643,1.46,19,95
3x3, 37809.txt, astar, manhattan,25395,1.72,19,344
3x3, 54773.txt, astar, manhattan,25144,1.67,20,336
3x3, 54774.txt, astar, manhattan,31146,1.69,20,350
3x3, 54775.txt, astar, manhattan,3293,1.49,20,129
3x3, 54777.txt, astar, manhattan,21105,1.65,20,300
3x3, 54778.txt, astar, manhattan,1304,1.41,20,91
3x3, 54779.txt, astar, manhattan,16303,1.63,20,272
3x3, 54780.txt, astar, manhattan,14763,1.61,20,267
3x3, 54782.txt, astar, manhattan,1019,1.39,20,84
3x3, 54783.txt, astar, manhattan,12980,1.61,20,257
3x3, 54784.txt, astar, manhattan,184,1.26,20,42
3x3, 54785.txt, astar, manhattan,12425,1.6,20,264
3x3, 54787.txt, astar, manhattan,5207,1.53,20,158
3x3, 54788.txt, astar, manhattan,1809,1.44,20,104
3x3, 54789.txt, astar, manhattan,187542,1.86,20,1215
3x3, 54790.txt, astar, manhattan,40588,1.71,20,407
3x3, 54791.txt, astar, manhattan,23509,1.66,20,318
3x3, 54792.txt, astar, manhattan,3022,1.48,20,125
3x3, 54794.txt, astar, manhattan,430,1.33,20,61
3x3, 54795.txt, astar, manhattan,399,1.32,20,57
3x3, 54796.txt, astar, manhattan,12426,1.6,20,240
3x3, 54797.txt, astar, manhattan,26877,1.67,20,337
3x3, 54798.txt, astar, manhattan,253020,1.88,20,1398
3x3, 54799.txt, astar, manhattan,6275,1.55,20,201
3x3, 54801.txt, astar, manhattan,28712,1.68,20,381
3x3, 54802.txt, astar, manhattan,193,1.27,20,42
4x4,     1.txt, astar, manhattan,1,3.0,1,13
4x4,     2.txt, astar, manhattan,1,3.0,1,10
4x4,     3.txt, astar, manhattan,2,2.19,2,11
4x4,     4.txt, astar, manhattan,2,2.0,2,11
4x4,     5.txt, astar, manhattan,0,1.0,0,4
4x4,     6.txt, astar, manhattan,2,2.19,2,12
4x4,     7.txt, astar, manhattan,2,2.0,2,11
4x4,    10.txt, astar, manhattan,3,1.58,3,12
4x4,    11.txt, astar, manhattan,3,1.81,3,13
4x4,    12.txt, astar, manhattan,3,1.74,3,11
4x4,    13.txt, astar, manhattan,3,1.58,3,11
4x4,    14.txt, astar, manhattan,3,1.74,3,12
4x4,    15.txt, astar, manhattan,3,1.74,3,12
4x4,    16.txt, astar, manhattan,3,1.81,3,12
4x4,    17.txt, astar, manhattan,3,1.81,3,13
4x4,     8.txt, astar, manhattan,3,1.81,3,12
4x4,     9.txt, astar, manhattan,3,1.74,3,13
4x4,    18.txt, astar, manhattan,4,1.61,4,14
4x4,    19.txt, astar, manhattan,4,1.61,4,14
4x4,    20.txt, astar, manhattan,4,1.53,4,13
4x4,    21.txt, astar, manhattan,4,1.45,4,11
4x4,    22.txt, astar, manhattan,4,1.57,4,12
4x4,    23.txt, astar, manhattan,4,1.49,4,13
4x4,    24.txt, astar, manhattan,4,1.49,4,12
4x4,    25.txt, astar, manhattan,4,1.57,4,13
4x4,    26.txt, astar, manhattan,4,1.57,4,14
4x4,    27.txt, astar, manhattan,4,1.57,4,12
4x4,    28.txt, astar, manhattan,4,1.57,4,15
4x4,    29.txt, astar, manhattan,4,1.57,4,13
4x4,    30.txt, astar, manhattan,4,1.57,4,13
4x4,    31.txt, astar, manhattan,4,1.57,4,13
4x4,    32.txt, astar, manhattan,4,1.61,4,14
4x4,    33.txt, astar, manhattan,4,1.57,4,13
4x4,    34.txt, astar, manhattan,4,1.57,4,13
4x4,    35.txt, astar, manhattan,4,1.53,4,12
4x4,    36.txt, astar, manhattan,4,1.45,4,12
4x4,    37.txt, astar, manhattan,4,1.57,4,14
4x4,    38.txt, astar, manhattan,4,1.53,4,14
4x4,    39.txt, astar, manhattan,4,1.53,4,12
4x4,    40.txt, astar, manhattan,4,1.57,4,13
4x4,    41.txt, astar, manhattan,4,1.61,4,14
4x4,    71.txt, astar, manhattan,5,1.39,5,14
4x4,    72.txt, astar, manhattan,5,1.42,5,14
4x4,    73.txt, astar, manhattan,5,1.39,5,14
4x4,    74.txt, astar, manhattan,5,1.44,5,15
4x4,    75.txt, astar, manhattan,5,1.39,5,15
4x4,    76.txt, astar, manhattan,5,1.42,5,14
4x4,    77.txt, astar, manhattan,5,1.44,5,15
4x4,    78.txt, astar, manhattan,5,1.48,5,16
4x4,    79.txt, astar, manhattan,6,1.48,5,15
4x4,    80.txt, astar, manhattan,5,1.39,5,14
4x4,    81.txt, astar, manhattan,5,1.46,5,14
4x4,    82.txt, astar, manhattan,5,1.44,5,14
4x4,    83.txt, astar, manhattan,5,1.44,5,14
4x4,    84.txt, astar, manhattan,5,1.42,5,14
4x4,    85.txt, astar, manhattan,5,1.48,5,15
4x4,    86.txt, astar, manhattan,5,1.46,5,15
4x4,    87.txt, astar, manhattan,5,1.48,5,15
4x4,    88.txt, astar, manhattan,5,1.46,5,15
4x4,    89.txt, astar, manhattan,5,1.42,5,14
4x4,    90.txt, astar, manhattan,5,1.37,5,17
4x4,    91.txt, astar, manhattan,5,1.39,5,17
4x4,    92.txt, astar, manhattan,5,1.37,5,13
4x4,    93.txt, astar, manhattan,5,1.46,5,17
4x4,    94.txt, astar, manhattan,5,1.42,5,14
4x4,    95.txt, astar, manhattan,5,1.46,5,16
4x4,   182.txt, astar, manhattan,6,1.37,6,16
4x4,   183.txt, astar, manhattan,6,1.36,6,16
4x4,   184.txt, astar, manhattan,6,1.39,6,15
4x4,   185.txt, astar, manhattan,6,1.34,6,15
4x4,   186.txt, astar, manhattan,6,1.37,6,15
4x4,   187.txt, astar, manhattan,6,1.37,6,15
4x4,   188.txt, astar, manhattan,6,1.33,6,14
4x4,   189.txt, astar, manhattan,6,1.36,6,14
4x4,   190.txt, astar, manhattan,6,1.36,6,15
4x4,   191.txt, astar, manhattan,6,1.33,6,15
4x4,   192.txt, astar, manhattan,8,1.44,6,16
4x4,   193.txt, astar, manhattan,6,1.39,6,14
4x4,   194.txt, astar, manhattan,6,1.36,6,14
4x4,   195.txt, astar, manhattan,6,1.37,6,15
4x4,   196.txt, astar, manhattan,6,1.33,6,15
4x4,   197.txt, astar, manhattan,6,1.33,6,14
4x4,   198.txt, astar, manhattan,6,1.36,6,17
4x4,   199.txt, astar, manhattan,6,1.36,6,15
4x4,   200.txt, astar, manhattan,6,1.29,6,15
4x4,   201.txt, astar, manhattan,6,1.37,6,15
4x4,   202.txt, astar, manhattan,6,1.39,6,15
4x4,    96.txt, astar, manhattan,6,1.34,6,14
4x4,    97.txt, astar, manhattan,6,1.37,6,15
4x4,    98.txt, astar, manhattan,6,1.34,6,15
4x4,    99.txt, astar, manhattan,6,1.34,6,15
4x4,   390.txt, astar, manhattan,10,1.4,7,16
4x4,   391.txt, astar, manhattan,7,1.29,7,15
4x4,   392.txt, astar, manhattan,7,1.3,7,15
4x4,   393.txt, astar, manhattan,7,1.3,7,14
4x4,   394.txt, astar, manhattan,7,1.29,7,15
4x4,   395.txt, astar, manhattan,12,1.43,7,17
4x4,   396.txt, astar, manhattan,7,1.3,7,15
4x4,   397.txt, astar, manhattan,7,1.3,7,15
4x4,   398.txt, astar, manhattan,7,1.31,7,16
4x4,   399.txt, astar, manhattan,7,1.32,7,15
4x4,   400.txt, astar, manhattan,7,1.29,7,14
4x4,   401.txt, astar, manhattan,7,1.3,7,16
4x4,   402.txt, astar, manhattan,9,1.37,7,22
4x4,   403.txt, astar, manhattan,7,1.31,7,16
4x4,   404.txt, astar, manhattan,8,1.34,7,16
4x4,   405.txt, astar, manhattan,7,1.31,7,19
4x4,   406.txt, astar, manhattan,8,1.33,7,15
4x4,   407.txt, astar, manhattan,10,1.4,7,16
4x4,   408.txt, astar, manhattan,7,1.28,7,15
4x4,   409.txt, astar, manhattan,7,1.32,7,16
4x4,   410.txt, astar, manhattan,7,1.32,7,16
4x4,   411.txt, astar, manhattan,7,1.31,7,15
4x4,   412.txt, astar, manhattan,7,1.28,7,14
4x4,   413.txt, astar, manhattan,7,1.29,7,14
4x4,   414.txt, astar, manhattan,7,1.32,7,15
4x4,   836.txt, astar, manhattan,12,1.36,8,17
4x4,   837.txt, astar, manhattan,31,1.56,8,21
4x4,   838.txt, astar, manhattan,11,1.34,8,16
4x4,   839.txt, astar, manhattan,8,1.25,8,16
4x4,   840.txt, astar, manhattan,8,1.28,8,15
4x4,   841.txt, astar, manhattan,10,1.3,8,16
4x4,   842.txt, astar, manhattan,10,1.3,8,15
4x4,   843.txt, astar, manhattan,10,1.29,8,16
4x4,   844.txt, astar, manhattan,21,1.46,8,20
4x4,   845.txt, astar, manhattan,9,1.28,8,16
4x4,   846.txt, astar, manhattan,10,1.32,8,16
4x4,   847.txt, astar, manhattan,8,1.27,8,15
4x4,   848.txt, astar, manhattan,8,1.26,8,15
4x4,   849.txt, astar, manhattan,15,1.4,8,18
4x4,   850.txt, astar, manhattan,11,1.3,8,16
4x4,   851.txt, astar, manhattan,9,1.3,8,16
4x4,   852.txt, astar, manhattan,11,1.34,8,17
4x4,   853.txt, astar, manhattan,29,1.55,8,22
4x4,   854.txt, astar, manhattan,8,1.25,8,15
4x4,   855.txt, astar, manhattan,9,1.28,8,16
4x4,   856.txt, astar, manhattan,12,1.33,8,17
4x4,   857.txt, astar, manhattan,8,1.27,8,15
4x4,   858.txt, astar, manhattan,11,1.34,8,17
4x4,   859.txt, astar, manhattan,8,1.24,8,15
4x4,   860.txt, astar, manhattan,23,1.48,8,20
4x4,   975.txt, astar, manhattan,12,1.29,9,16
4x4,   976.txt, astar, manhattan,12,1.28,9,17
4x4,   977.txt, astar, manhattan,48,1.56,9,25
4x4,   978.txt, astar, manhattan,11,1.28,9,16
4x4,   979.txt, astar, manhattan,17,1.33,9,18
4x4,   980.txt, astar, manhattan,10,1.24,9,16
4x4,   981.txt, astar, manhattan,10,1.25,9,16
4x4,   982.txt, astar, manhattan,9,1.23,9,17
4x4,   983.txt, astar, manhattan,10,1.26,9,17
4x4,   984.txt, astar, manhattan,13,1.31,9,17
4x4,   985.txt, astar, manhattan,9,1.22,9,15
4x4,   986.txt, astar, manhattan,11,1.28,9,16
4x4,   987.txt, astar, manhattan,43,1.53,9,25
4x4,   988.txt, astar, manhattan,10,1.27,9,16
4x4,   989.txt, astar, manhattan,12,1.29,9,18
4x4,   990.txt, astar, manhattan,9,1.22,9,15
4x4,   991.txt, astar, manhattan,23,1.41,9,19
4x4,   992.txt, astar, manhattan,13,1.3,9,19
4x4,   993.txt, astar, manhattan,9,1.23,9,16
4x4,   994.txt, astar, manhattan,13,1.3,9,17
4x4,   995.txt, astar, manhattan,9,1.22,9,16
4x4,   996.txt, astar, manhattan,9,1.23,9,16
4x4,   997.txt, astar, manhattan,12,1.29,9,17
4x4,   998.txt, astar, manhattan,13,1.32,9,17
4x4,   999.txt, astar, manhattan,9,1.23,9,15
4x4,  3730.txt, astar, manhattan,16,1.28,10,18
4x4,  3731.txt, astar, manhattan,27,1.36,10,21
4x4,  3732.txt, astar, manhattan,16,1.28,10,17
4x4,  3733.txt, astar, manhattan,10,1.2,10,15
4x4,  3734.txt, astar, manhattan,21,1.33,10,19
4x4,  3735.txt, astar, manhattan,12,1.24,10,18
4x4,  3736.txt, astar, manhattan,13,1.26,10,17
4x4,  3737.txt, astar, manhattan,12,1.24,10,16
4x4,  3738.txt, astar, manhattan,13,1.26,10,17
4x4,  3739.txt, astar, manhattan,30,1.38,10,21
4x4,  3740.txt, astar, manhattan,13,1.26,10,19
4x4,  3741.txt, astar, manhattan,10,1.21,10,16
4x4,  3742.txt, astar, manhattan,27,1.36,10,22
4x4,  3743.txt, astar, manhattan,12,1.24,10,17
4x4,  3744.txt, astar, manhattan,211,1.76,10,47
4x4,  3745.txt, astar, manhattan,16,1.29,10,18
4x4,  3746.txt, astar, manhattan,296,1.84,10,55
4x4,  3747.txt, astar, manhattan,15,1.27,10,19
4x4,  3748.txt, astar, manhattan,126,1.64,10,36
4x4,  3749.txt, astar, manhattan,14,1.26,10,17
4x4,  3750.txt, astar, manhattan,32,1.4,10,22
4x4,  3751.txt, astar, manhattan,15,1.28,10,18
4x4,  3752.txt, astar, manhattan,18,1.3,10,19
4x4,  3753.txt, astar, manhattan,15,1.28,10,18
4x4,  3754.txt, astar, manhattan,27,1.37,10,23
4x4,  7668.txt, astar, manhattan,22,1.29,11,20
4x4,  7669.txt, astar, manhattan,66,1.47,11,28
4x4,  7670.txt, astar, manhattan,100,1.54,11,32
4x4,  7671.txt, astar, manhattan,14,1.22,11,17
4x4,  7672.txt, astar, manhattan,14,1.23,11,18
4x4,  7673.txt, astar, manhattan,14,1.23,11,17
4x4,  7674.txt, astar, manhattan,18,1.26,11,18
4x4,  7675.txt, astar, manhattan,13,1.22,11,18
4x4,  7676.txt, astar, manhattan,19,1.28,11,20
4x4,  7677.txt, astar, manhattan,14,1.23,11,18
4x4,  7678.txt, astar, manhattan,289,1.73,11,55
4x4,  7679.txt, astar, manhattan,32,1.33,11,23
4x4,  7680.txt, astar, manhattan,14,1.23,11,19
4x4,  7681.txt, astar, manhattan,85,1.5,11,32
4x4,  7682.txt, astar, manhattan,76,1.49,11,30
4x4,  7683.txt, astar, manhattan,11,1.19,11,16
4x4,  7684.txt, astar, manhattan,80,1.48,11,31
4x4,  7685.txt, astar, manhattan,44,1.39,11,24
4x4,  7686.txt, astar, manhattan,75,1.48,11,30
4x4,  7687.txt, astar, manhattan,13,1.21,11,17
4x4,  7688.txt, astar, manhattan,25,1.31,11,20
4x4,  7689.txt, astar, manhattan,14,1.22,11,17
4x4,  7690.txt, astar, manhattan,401,1.77,11,60
4x4,  7691.txt, astar, manhattan,19,1.28,11,19
4x4,  7692.txt, astar, manhattan,84,1.52,11,32
4x4,  9975.txt, astar, manhattan,91,1.45,12,31
4x4,  9976.txt, astar, manhattan,18,1.23,12,19
4x4,  9977.txt, astar, manhattan,17,1.23,12,19
4x4,  9978.txt, astar, manhattan,20,1.25,12,19
4x4,  9979.txt, astar, manhattan,31,1.31,12,22
4x4,  9980.txt, astar, manhattan,15,1.2,12,19
4x4,  9981.txt, astar, manhattan,21,1.25,12,19
4x4,  9982.txt, astar, manhattan,65,1.41,12,29
4x4,  9983.txt, astar, manhattan,38,1.33,12,24
4x4,  9984.txt, astar, manhattan,446,1.71,12,63
4x4,  9985.txt, astar, manhattan,3156,2.04,12,133
4x4,  9986.txt, astar, manhattan,12,1.17,12,16
4x4,  9987.txt, astar, manhattan,16,1.2,12,18
4x4,  9988.txt, astar, manhattan,15,1.2,12,19
4x4,  9989.txt, astar, manhattan,13,1.19,12,17
4x4,  9990.txt, astar, manhattan,14,1.19,12,16
4x4,  9991.txt, astar, manhattan,19,1.24,12,19
4x4,  9992.txt, astar, manhattan,37,1.31,12,23
4x4,  9993.txt, astar, manhattan,15,1.2,12,18
4x4,  9994.txt, astar, manhattan,16,1.21,12,18
4x4,  9995.txt, astar, manhattan,26,1.28,12,21
4x4,  9996.txt, astar, manhattan,19,1.24,12,19
4x4,  9997.txt, astar, manhattan,40,1.33,12,24
4x4,  9998.txt, astar, manhattan,88,1.45,12,31
4x4,  9999.txt, astar, manhattan,35,1.32,12,23
4x4, 31020.txt, astar, manhattan,181,1.49,13,44
4x4, 31021.txt, astar, manhattan,36,1.29,13,23
4x4, 31022.txt, astar, manhattan,23,1.23,13,19
4x4, 31023.txt, astar, manhattan,22,1.21,13,19
4x4, 31024.txt, astar, manhattan,25,1.24,13,20
4x4, 31025.txt, astar, manhattan,26,1.24,13,20
4x4, 31026.txt, astar, manhattan,22,1.23,13,20
4x4, 31027.txt, astar, manhattan,107,1.42,13,34
4x4, 31028.txt, astar, manhattan,176,1.49,13,43
4x4, 31029.txt, astar, manhattan,30,1.27,13,21
4x4, 31030.txt, astar, manhattan,17,1.19,13,19
4x4, 31031.txt, astar, manhattan,13,1.15,13,17
4x4, 31032.txt, astar, manhattan,15,1.17,13,17
4x4, 31033.txt, astar, manhattan,16,1.19,13,18
4x4, 31034.txt, astar, manhattan,13,1.15,13,17
4x4, 31035.txt, astar, manhattan,34,1.29,13,22
4x4, 31036.txt, astar, manhattan,72,1.38,13,29
4x4, 31037.txt, astar, manhattan,17,1.2,13,18
4x4, 31038.txt, astar, manhattan,24,1.24,13,21
4x4, 31039.txt, astar, manhattan,69,1.36,13,28
4x4, 31040.txt, astar, manhattan,19,1.2,13,19
4x4, 31041.txt, astar, manhattan,20,1.21,13,20
4x4, 31042.txt, astar, manhattan,23,1.23,13,19
4x4, 31043.txt, astar, manhattan,150,1.46,13,39
4x4, 31044.txt, astar, manhattan,27,1.25,13,20
4x4, 61841.txt, astar, manhattan,36,1.26,14,23
4x4, 61842.txt, astar, manhattan,23,1.2,14,21
4x4, 61843.txt, astar, manhattan,46,1.29,14,26
4x4, 61844.txt, astar, manhattan,43,1.27,14,25
4x4, 61845.txt, astar, manhattan,32,1.23,14,22
4x4, 61846.txt, astar, manhattan,60,1.32,14,28
4x4, 61847.txt, astar, manhattan,4064,1.87,14,154
4x4, 61848.txt, astar, manhattan,138,1.41,14,38
4x4, 61849.txt, astar, manhattan,6267,1.94,14,182
4x4, 61850.txt, astar, manhattan,59,1.31,14,28
4x4, 61851.txt, astar, manhattan,17,1.17,14,18
4x4, 61852.txt, astar, manhattan,37,1.26,14,23
4x4, 61853.txt, astar, manhattan,222,1.47,14,48
4x4, 61854.txt, astar, manhattan,69,1.33,14,29
4x4, 61855.txt, astar, manhattan,15,1.15,14,18
4x4, 61856.txt, astar, manhattan,163,1.43,14,41
4x4, 61857.txt, astar, manhattan,99,1.37,14,33
4x4, 61858.txt, astar, manhattan,28,1.23,14,21
4x4, 61859.txt, astar, manhattan,17,1.17,14,18
4x4, 61860.txt, astar, manhattan,18,1.17,14,20
4x4, 61861.txt, astar, manhattan,120,1.4,14,37
4x4, 61862.txt, astar, manhattan,83,1.36,14,31
4x4, 61863.txt, astar, manhattan,24,1.21,14,20
4x4, 61864.txt, astar, manhattan,274,1.5,14,53
4x4, 61865.txt, astar, manhattan,22,1.2,14,19
4x4, 99975.txt, astar, manhattan,1841,1.67,15,106
4x4, 99976.txt, astar, manhattan,1633,1.66,15,104
4x4, 99977.txt, astar, manhattan,16,1.14,15,19
4x4, 99978.txt, astar, manhattan,26,1.19,15,21
4x4, 99979.txt, astar, manhattan,37,1.23,15,23
4x4, 99980.txt, astar, manhattan,21,1.17,15,19
4x4, 99981.txt, astar, manhattan,43,1.25,15,25
4x4, 99982.txt, astar, manhattan,22,1.18,15,20
4x4, 99983.txt, astar, manhattan,27,1.2,15,20
4x4, 99984.txt, astar, manhattan,27,1.2,15,21
4x4, 99985.txt, astar, manhattan,18,1.15,15,19
4x4, 99986.txt, astar, manhattan,118,1.36,15,36
4x4, 99987.txt, astar, manhattan,255,1.44,15,52
4x4, 99988.txt, astar, manhattan,42,1.24,15,24
4x4, 99989.txt, astar, manhattan,217,1.43,15,48
4x4, 99990.txt, astar, manhattan,149,1.38,15,41
4x4, 99991.txt, astar, manhattan,143,1.38,15,38
4x4, 99992.txt, astar, manhattan,109,1.36,15,34
4x4, 99993.txt, astar, manhattan,23,1.18,15,19
4x4, 99994.txt, astar, manhattan,45,1.26,15,25
4x4, 99995.txt, astar, manhattan,26,1.19,15,22
4x4, 99996.txt, astar, manhattan,21,1.17,15,19
4x4, 99997.txt, astar, manhattan,33,1.22,15,22
4x4, 99998.txt, astar, manhattan,17,1.15,15,18
4x4, 99999.txt, astar, manhattan,35,1.23,15,23
4x4, 241683.txt, astar, manhattan,131,1.34,16,38
4x4, 241684.txt, astar, manhattan,176,1.36,16,43
4x4, 241685.txt, astar, manhattan,41,1.22,16,24
4x4, 241686.txt, astar, manhattan,45,1.22,16,24
4x4, 241687.txt, astar, manhattan,20,1.15,16,19
4x4, 241688.txt, astar, manhattan,41,1.22,16,24
4x4, 241689.txt, astar, manhattan,19,1.14,16,19
4x4, 241690.txt, astar, manhattan,20,1.15,16,18
4x4, 241691.txt, astar, manhattan,14440,1.87,16,271
4x4, 241692.txt, astar, manhattan,17984,1.9,16,272
4x4, 241693.txt, astar, manhattan,4449,1.73,16,164
4x4, 241694.txt, astar, manhattan,70,1.27,16,28
4x4, 241695.txt, astar, manhattan,90,1.29,16,33
4x4, 241696.txt, astar, manhattan,12942,1.85,16,270
4x4, 241697.txt, astar, manhattan,132,1.34,16,37
4x4, 241698.txt, astar, manhattan,24,1.17,16,20
4x4, 241699.txt, astar, manhattan,1139,1.56,16,100
4x4, 241700.txt, astar, manhattan,34,1.2,16,24
4x4, 241701.txt, astar, manhattan,1236,1.57,16,93
4x4, 241702.txt, astar, manhattan,24,1.17,16,20
4x4, 241703.txt, astar, manhattan,34,1.2,16,22
4x4, 241704.txt, astar, manhattan,155,1.35,16,41
4x4, 241705.txt, astar, manhattan,30,1.19,16,21
4x4, 241706.txt, astar, manhattan,24,1.17,16,20
4x4, 241707.txt, astar, manhattan,28,1.19,16,21
4x4, 473527.txt, astar, manhattan,252,1.38,17,52
4x4, 473528.txt, astar, manhattan,190,1.34,17,46
4x4, 473529.txt, astar, manhattan,19,1.13,17,18
4x4, 473530.txt, astar, manhattan,42,1.21,17,25
4x4, 473531.txt, astar, manhattan,147,1.32,17,42
4x4, 473532.txt, astar, manhattan,36,1.19,17,23
4x4, 473533.txt, astar, manhattan,250,1.36,17,50
4x4, 473534.txt, astar, manhattan,168,1.33,17,43
4x4, 473535.txt, astar, manhattan,275,1.37,17,53
4x4, 473536.txt, astar, manhattan,9629,1.75,17,237
4x4, 473537.txt, astar, manhattan,10792,1.77,17,254
4x4, 473538.txt, astar, manhattan,20,1.13,17,18
4x4, 473539.txt, astar, manhattan,21,1.14,17,18
4x4, 473540.txt, astar, manhattan,10916,1.76,17,237
4x4, 473541.txt, astar, manhattan,6366,1.7,17,195
4x4, 473542.txt, astar, manhattan,42,1.21,17,24
4x4, 473543.txt, astar, manhattan,207,1.35,17,48
4x4, 473544.txt, astar, manhattan,79,1.26,17,31
4x4, 473545.txt, astar, manhattan,14366,1.8,17,275
4x4, 473546.txt, astar, manhattan,21,1.14,17,19
4x4, 473547.txt, astar, manhattan,761,1.48,17,80
4x4, 473548.txt, astar, manhattan,2297,1.59,17,121
4x4, 473549.txt, astar, manhattan,8680,1.74,17,227
4x4, 473550.txt, astar, manhattan,6916,1.7,17,199
4x4, 473551.txt, astar, manhattan,41,1.2,17,25
4x4, 920869.txt, astar, manhattan,243,1.34,18,51
4x4, 920870.txt, astar, manhattan,898,1.46,18,82
4x4, 920871.txt, astar, manhattan,694,1.44,18,81
4x4, 920872.txt, astar, manhattan,838,1.45,18,84
4x4, 920873.txt, astar, manhattan,92,1.25,18,32
4x4, 920874.txt, astar, manhattan,764,1.44,18,83
4x4, 920875.txt, astar, manhattan,175,1.31,18,42
4x4, 920876.txt, astar, manhattan,146,1.3,18,40
4x4, 920877.txt, astar, manhattan,2672,1.56,18,126
4x4, 920878.txt, astar, manhattan,1047,1.47,18,88
4x4, 920879.txt, astar, manhattan,23855,1.78,18,339
4x4, 920880.txt, astar, manhattan,60,1.22,18,29
4x4, 920881.txt, astar, manhattan,43,1.19,18,24
4x4, 920882.txt, astar, manhattan,726,1.44,18,81
4x4, 920883.txt, astar, manhattan,556,1.41,18,70
4x4, 920884.txt, astar, manhattan,194,1.32,18,46
4x4, 920885.txt, astar, manhattan,421,1.39,18,65
4x4, 920886.txt, astar, manhattan,3095,1.57,18,150
4x4, 920887.txt, astar, manhattan,278,1.35,18,50
4x4, 920888.txt, astar, manhattan,178,1.31,18,44
4x4, 920889.txt, astar, manhattan,39,1.18,18,24
4x4, 920890.txt, astar, manhattan,22,1.13,18,20
4x4, 920891.txt, astar, manhattan,313,1.36,18,57
4x4, 920892.txt, astar, manhattan,86,1.25,18,31
4x4, 920893.txt, astar, manhattan,206,1.32,18,47
4x4, 999975.txt, astar, manhattan,244,1.32,19,50
4x4, 999976.txt, astar, manhattan,612,1.39,19,73
4x4, 999977.txt, astar, manhattan,329,1.33,19,57
4x4, 999978.txt, astar, manhattan,2624,1.52,19,123
4x4, 999979.txt, astar, manhattan,297,1.33,19,53
4x4, 999980.txt, astar, manhattan,736,1.41,19,78
4x4, 999981.txt, astar, manhattan,312,1.34,19,53
4x4, 999982.txt, astar, manhattan,7315,1.62,19,203
4x4, 999983.txt, astar, manhattan,208,1.3,19,50
4x4, 999984.txt, astar, manhattan,308,1.33,19,54
4x4, 999985.txt, astar, manhattan,190,1.3,19,45
4x4, 999986.txt, astar, manhattan,10468,1.65,19,238
4x4, 999987.txt, astar, manhattan,50373,1.8,19,536
4x4, 999988.txt, astar, manhattan,963,1.43,19,91
4x4, 999989.txt, astar, manhattan,2212,1.51,19,123
4x4, 999990.txt, astar, manhattan,144,1.27,19,40
4x4, 999991.txt, astar, manhattan,250,1.32,19,54
4x4, 999992.txt, astar, manhattan,163,1.28,19,44
4x4, 999993.txt, astar, manhattan,343,1.34,19,56
4x4, 999994.txt, astar, manhattan,153,1.28,19,40
4x4, 999995.txt, astar, manhattan,254,1.32,19,51
4x4, 999996.txt, astar, manhattan,1843,1.49,19,108
4x4, 999997.txt, astar, manhattan,568,1.39,19,80
4x4, 999998.txt, astar, manhattan,2467,1.52,19,126
4x4, 999999.txt, astar, manhattan,491,1.38,19,69
4x4, 3417996.txt, astar, manhattan,6533,1.56,20,189
4x4, 3417997.txt, astar, manhattan,2252,1.47,20,115
4x4, 3417998.txt, astar, manhattan,3104,1.5,20,136
4x4, 3417999.txt, astar, manhattan,775,1.39,20,84
4x4, 3418000.txt, astar, manhattan,23,1.11,20,20
4x4, 3418001.txt, astar, manhattan,345810,1.93,20,2350
4x4, 3418002.txt, astar, manhattan,18764,1.65,20,286
4x4, 3418003.txt, astar, manhattan,10259,1.6,20,231
4x4, 3418004.txt, astar, manhattan,32,1.13,20,22
4x4, 3418005.txt, astar, manhattan,187,1.27,20,44
4x4, 3418006.txt, astar, manhattan,1649,1.44,20,101
4x4, 3418007.txt, astar, manhattan,416,1.34,20,62
4x4, 3418008.txt, astar, manhattan,141,1.26,20,39
4x4, 3418009.txt, astar, manhattan,4576,1.54,20,173
4x4, 3418010.txt, astar, manhattan,11545,1.62,20,255
4x4, 3418011.txt, astar, manhattan,2416,1.47,20,117
4x4, 3418012.txt, astar, manhattan,599,1.37,20,75
4x4, 3418013.txt, astar, manhattan,1401,1.43,20,97
4x4, 3418014.txt, astar, manhattan,830,1.39,20,81
4x4, 3418015.txt, astar, manhattan,301,1.31,20,54
4x4, 3418016.txt, astar, manhattan,758,1.39,20,81
4x4, 3418017.txt, astar, manhattan,22150,1.67,20,311
4x4, 3418018.txt, astar, manhattan,2246,1.47,20,115
4x4, 3418019.txt, astar, manhattan,165,1.26,20,42
4x4, 3418020.txt, astar, manhattan,128346,1.83,20,976
3x3,     1.txt, astar, NMaxSwap,1,3.0,1,42
3x3,     2.txt, astar, NMaxSwap,1,3.0,1,19
3x3,     3.txt, astar, NMaxSwap,2,2.19,2,20
3x3,     4.txt, astar, NMaxSwap,2,1.79,2,20
3x3,     5.txt, astar, NMaxSwap,0,1.0,0,4
3x3,     6.txt, astar, NMaxSwap,2,2.19,2,20
3x3,     7.txt, astar, NMaxSwap,2,1.79,2,20
3x3,    10.txt, astar, NMaxSwap,3,1.58,3,20
3x3,    11.txt, astar, NMaxSwap,3,1.74,3,20
3x3,    12.txt, astar, NMaxSwap,3,1.74,3,20
3x3,    13.txt, astar, NMaxSwap,3,1.74,3,26
3x3,    14.txt, astar, NMaxSwap,3,1.74,3,21
3x3,    15.txt, astar, NMaxSwap,3,1.74,3,20
3x3,     8.txt, astar, NMaxSwap,3,1.74,3,20
3x3,     9.txt, astar, NMaxSwap,3,1.58,3,21
3x3,    16.txt, astar, NMaxSwap,4,1.49,4,20
3x3,    17.txt, astar, NMaxSwap,4,1.49,4,21
3x3,    18.txt, astar, NMaxSwap,4,1.49,4,21
3x3,    19.txt, astar, NMaxSwap,4,1.49,4,22
3x3,    20.txt, astar, NMaxSwap,4,1.49,4,21
3x3,    21.txt, astar, NMaxSwap,4,1.49,4,21
3x3,    22.txt, astar, NMaxSwap,4,1.4,4,20
3x3,    23.txt, astar, NMaxSwap,4,1.4,4,20
3x3,    24.txt, astar, NMaxSwap,4,1.49,4,21
3x3,    25.txt, astar, NMaxSwap,4,1.49,4,21
3x3,    26.txt, astar, NMaxSwap,4,1.49,4,21
3x3,    27.txt, astar, NMaxSwap,5,1.61,4,21
3x3,    28.txt, astar, NMaxSwap,4,1.49,4,21
3x3,    29.txt, astar, NMaxSwap,4,1.49,4,21
3x3,    30.txt, astar, NMaxSwap,4,1.49,4,22
3x3,    31.txt, astar, NMaxSwap,5,1.61,4,23
3x3,    32.txt, astar, NMaxSwap,5,1.39,5,23
3x3,    33.txt, astar, NMaxSwap,11,1.71,5,24
3x3,    34.txt, astar, NMaxSwap,5,1.34,5,22
3x3,    35.txt, astar, NMaxSwap,5,1.39,5,23
3x3,    36.txt, astar, NMaxSwap,5,1.39,5,21
3x3,    37.txt, astar, NMaxSwap,7,1.48,5,23
3x3,    38.txt, astar, NMaxSwap,5,1.39,5,23
3x3,    39.txt, astar, NMaxSwap,5,1.39,5,22
3x3,    40.txt, astar, NMaxSwap,5,1.39,5,21
3x3,    41.txt, astar, NMaxSwap,6,1.44,5,22
3x3,    42.txt, astar, NMaxSwap,5,1.39,5,22
3x3,    43.txt, astar, NMaxSwap,5,1.39,5,21
3x3,    44.txt, astar, NMaxSwap,6,1.48,5,23
3x3,    45.txt, astar, NMaxSwap,5,1.39,5,23
3x3,    46.txt, astar, NMaxSwap,5,1.39,5,22
3x3,    47.txt, astar, NMaxSwap,5,1.34,5,22
3x3,    48.txt, astar, NMaxSwap,5,1.39,5,23
3x3,    49.txt, astar, NMaxSwap,7,1.52,5,23
3x3,    50.txt, astar, NMaxSwap,5,1.39,5,24
3x3,    51.txt, astar, NMaxSwap,14,1.82,5,28
3x3,    66.txt, astar, NMaxSwap,11,1.51,6,24
3x3,    67.txt, astar, NMaxSwap,7,1.39,6,23
3x3,    68.txt, astar, NMaxSwap,9,1.45,6,25
3x3,    69.txt, astar, NMaxSwap,13,1.57,6,26
3x3,    70.txt, astar, NMaxSwap,6,1.31,6,23
3x3,    71.txt, astar, NMaxSwap,7,1.36,6,25
3x3,    72.txt, astar, NMaxSwap,26,1.83,6,32
3x3,    73.txt, astar, NMaxSwap,6,1.31,6,23
3x3,    74.txt, astar, NMaxSwap,6,1.27,6,21
3x3,    75.txt, astar, NMaxSwap,7,1.36,6,23
3x3,    76.txt, astar, NMaxSwap,15,1.65,6,26
3x3,    77.txt, astar, NMaxSwap,10,1.49,6,24
3x3,    78.txt, astar, NMaxSwap,6,1.31,6,22
3x3,    79.txt, astar, NMaxSwap,6,1.31,6,25
3x3,    80.txt, astar, NMaxSwap,13,1.54,6,25
3x3,    81.txt, astar, NMaxSwap,10,1.49,6,24
3x3,    82.txt, astar, NMaxSwap,6,1.31,6,22
3x3,    83.txt, astar, NMaxSwap,10,1.49,6,26
3x3,    84.txt, astar, NMaxSwap,7,1.36,6,22
3x3,    85.txt, astar, NMaxSwap,7,1.39,6,22
3x3,    86.txt, astar, NMaxSwap,7,1.36,6,22
3x3,    87.txt, astar, NMaxSwap,7,1.34,6,22
3x3,    88.txt, astar, NMaxSwap,6,1.27,6,21
3x3,    89.txt, astar, NMaxSwap,6,1.31,6,22
3x3,    90.txt, astar, NMaxSwap,9,1.45,6,24
3x3,   137.txt, astar, NMaxSwap,7,1.27,7,23
3x3,   138.txt, astar, NMaxSwap,14,1.46,7,26
3x3,   139.txt, astar, NMaxSwap,11,1.4,7,28
3x3,   140.txt, astar, NMaxSwap,111,2.08,7,51
3x3,   141.txt, astar, NMaxSwap,11,1.4,7,24
3x3,   142.txt, astar, NMaxSwap,25,1.62,7,31
3x3,   143.txt, astar, NMaxSwap,25,1.61,7,31
3x3,   144.txt, astar, NMaxSwap,14,1.46,7,26
3x3,   145.txt, astar, NMaxSwap,7,1.27,7,23
3x3,   146.txt, astar, NMaxSwap,8,1.32,7,24
3x3,   147.txt, astar, NMaxSwap,17,1.5,7,27
3x3,   148.txt, astar, NMaxSwap,35,1.71,7,35
3x3,   149.txt, astar, NMaxSwap,131,2.12,7,58
3x3,   150.txt, astar, NMaxSwap,19,1.52,7,29
3x3,   151.txt, astar, NMaxSwap,10,1.37,7,24
3x3,   152.txt, astar, NMaxSwap,9,1.34,7,24
3x3,    91.txt, astar, NMaxSwap,7,1.27,7,23
3x3,    92.txt, astar, NMaxSwap,15,1.47,7,26
3x3,    93.txt, astar, NMaxSwap,7,1.27,7,24
3x3,    94.txt, astar, NMaxSwap,14,1.46,7,26
3x3,    95.txt, astar, NMaxSwap,24,1.61,7,31
3x3,    96.txt, astar, NMaxSwap,12,1.41,7,24
3x3,    97.txt, astar, NMaxSwap,8,1.31,7,25
3x3,    98.txt, astar, NMaxSwap,23,1.58,7,29
3x3,    99.txt, astar, NMaxSwap,8,1.32,7,23
3x3,   244.txt, astar, NMaxSwap,42,1.61,8,36
3x3,   245.txt, astar, NMaxSwap,12,1.33,8,28
3x3,   246.txt, astar, NMaxSwap,21,1.46,8,31
3x3,   247.txt, astar, NMaxSwap,12,1.33,8,29
3x3,   248.txt, astar, NMaxSwap,46,1.64,8,41
3x3,   249.txt, astar, NMaxSwap,9,1.25,8,25
3x3,   250.txt, astar, NMaxSwap,398,2.24,8,92
3x3,   251.txt, astar, NMaxSwap,32,1.54,8,35
3x3,   252.txt, astar, NMaxSwap,15,1.37,8,27
3x3,   253.txt, astar, NMaxSwap,12,1.33,8,27
3x3,   254.txt, astar, NMaxSwap,10,1.29,8,25
3x3,   255.txt, astar, NMaxSwap,22,1.46,8,30
3x3,   256.txt, astar, NMaxSwap,18,1.41,8,27
3x3,   257.txt, astar, NMaxSwap,130,1.9,8,53
3x3,   258.txt, astar, NMaxSwap,12,1.33,8,25
3x3,   259.txt, astar, NMaxSwap,79,1.8,8,46
3x3,   260.txt, astar, NMaxSwap,231,2.06,8,69
3x3,   261.txt, astar, NMaxSwap,15,1.37,8,27
3x3,   262.txt, astar, NMaxSwap,108,1.86,8,50
3x3,   263.txt, astar, NMaxSwap,16,1.38,8,27
3x3,   264.txt, astar, NMaxSwap,18,1.41,8,26
3x3,   265.txt, astar, NMaxSwap,9,1.27,8,23
3x3,   266.txt, astar, NMaxSwap,28,1.52,8,30
3x3,   267.txt, astar, NMaxSwap,9,1.27,8,24
3x3,   268.txt, astar, NMaxSwap,16,1.38,8,26
3x3,   396.txt, astar, NMaxSwap,25,1.41,9,29
3x3,   397.txt, astar, NMaxSwap,375,2.01,9,88
3x3,   398.txt, astar, NMaxSwap,353,1.99,9,85
3x3,   399.txt, astar, NMaxSwap,40,1.49,9,35
3x3,   400.txt, astar, NMaxSwap,62,1.45,11,41
3x3,   401.txt, astar, NMaxSwap,26,1.42,9,31
3x3,   402.txt, astar, NMaxSwap,41,1.5,9,35
3x3,   403.txt, astar, NMaxSwap,211,1.87,9,66
3x3,   404.txt, astar, NMaxSwap,99,1.7,9,49
3x3,   405.txt, astar, NMaxSwap,77,1.64,9,44
3x3,   406.txt, astar, NMaxSwap,43,1.51,9,34
3x3,   407.txt, astar, NMaxSwap,55,1.56,9,37
3x3,   408.txt, astar, NMaxSwap,26,1.42,9,30
3x3,   409.txt, astar, NMaxSwap,39,1.5,9,35
3x3,   410.txt, astar, NMaxSwap,88,1.69,9,45
3x3,   411.txt, astar, NMaxSwap,191,1.87,9,65
3x3,   412.txt, astar, NMaxSwap,22,1.39,9,30
3x3,   413.txt, astar, NMaxSwap,21,1.38,9,29
3x3,   414.txt, astar, NMaxSwap,52,1.54,9,37
3x3,   415.txt, astar, NMaxSwap,41,1.51,9,36
3x3,   416.txt, astar, NMaxSwap,257,1.93,9,75
3x3,   417.txt, astar, NMaxSwap,80,1.65,9,45
3x3,   418.txt, astar, NMaxSwap,123,1.75,9,53
3x3,   419.txt, astar, NMaxSwap,21,1.38,9,29
3x3,   420.txt, astar, NMaxSwap,27,1.43,9,31
3x3,   682.txt, astar, NMaxSwap,261,1.78,10,73
3x3,   683.txt, astar, NMaxSwap,1539,2.18,10,149
3x3,   684.txt, astar, NMaxSwap,726,1.99,10,107
3x3,   685.txt, astar, NMaxSwap,931,2.05,10,114
3x3,   686.txt, astar, NMaxSwap,95,1.59,10,47
3x3,   687.txt, astar, NMaxSwap,27,1.35,10,30
3x3,   688.txt, astar, NMaxSwap,1456,2.14,10,137
3x3,   689.txt, astar, NMaxSwap,55,1.48,10,39
3x3,   690.txt, astar, NMaxSwap,59,1.51,10,41
3x3,   691.txt, astar, NMaxSwap,524,1.94,10,99
3x3,   692.txt, astar, NMaxSwap,82,1.56,10,45
3x3,   693.txt, astar, NMaxSwap,975,2.08,10,124
3x3,   694.txt, astar, NMaxSwap,50,1.48,10,38
3x3,   695.txt, astar, NMaxSwap,38,1.41,10,34
3x3,   696.txt, astar, NMaxSwap,590,1.97,10,104
3x3,   697.txt, astar, NMaxSwap,199,1.75,10,65
3x3,   698.txt, astar, NMaxSwap,162,1.7,10,60
3x3,   699.txt, astar, NMaxSwap,80,1.56,10,45
3x3,   700.txt, astar, NMaxSwap,115,1.62,10,51
3x3,   701.txt, astar, NMaxSwap,23,1.34,10,29
3x3,   702.txt, astar, NMaxSwap,23,1.33,10,29
3x3,   703.txt, astar, NMaxSwap,185,1.72,10,63
3x3,   704.txt, astar, NMaxSwap,33,1.39,10,33
3x3,   705.txt, astar, NMaxSwap,239,1.76,10,70
3x3,   706.txt, astar, NMaxSwap,421,1.89,10,88
3x3,   975.txt, astar, NMaxSwap,715,1.88,11,111
3x3,   976.txt, astar, NMaxSwap,107,1.54,11,51
3x3,   977.txt, astar, NMaxSwap,171,1.59,11,59
3x3,   978.txt, astar, NMaxSwap,553,1.82,11,104
3x3,   979.txt, astar, NMaxSwap,106,1.52,11,50
3x3,   980.txt, astar, NMaxSwap,754,1.87,11,110
3x3,   981.txt, astar, NMaxSwap,1205,1.96,11,126
3x3,   982.txt, astar, NMaxSwap,663,1.86,11,109
3x3,   983.txt, astar, NMaxSwap,305,1.71,11,79
3x3,   984.txt, astar, NMaxSwap,6833,2.32,11,248
3x3,   985.txt, astar, NMaxSwap,3460,2.2,11,207
3x3,   986.txt, astar, NMaxSwap,79,1.49,11,45
3x3,   987.txt, astar, NMaxSwap,306,1.71,11,76
3x3,   988.txt, astar, NMaxSwap,79,1.49,11,45
3x3,   989.txt, astar, NMaxSwap,133,1.56,11,57
3x3,   990.txt, astar, NMaxSwap,96,1.51,11,46
3x3,   991.txt, astar, NMaxSwap,11830,2.47,11,353
3x3,   992.txt, astar, NMaxSwap,46,1.39,11,37
3x3,   993.txt, astar, NMaxSwap,2858,1.88,13,185
3x3,   994.txt, astar, NMaxSwap,43,1.39,11,36
3x3,   995.txt, astar, NMaxSwap,400,1.75,11,89
3x3,   996.txt, astar, NMaxSwap,408,1.76,11,89
3x3,   997.txt, astar, NMaxSwap,5684,2.3,11,254
3x3,   998.txt, astar, NMaxSwap,1347,1.99,11,136
3x3,   999.txt, astar, NMaxSwap,72,1.47,11,43
3x3,  1826.txt, astar, NMaxSwap,15072,2.31,12,360
3x3,  1827.txt, astar, NMaxSwap,259,1.59,12,74
3x3,  1828.txt, astar, NMaxSwap,62,1.39,12,42
3x3,  1829.txt, astar, NMaxSwap,39,1.33,12,35
3x3,  1830.txt, astar, NMaxSwap,640,1.74,12,100
3x3,  1831.txt, astar, NMaxSwap,219,1.59,12,71
3x3,  1832.txt, astar, NMaxSwap,914,1.82,12,125
3x3,  1833.txt, astar, NMaxSwap,6620,2.16,12,280
3x3,  1834.txt, astar, NMaxSwap,4330,2.09,12,224
3x3,  1835.txt, astar, NMaxSwap,8354,2.2,12,291
3x3,  1836.txt, astar, NMaxSwap,399,1.67,12,88
3x3,  1837.txt, astar, NMaxSwap,16505,2.33,12,369
3x3,  1838.txt, astar, NMaxSwap,171,1.53,12,63
3x3,  1839.txt, astar, NMaxSwap,6976,2.16,12,283
3x3,  1840.txt, astar, NMaxSwap,4902,2.1,12,243
3x3,  1841.txt, astar, NMaxSwap,3909,2.04,12,220
3x3,  1842.txt, astar, NMaxSwap,247,1.6,12,73
3x3,  1843.txt, astar, NMaxSwap,760,1.77,12,108
3x3,  1844.txt, astar, NMaxSwap,5015,2.11,12,261
3x3,  1845.txt, astar, NMaxSwap,2542,1.98,12,177
3x3,  1846.txt, astar, NMaxSwap,420,1.68,12,94
3x3,  1847.txt, astar, NMaxSwap,3599,2.05,12,215
3x3,  1848.txt, astar, NMaxSwap,298,1.64,12,81
3x3,  1849.txt, astar, NMaxSwap,570,1.72,12,101
3x3,  1850.txt, astar, NMaxSwap,6958,2.16,12,272
3x3,  2850.txt, astar, NMaxSwap,792,1.69,13,109
3x3,  2851.txt, astar, NMaxSwap,1332,1.76,13,136
3x3,  2852.txt, astar, NMaxSwap,170,1.47,13,60
3x3,  2853.txt, astar, NMaxSwap,387,1.59,13,86
3x3,  2854.txt, astar, NMaxSwap,14577,2.17,13,364
3x3,  2855.txt, astar, NMaxSwap,1084,1.74,13,125
3x3,  2856.txt, astar, NMaxSwap,8405,2.07,13,308
3x3,  2857.txt, astar, NMaxSwap,25083,2.27,13,467
3x3,  2858.txt, astar, NMaxSwap,1593,1.8,13,145
3x3,  2859.txt, astar, NMaxSwap,1389,1.77,13,139
3x3,  2860.txt, astar, NMaxSwap,986,1.73,13,124
3x3,  2861.txt, astar, NMaxSwap,23613,2.24,13,409
3x3,  2862.txt, astar, NMaxSwap,324545,2.77,13,2464
3x3,  2863.txt, astar, NMaxSwap,11237,2.11,13,313
3x3,  2864.txt, astar, NMaxSwap,23936,2.24,13,408
3x3,  2865.txt, astar, NMaxSwap,348,1.57,13,81
3x3,  2866.txt, astar, NMaxSwap,68,1.36,13,43
3x3,  2867.txt, astar, NMaxSwap,48,1.32,13,37
3x3,  2868.txt, astar, NMaxSwap,684,1.67,13,108
3x3,  2869.txt, astar, NMaxSwap,2008,1.83,13,152
3x3,  2870.txt, astar, NMaxSwap,108,1.42,13,51
3x3,  2871.txt, astar, NMaxSwap,178,1.48,13,62
3x3,  2872.txt, astar, NMaxSwap,11574,2.11,13,313
3x3,  2873.txt, astar, NMaxSwap,63,1.35,13,42
3x3,  2874.txt, astar, NMaxSwap,173,1.48,13,62
3x3,  4743.txt, astar, NMaxSwap,5657,1.9,14,257
3x3,  4744.txt, astar, NMaxSwap,550059,2.67,14,3818
3x3,  4745.txt, astar, NMaxSwap,23142,2.12,14,437
3x3,  4746.txt, astar, NMaxSwap,1264,1.68,14,134
3x3,  4747.txt, astar, NMaxSwap,1733,1.74,14,157
3x3,  4748.txt, astar, NMaxSwap,2657,1.79,14,186
3x3,  4749.txt, astar, NMaxSwap,7661,1.95,14,300
3x3,  4750.txt, astar, NMaxSwap,1959,1.74,14,162
3x3,  4751.txt, astar, NMaxSwap,9634,1.97,14,295
3x3,  4752.txt, astar, NMaxSwap,4648,1.86,14,237
3x3,  4753.txt, astar, NMaxSwap,78,1.34,14,47
3x3,  4754.txt, astar, NMaxSwap,6758,1.76,16,315
3x3,  4755.txt, astar, NMaxSwap,6564,1.92,14,243
3x3,  4756.txt, astar, NMaxSwap,2148,1.75,14,153
3x3,  4757.txt, astar, NMaxSwap,56665,2.26,14,632
3x3,  4758.txt, astar, NMaxSwap,1974,1.75,14,151
3x3,  4759.txt, astar, NMaxSwap,49772,2.25,14,618
3x3,  4760.txt, astar, NMaxSwap,14943,2.05,14,354
3x3,  4761.txt, astar, NMaxSwap,110,1.38,14,50
3x3,  4762.txt, astar, NMaxSwap,599166,2.69,14,4173
3x3,  4763.txt, astar, NMaxSwap,2140,1.76,14,159
3x3,  4764.txt, astar, NMaxSwap,26648,2.13,14,406
3x3,  4765.txt, astar, NMaxSwap,374,1.52,14,83
3x3,  4766.txt, astar, NMaxSwap,85470,2.32,14,843
3x3,  4767.txt, astar, NMaxSwap,32548,2.16,14,510
3x3,  7255.txt, astar, NMaxSwap,25054,2.02,15,433
3x3,  7256.txt, astar, NMaxSwap,8158,1.72,17,296
3x3,  7257.txt, astar, NMaxSwap,17162,1.97,15,356
3x3,  7258.txt, astar, NMaxSwap,19166,1.97,15,354
3x3,  7259.txt, astar, NMaxSwap,24387,2.02,15,428
3x3,  7260.txt, astar, NMaxSwap,114453,2.26,15,1109
3x3,  7261.txt, astar, NMaxSwap,74547,2.19,15,799
3x3,  7262.txt, astar, NMaxSwap,1384673,2.66,15,30419
3x3,  7263.txt, astar, NMaxSwap,175901,2.31,15,1403
3x3,  7264.txt, astar, NMaxSwap,209873,2.34,15,1599
3x3,  7265.txt, astar, NMaxSwap,69371,2.17,15,734
3x3,  7266.txt, astar, NMaxSwap,30939,2.05,15,459
3x3,  7267.txt, astar, NMaxSwap,187,1.4,15,62
3x3,  7268.txt, astar, NMaxSwap,139989,2.27,15,1200
3x3,  7269.txt, astar, NMaxSwap,111355,2.24,15,1046
3x3,  7270.txt, astar, NMaxSwap,707891,2.54,15,4885
3x3,  7271.txt, astar, NMaxSwap,10801,1.89,15,284
3x3,  7272.txt, astar, NMaxSwap,13266,1.92,15,309
3x3,  7273.txt, astar, NMaxSwap,2034,1.68,15,155
3x3,  7274.txt, astar, NMaxSwap,3140,1.73,15,179
3x3,  7275.txt, astar, NMaxSwap,213754,2.34,15,1624
3x3,  7276.txt, astar, NMaxSwap,132226,2.26,15,1142
3x3,  7277.txt, astar, NMaxSwap,68368,2.16,15,738
3x3,  7278.txt, astar, NMaxSwap,49336,2.11,15,573
3x3,  7279.txt, astar, NMaxSwap,15872,1.95,15,327
3x3,  9975.txt, astar, NMaxSwap,67644,2.05,16,700
3x3,  9976.txt, astar, NMaxSwap,75138,2.06,16,762
3x3,  9977.txt, astar, NMaxSwap,4015,1.7,16,207
3x3,  9978.txt, astar, NMaxSwap,9549,1.8,16,286
3x3,  9979.txt, astar, NMaxSwap,146679,2.17,16,1307
3x3,  9980.txt, astar, NMaxSwap,50853,2.02,16,612
3x3,  9981.txt, astar, NMaxSwap,17680,1.88,16,345
3x3,  9982.txt, astar, NMaxSwap,6439,1.76,16,249
3x3,  9983.txt, astar, NMaxSwap,150657,2.16,16,1271
3x3,  9984.txt, astar, NMaxSwap,77284,2.08,16,787
3x3,  9985.txt, astar, NMaxSwap,70697,2.06,16,724
3x3,  9986.txt, astar, NMaxSwap,19292,1.89,16,364
3x3,  9987.txt, astar, NMaxSwap,85416,2.09,16,875
3x3,  9988.txt, astar, NMaxSwap,4885,1.72,16,225
3x3,  9989.txt, astar, NMaxSwap,9222,1.79,16,275
3x3,  9990.txt, astar, NMaxSwap,17880,1.87,16,334
3x3,  9991.txt, astar, NMaxSwap,5231,1.73,16,222
3x3,  9992.txt, astar, NMaxSwap,19185,1.89,16,352
3x3,  9993.txt, astar, NMaxSwap,10690,1.8,16,285
3x3,  9994.txt, astar, NMaxSwap,90906,2.09,16,847
3x3,  9995.txt, astar, NMaxSwap,98326,2.11,16,1001
3x3,  9996.txt, astar, NMaxSwap,129973,2.14,16,1185
3x3,  9997.txt, astar, NMaxSwap,8438,1.78,16,264
3x3,  9998.txt, astar, NMaxSwap,55173,1.87,18,659
3x3,  9999.txt, astar, NMaxSwap,27512,1.94,16,435
3x3, 17378.txt, astar, NMaxSwap,11275,1.76,17,304
3x3, 17379.txt, astar, NMaxSwap,130161,2.05,17,1146
3x3, 17380.txt, astar, NMaxSwap,228287,2.12,17,1816
3x3, 17381.txt, astar, NMaxSwap,821704,2.3,17,5884
3x3, 17382.txt, astar, NMaxSwap,453618,2.21,17,3278
3x3, 17383.txt, astar, NMaxSwap,1892725,2.43,17,31955
3x3, 17384.txt, astar, NMaxSwap,26968,1.85,17,423
3x3, 17385.txt, astar, NMaxSwap,45553,1.92,17,570
3x3, 17386.txt, astar, NMaxSwap,525594,2.24,17,3972
3x3, 17387.txt, astar, NMaxSwap,148811,2.07,17,1385
3x3, 17388.txt, astar, NMaxSwap,51395,1.93,17,612
3x3, 17389.txt, astar, NMaxSwap,198139,2.11,17,1674
3x3, 17390.txt, astar, NMaxSwap,5819123,2.57,17,108935
3x3, 17391.txt, astar, NMaxSwap,619519,2.26,17,4678
3x3, 17392.txt, astar, NMaxSwap,165509,1.91,19,1407
3x3, 17393.txt, astar, NMaxSwap,354533,2.18,17,2644
3x3, 17394.txt, astar, NMaxSwap,463953,2.22,17,3551
3x3, 17395.txt, astar, NMaxSwap,63048,1.95,17,689
3x3, 17396.txt, astar, NMaxSwap,2336470,2.44,17,48625
3x3, 17397.txt, astar, NMaxSwap,1044969,2.32,17,7243
3x3, 17398.txt, astar, NMaxSwap,44193,1.92,17,557
3x3, 17399.txt, astar, NMaxSwap,42161,1.91,17,562
3x3, 17400.txt, astar, NMaxSwap,30187,1.86,17,428
3x3, 17401.txt, astar, NMaxSwap,43929,1.91,17,573
3x3, 17402.txt, astar, NMaxSwap,310143,2.16,17,2304
3x3, 26907.txt, astar, NMaxSwap,600641,2.15,18,4450
3x3, 26908.txt, astar, NMaxSwap,376438,2.08,18,2723
3x3, 26909.txt, astar, NMaxSwap,121421,1.95,18,1042
3x3, 26910.txt, astar, NMaxSwap,57673,1.86,18,650
3x3, 26911.txt, astar, NMaxSwap,697387,1.99,20,4902
3x3, 26912.txt, astar, NMaxSwap,155450,1.98,18,1272
3x3, 26913.txt, astar, NMaxSwap,76998,1.9,18,767
3x3, 26914.txt, astar, NMaxSwap,2076194,2.32,18,49941
3x3, 26915.txt, astar, NMaxSwap,91776,1.92,18,888
3x3, 26916.txt, astar, NMaxSwap,4856,1.61,18,222
3x3, 26917.txt, astar, NMaxSwap,157750,1.84,20,1287
3x3, 26918.txt, astar, NMaxSwap,226773,2.03,18,1774
3x3, 26919.txt, astar, NMaxSwap,982193,2.21,18,7166
3x3, 26920.txt, astar, NMaxSwap,465651,2.12,18,3449
3x3, 26921.txt, astar, NMaxSwap,221423,2.02,18,1860
3x3, 26922.txt, astar, NMaxSwap,195169,2.02,18,1773
3x3, 26923.txt, astar, NMaxSwap,702847,2.16,18,5231
3x3, 26924.txt, astar, NMaxSwap,1275426,2.24,18,30071
3x3, 26925.txt, astar, NMaxSwap,132695,1.97,18,1188
3x3, 26926.txt, astar, NMaxSwap,117266,1.95,18,1094
3x3, 26927.txt, astar, NMaxSwap,214278,2.02,18,1825
3x3, 26928.txt, astar, NMaxSwap,137270,1.96,18,1234
3x3, 26929.txt, astar, NMaxSwap,95167,1.93,18,970
3x3, 26930.txt, astar, NMaxSwap,259074,2.04,18,1965
3x3, 26931.txt, astar, NMaxSwap,498047,2.12,18,3753
3x3, 37785.txt, astar, NMaxSwap,960609,2.11,19,7038
3x3, 37786.txt, astar, NMaxSwap,42610,1.77,19,534
3x3, 37787.txt, astar, NMaxSwap,297811,1.97,19,2339
3x3, 37788.txt, astar, NMaxSwap,655254,1.92,21,4651
3x3, 37789.txt, astar, NMaxSwap,5276456,2.32,19,107826
3x3, 37790.txt, astar, NMaxSwap,806401,2.09,19,5568
3x3, 37791.txt, astar, NMaxSwap,2693370,2.23,19,51595
3x3, 37792.txt, astar, NMaxSwap,1038765,2.12,19,7500
3x3, 37793.txt, astar, NMaxSwap,248461,1.96,19,2092
3x3, 37794.txt, astar, NMaxSwap,10222757,2.41,19,513017
3x3, 37795.txt, astar, NMaxSwap,817496,2.09,19,5928
3x3, 37796.txt, astar, NMaxSwap,605275,1.91,21,4360
3x3, 37797.txt, astar, NMaxSwap,1601507,2.17,19,31613
3x3, 37798.txt, astar, NMaxSwap,1854785,2.03,21,33334
3x3, 37799.txt, astar, NMaxSwap,185100,1.93,19,1656
3x3, 37800.txt, astar, NMaxSwap,313073,1.98,19,2358
3x3, 37801.txt, astar, NMaxSwap,569559,2.04,19,4311
3x3, 37802.txt, astar, NMaxSwap,2488429,2.05,21,50268
3x3, 37803.txt, astar, NMaxSwap,930054,2.11,19,6915
3x3, 37804.txt, astar, NMaxSwap,51639,1.79,19,613
