3x3,     1.txt, astar, disjointPDBVertical,     1, 3.00,     1,  4864
3x3,     2.txt, astar, disjointPDBVertical,     1, 3.00,     1,  4746
3x3,     3.txt, astar, disjointPDBVertical,     2, 2.19,     2,  4967
3x3,     4.txt, astar, disjointPDBVertical,     2, 1.79,     2,  4779
3x3,     5.txt, astar, disjointPDBVertical,     0, 1.00,     0,     3
3x3,     6.txt, astar, disjointPDBVertical,     2, 2.19,     2,  4851
3x3,     7.txt, astar, disjointPDBVertical,     2, 1.79,     2,  4702
3x3,    10.txt, astar, disjointPDBVertical,     3, 1.58,     3,  4701
3x3,    11.txt, astar, disjointPDBVertical,     3, 1.74,     3,  4680
3x3,    12.txt, astar, disjointPDBVertical,     3, 1.74,     3,  4770
3x3,    13.txt, astar, disjointPDBVertical,     3, 1.74,     3,  4838
3x3,    14.txt, astar, disjointPDBVertical,     3, 1.74,     3,  4736
3x3,    15.txt, astar, disjointPDBVertical,     3, 1.74,     3,  4833
3x3,     8.txt, astar, disjointPDBVertical,     3, 1.74,     3,  4807
3x3,     9.txt, astar, disjointPDBVertical,     3, 1.58,     3,  4777
3x3,    16.txt, astar, disjointPDBVertical,     4, 1.49,     4,  4800
3x3,    17.txt, astar, disjointPDBVertical,     4, 1.49,     4,  4718
3x3,    18.txt, astar, disjointPDBVertical,     4, 1.49,     4,  4701
3x3,    19.txt, astar, disjointPDBVertical,     4, 1.49,     4,  4761
3x3,    20.txt, astar, disjointPDBVertical,     4, 1.49,     4,  4721
3x3,    21.txt, astar, disjointPDBVertical,     4, 1.49,     4,  4867
3x3,    22.txt, astar, disjointPDBVertical,     4, 1.40,     4,  4698
3x3,    23.txt, astar, disjointPDBVertical,     4, 1.40,     4,  4727
3x3,    24.txt, astar, disjointPDBVertical,     4, 1.49,     4,  4685
3x3,    25.txt, astar, disjointPDBVertical,     4, 1.49,     4,  4759
3x3,    26.txt, astar, disjointPDBVertical,     4, 1.49,     4,  4916
3x3,    27.txt, astar, disjointPDBVertical,     4, 1.49,     4,  4799
3x3,    28.txt, astar, disjointPDBVertical,     4, 1.49,     4,  4704
3x3,    29.txt, astar, disjointPDBVertical,     4, 1.49,     4,  4687
3x3,    30.txt, astar, disjointPDBVertical,     4, 1.49,     4,  4754
3x3,    31.txt, astar, disjointPDBVertical,     4, 1.49,     4,  4702
3x3,    32.txt, astar, disjointPDBVertical,     5, 1.39,     5,  4763
3x3,    33.txt, astar, disjointPDBVertical,     5, 1.39,     5,  4725
3x3,    34.txt, astar, disjointPDBVertical,     5, 1.34,     5,  4742
3x3,    35.txt, astar, disjointPDBVertical,     5, 1.39,     5,  4723
3x3,    36.txt, astar, disjointPDBVertical,     5, 1.39,     5,  4728
3x3,    37.txt, astar, disjointPDBVertical,     5, 1.39,     5,  4734
3x3,    38.txt, astar, disjointPDBVertical,     5, 1.39,     5,  4713
3x3,    39.txt, astar, disjointPDBVertical,     5, 1.39,     5,  4750
3x3,    40.txt, astar, disjointPDBVertical,     5, 1.39,     5,  4727
3x3,    41.txt, astar, disjointPDBVertical,     5, 1.39,     5,  4795
3x3,    42.txt, astar, disjointPDBVertical,     5, 1.39,     5,  4750
3x3,    43.txt, astar, disjointPDBVertical,     5, 1.39,     5,  4719
3x3,    44.txt, astar, disjointPDBVertical,     5, 1.39,     5,  4747
3x3,    45.txt, astar, disjointPDBVertical,     5, 1.39,     5,  4713
3x3,    46.txt, astar, disjointPDBVertical,     5, 1.39,     5,  4650
3x3,    47.txt, astar, disjointPDBVertical,     5, 1.34,     5,  4711
3x3,    48.txt, astar, disjointPDBVertical,     5, 1.39,     5,  4790
3x3,    49.txt, astar, disjointPDBVertical,     5, 1.39,     5,  4755
3x3,    50.txt, astar, disjointPDBVertical,     5, 1.39,     5,  4710
3x3,    51.txt, astar, disjointPDBVertical,     5, 1.39,     5,  4754
3x3,    66.txt, astar, disjointPDBVertical,     6, 1.31,     6,  4850
3x3,    67.txt, astar, disjointPDBVertical,     6, 1.34,     6,  4716
3x3,    68.txt, astar, disjointPDBVertical,     6, 1.34,     6,  4680
3x3,    69.txt, astar, disjointPDBVertical,     6, 1.31,     6,  4726
3x3,    70.txt, astar, disjointPDBVertical,     6, 1.31,     6,  4806
3x3,    71.txt, astar, disjointPDBVertical,     6, 1.31,     6,  4758
3x3,    72.txt, astar, disjointPDBVertical,    11, 1.53,     6,  4899
3x3,    73.txt, astar, disjointPDBVertical,     6, 1.31,     6,  4796
3x3,    74.txt, astar, disjointPDBVertical,     6, 1.27,     6,  5001
3x3,    75.txt, astar, disjointPDBVertical,     6, 1.31,     6,  4846
3x3,    76.txt, astar, disjointPDBVertical,     6, 1.34,     6,  4717
3x3,    77.txt, astar, disjointPDBVertical,     6, 1.34,     6,  4843
3x3,    78.txt, astar, disjointPDBVertical,     6, 1.31,     6,  4854
3x3,    79.txt, astar, disjointPDBVertical,     6, 1.31,     6,  4742
3x3,    80.txt, astar, disjointPDBVertical,     6, 1.31,     6,  4799
3x3,    81.txt, astar, disjointPDBVertical,     6, 1.31,     6,  4725
3x3,    82.txt, astar, disjointPDBVertical,     6, 1.31,     6,  4734
3x3,    83.txt, astar, disjointPDBVertical,     8, 1.42,     6,  4947
3x3,    84.txt, astar, disjointPDBVertical,     6, 1.31,     6,  4790
3x3,    85.txt, astar, disjointPDBVertical,     6, 1.34,     6,  4719
3x3,    86.txt, astar, disjointPDBVertical,     6, 1.31,     6,  4755
3x3,    87.txt, astar, disjointPDBVertical,     6, 1.31,     6,  4737
3x3,    88.txt, astar, disjointPDBVertical,     6, 1.27,     6,  4817
3x3,    89.txt, astar, disjointPDBVertical,     6, 1.31,     6,  4785
3x3,    90.txt, astar, disjointPDBVertical,     6, 1.34,     6,  4671
3x3,   137.txt, astar, disjointPDBVertical,     7, 1.27,     7,  4734
3x3,   138.txt, astar, disjointPDBVertical,     7, 1.29,     7,  4734
3x3,   139.txt, astar, disjointPDBVertical,     7, 1.29,     7,  4846
3x3,   140.txt, astar, disjointPDBVertical,     7, 1.27,     7,  4699
3x3,   141.txt, astar, disjointPDBVertical,     9, 1.34,     7,  4749
3x3,   142.txt, astar, disjointPDBVertical,     7, 1.27,     7,  4790
3x3,   143.txt, astar, disjointPDBVertical,    17, 1.49,     7,  4773
3x3,   144.txt, astar, disjointPDBVertical,     9, 1.34,     7,  4734
3x3,   145.txt, astar, disjointPDBVertical,     7, 1.27,     7,  4761
3x3,   146.txt, astar, disjointPDBVertical,     7, 1.29,     7,  4800
3x3,   147.txt, astar, disjointPDBVertical,     7, 1.29,     7,  4806
3x3,   148.txt, astar, disjointPDBVertical,     7, 1.27,     7,  4696
3x3,   149.txt, astar, disjointPDBVertical,     7, 1.27,     7,  4722
3x3,   150.txt, astar, disjointPDBVertical,     8, 1.31,     7,  4647
3x3,   151.txt, astar, disjointPDBVertical,     7, 1.29,     7,  4701
3x3,   152.txt, astar, disjointPDBVertical,     7, 1.29,     7,  4853
3x3,    91.txt, astar, disjointPDBVertical,     7, 1.27,     7,  4829
3x3,    92.txt, astar, disjointPDBVertical,     7, 1.29,     7,  4808
3x3,    93.txt, astar, disjointPDBVertical,     7, 1.27,     7,  4782
3x3,    94.txt, astar, disjointPDBVertical,     7, 1.29,     7,  4833
3x3,    95.txt, astar, disjointPDBVertical,    13, 1.44,     7,  4698
3x3,    96.txt, astar, disjointPDBVertical,     7, 1.27,     7,  4724
3x3,    97.txt, astar, disjointPDBVertical,     7, 1.27,     7,  4748
3x3,    98.txt, astar, disjointPDBVertical,     7, 1.27,     7,  4686
3x3,    99.txt, astar, disjointPDBVertical,     9, 1.34,     7,  4802
3x3,   244.txt, astar, disjointPDBVertical,     9, 1.26,     8,  4772
3x3,   245.txt, astar, disjointPDBVertical,    10, 1.28,     8,  5042
3x3,   246.txt, astar, disjointPDBVertical,     8, 1.22,     8,  4746
3x3,   247.txt, astar, disjointPDBVertical,     8, 1.22,     8,  4731
3x3,   248.txt, astar, disjointPDBVertical,    30, 1.52,     8,  4747
3x3,   249.txt, astar, disjointPDBVertical,     8, 1.22,     8,  4801
3x3,   250.txt, astar, disjointPDBVertical,     9, 1.27,     8,  4804
3x3,   251.txt, astar, disjointPDBVertical,    22, 1.44,     8,  4757
3x3,   252.txt, astar, disjointPDBVertical,     8, 1.24,     8,  4752
3x3,   253.txt, astar, disjointPDBVertical,     8, 1.24,     8,  4850
3x3,   254.txt, astar, disjointPDBVertical,     8, 1.24,     8,  4820
3x3,   255.txt, astar, disjointPDBVertical,     8, 1.22,     8,  4765
3x3,   256.txt, astar, disjointPDBVertical,     8, 1.24,     8,  4690
3x3,   257.txt, astar, disjointPDBVertical,     8, 1.22,     8,  4770
3x3,   258.txt, astar, disjointPDBVertical,     8, 1.24,     8,  4745
3x3,   259.txt, astar, disjointPDBVertical,     8, 1.24,     8,  4779
3x3,   260.txt, astar, disjointPDBVertical,     8, 1.22,     8,  4818
3x3,   261.txt, astar, disjointPDBVertical,    10, 1.28,     8,  4699
3x3,   262.txt, astar, disjointPDBVertical,     8, 1.24,     8,  4853
3x3,   263.txt, astar, disjointPDBVertical,     8, 1.24,     8,  4716
3x3,   264.txt, astar, disjointPDBVertical,    10, 1.28,     8,  4792
3x3,   265.txt, astar, disjointPDBVertical,    12, 1.32,     8,  4911
3x3,   266.txt, astar, disjointPDBVertical,     8, 1.24,     8,  4817
3x3,   267.txt, astar, disjointPDBVertical,     8, 1.24,     8,  4731
3x3,   268.txt, astar, disjointPDBVertical,     8, 1.24,     8,  4729
3x3,   396.txt, astar, disjointPDBVertical,     9, 1.22,     9,  4729
3x3,   397.txt, astar, disjointPDBVertical,    10, 1.24,     9,  4717
3x3,   398.txt, astar, disjointPDBVertical,    10, 1.24,     9,  4768
3x3,   399.txt, astar, disjointPDBVertical,     9, 1.22,     9,  4714
3x3,   400.txt, astar, disjointPDBVertical,     9, 1.22,     9,  4743
3x3,   401.txt, astar, disjointPDBVertical,     9, 1.22,     9,  4705
3x3,   402.txt, astar, disjointPDBVertical,     9, 1.22,     9,  4777
3x3,   403.txt, astar, disjointPDBVertical,     9, 1.20,     9,  4786
3x3,   404.txt, astar, disjointPDBVertical,     9, 1.22,     9,  4780
3x3,   405.txt, astar, disjointPDBVertical,     9, 1.22,     9,  4740
3x3,   406.txt, astar, disjointPDBVertical,    11, 1.25,     9,  4728
3x3,   407.txt, astar, disjointPDBVertical,     9, 1.20,     9,  4700
3x3,   408.txt, astar, disjointPDBVertical,     9, 1.22,     9,  4718
3x3,   409.txt, astar, disjointPDBVertical,     9, 1.22,     9,  4668
3x3,   410.txt, astar, disjointPDBVertical,     9, 1.22,     9,  4730
3x3,   411.txt, astar, disjointPDBVertical,     9, 1.22,     9,  4722
3x3,   412.txt, astar, disjointPDBVertical,     9, 1.22,     9,  4721
3x3,   413.txt, astar, disjointPDBVertical,     9, 1.22,     9,  4712
3x3,   414.txt, astar, disjointPDBVertical,     9, 1.22,     9,  4758
3x3,   415.txt, astar, disjointPDBVertical,    11, 1.25,     9,  4757
3x3,   416.txt, astar, disjointPDBVertical,     9, 1.22,     9,  4745
3x3,   417.txt, astar, disjointPDBVertical,     9, 1.22,     9,  4744
3x3,   418.txt, astar, disjointPDBVertical,     9, 1.22,     9,  4703
3x3,   419.txt, astar, disjointPDBVertical,     9, 1.22,     9,  4691
3x3,   420.txt, astar, disjointPDBVertical,    18, 1.34,     9,  4829
3x3,   682.txt, astar, disjointPDBVertical,    10, 1.18,    10,  4780
3x3,   683.txt, astar, disjointPDBVertical,    10, 1.19,    10,  4794
3x3,   684.txt, astar, disjointPDBVertical,    14, 1.25,    10,  4738
3x3,   685.txt, astar, disjointPDBVertical,    11, 1.20,    10,  4777
3x3,   686.txt, astar, disjointPDBVertical,    10, 1.19,    10,  4771
3x3,   687.txt, astar, disjointPDBVertical,    10, 1.18,    10,  4720
3x3,   688.txt, astar, disjointPDBVertical,    10, 1.18,    10,  4795
3x3,   689.txt, astar, disjointPDBVertical,    12, 1.22,    10,  4695
3x3,   690.txt, astar, disjointPDBVertical,    10, 1.16,    10,  4637
3x3,   691.txt, astar, disjointPDBVertical,    10, 1.19,    10,  4742
3x3,   692.txt, astar, disjointPDBVertical,    12, 1.22,    10,  4695
3x3,   693.txt, astar, disjointPDBVertical,    10, 1.19,    10,  4728
3x3,   694.txt, astar, disjointPDBVertical,    10, 1.19,    10,  4767
3x3,   695.txt, astar, disjointPDBVertical,    10, 1.19,    10,  4688
3x3,   696.txt, astar, disjointPDBVertical,    41, 1.43,    10,  4711
3x3,   697.txt, astar, disjointPDBVertical,    10, 1.19,    10,  4719
3x3,   698.txt, astar, disjointPDBVertical,    10, 1.19,    10,  4725
3x3,   699.txt, astar, disjointPDBVertical,    10, 1.20,    10,  4765
3x3,   700.txt, astar, disjointPDBVertical,    10, 1.20,    10,  4741
3x3,   701.txt, astar, disjointPDBVertical,    10, 1.19,    10,  4740
3x3,   702.txt, astar, disjointPDBVertical,    10, 1.19,    10,  4738
3x3,   703.txt, astar, disjointPDBVertical,    15, 1.26,    10,  4778
3x3,   704.txt, astar, disjointPDBVertical,    10, 1.19,    10,  4865
3x3,   705.txt, astar, disjointPDBVertical,    11, 1.21,    10,  4662
3x3,   706.txt, astar, disjointPDBVertical,    10, 1.18,    10,  4696
3x3,   975.txt, astar, disjointPDBVertical,    11, 1.17,    11,  4720
3x3,   976.txt, astar, disjointPDBVertical,    12, 1.19,    11,  4728
3x3,   977.txt, astar, disjointPDBVertical,    11, 1.16,    11,  4738
3x3,   978.txt, astar, disjointPDBVertical,    21, 1.27,    11,  4864
3x3,   979.txt, astar, disjointPDBVertical,    12, 1.19,    11,  4663
3x3,   980.txt, astar, disjointPDBVertical,    37, 1.34,    11,  4683
3x3,   981.txt, astar, disjointPDBVertical,    12, 1.18,    11,  4765
3x3,   982.txt, astar, disjointPDBVertical,    43, 1.39,    11,  4823
3x3,   983.txt, astar, disjointPDBVertical,    12, 1.19,    11,  4715
3x3,   984.txt, astar, disjointPDBVertical,    11, 1.17,    11,  4656
3x3,   985.txt, astar, disjointPDBVertical,    11, 1.16,    11,  4736
3x3,   986.txt, astar, disjointPDBVertical,    11, 1.18,    11,  4848
3x3,   987.txt, astar, disjointPDBVertical,    11, 1.18,    11,  4706
3x3,   988.txt, astar, disjointPDBVertical,    11, 1.17,    11,  4720
3x3,   989.txt, astar, disjointPDBVertical,    11, 1.18,    11,  4966
3x3,   990.txt, astar, disjointPDBVertical,    12, 1.19,    11,  4743
3x3,   991.txt, astar, disjointPDBVertical,    11, 1.17,    11,  4766
3x3,   992.txt, astar, disjointPDBVertical,    20, 1.27,    11,  4735
3x3,   993.txt, astar, disjointPDBVertical,    11, 1.17,    11,  4680
3x3,   994.txt, astar, disjointPDBVertical,    20, 1.27,    11,  4820
3x3,   995.txt, astar, disjointPDBVertical,    11, 1.16,    11,  4760
3x3,   996.txt, astar, disjointPDBVertical,    11, 1.17,    11,  4725
3x3,   997.txt, astar, disjointPDBVertical,    11, 1.16,    11,  4726
3x3,   998.txt, astar, disjointPDBVertical,    15, 1.21,    11,  4752
3x3,   999.txt, astar, disjointPDBVertical,    20, 1.26,    11,  4800
3x3,  1826.txt, astar, disjointPDBVertical,    26, 1.26,    12,  4714
3x3,  1827.txt, astar, disjointPDBVertical,    14, 1.17,    12,  4694
3x3,  1828.txt, astar, disjointPDBVertical,    18, 1.21,    12,  4770
3x3,  1829.txt, astar, disjointPDBVertical,    12, 1.16,    12,  4833
3x3,  1830.txt, astar, disjointPDBVertical,    12, 1.15,    12,  4767
3x3,  1831.txt, astar, disjointPDBVertical,    12, 1.16,    12,  4778
3x3,  1832.txt, astar, disjointPDBVertical,    12, 1.16,    12,  4660
3x3,  1833.txt, astar, disjointPDBVertical,    13, 1.16,    12,  4740
3x3,  1834.txt, astar, disjointPDBVertical,    15, 1.19,    12,  4903
3x3,  1835.txt, astar, disjointPDBVertical,   242, 1.59,    12,  4724
3x3,  1836.txt, astar, disjointPDBVertical,    13, 1.17,    12,  4803
3x3,  1837.txt, astar, disjointPDBVertical,    12, 1.14,    12,  4765
3x3,  1838.txt, astar, disjointPDBVertical,    14, 1.18,    12,  4855
3x3,  1839.txt, astar, disjointPDBVertical,   217, 1.57,    12,  4830
3x3,  1840.txt, astar, disjointPDBVertical,    12, 1.14,    12,  4710
3x3,  1841.txt, astar, disjointPDBVertical,    23, 1.24,    12,  4831
3x3,  1842.txt, astar, disjointPDBVertical,    24, 1.26,    12,  4752
3x3,  1843.txt, astar, disjointPDBVertical,    13, 1.17,    12,  4691
3x3,  1844.txt, astar, disjointPDBVertical,    21, 1.23,    12,  4729
3x3,  1845.txt, astar, disjointPDBVertical,    14, 1.18,    12,  4905
3x3,  1846.txt, astar, disjointPDBVertical,    12, 1.16,    12,  4794
3x3,  1847.txt, astar, disjointPDBVertical,    12, 1.15,    12,  4760
3x3,  1848.txt, astar, disjointPDBVertical,    12, 1.13,    12,  4790
3x3,  1849.txt, astar, disjointPDBVertical,    23, 1.25,    12,  4775
3x3,  1850.txt, astar, disjointPDBVertical,   300, 1.62,    12,  4792
3x3,  2850.txt, astar, disjointPDBVertical,    13, 1.14,    13,  4853
3x3,  2851.txt, astar, disjointPDBVertical,    27, 1.24,    13,  4680
3x3,  2852.txt, astar, disjointPDBVertical,    13, 1.15,    13,  4822
3x3,  2853.txt, astar, disjointPDBVertical,    13, 1.14,    13,  4803
3x3,  2854.txt, astar, disjointPDBVertical,    18, 1.19,    13,  4854
3x3,  2855.txt, astar, disjointPDBVertical,    13, 1.15,    13,  4925
3x3,  2856.txt, astar, disjointPDBVertical,    13, 1.14,    13,  4803
3x3,  2857.txt, astar, disjointPDBVertical,    17, 1.18,    13,  4753
3x3,  2858.txt, astar, disjointPDBVertical,    13, 1.15,    13,  4729
3x3,  2859.txt, astar, disjointPDBVertical,    13, 1.15,    13,  4779
3x3,  2860.txt, astar, disjointPDBVertical,    14, 1.15,    13,  4694
3x3,  2861.txt, astar, disjointPDBVertical,   195, 1.49,    13,  4711
3x3,  2862.txt, astar, disjointPDBVertical,    14, 1.14,    13,  4894
3x3,  2863.txt, astar, disjointPDBVertical,    18, 1.18,    13,  4752
3x3,  2864.txt, astar, disjointPDBVertical,    14, 1.15,    13,  4707
3x3,  2865.txt, astar, disjointPDBVertical,    15, 1.16,    13,  4702
3x3,  2866.txt, astar, disjointPDBVertical,    14, 1.15,    13,  4709
3x3,  2867.txt, astar, disjointPDBVertical,    14, 1.15,    13,  4762
3x3,  2868.txt, astar, disjointPDBVertical,    15, 1.16,    13,  4686
3x3,  2869.txt, astar, disjointPDBVertical,    13, 1.13,    13,  4743
3x3,  2870.txt, astar, disjointPDBVertical,    13, 1.15,    13,  4814
3x3,  2871.txt, astar, disjointPDBVertical,    14, 1.16,    13,  4676
3x3,  2872.txt, astar, disjointPDBVertical,    50, 1.31,    13,  4852
3x3,  2873.txt, astar, disjointPDBVertical,    13, 1.15,    13,  4764
3x3,  2874.txt, astar, disjointPDBVertical,    13, 1.15,    13,  4706
3x3,  4743.txt, astar, disjointPDBVertical,   110, 1.37,    14,  4734
3x3,  4744.txt, astar, disjointPDBVertical,    46, 1.27,    14,  4807
3x3,  4745.txt, astar, disjointPDBVertical,    15, 1.14,    14,  4719
3x3,  4746.txt, astar, disjointPDBVertical,    28, 1.22,    14,  4737
3x3,  4747.txt, astar, disjointPDBVertical,    14, 1.13,    14,  4744
3x3,  4748.txt, astar, disjointPDBVertical,    15, 1.14,    14,  4808
3x3,  4749.txt, astar, disjointPDBVertical,    15, 1.14,    14,  4846
3x3,  4750.txt, astar, disjointPDBVertical,    14, 1.13,    14,  4765
3x3,  4751.txt, astar, disjointPDBVertical,    61, 1.31,    14,  4785
3x3,  4752.txt, astar, disjointPDBVertical,    29, 1.22,    14,  4797
3x3,  4753.txt, astar, disjointPDBVertical,    15, 1.14,    14,  4763
3x3,  4754.txt, astar, disjointPDBVertical,    14, 1.13,    14,  4781
3x3,  4755.txt, astar, disjointPDBVertical,    16, 1.15,    14,  4749
3x3,  4756.txt, astar, disjointPDBVertical,    14, 1.13,    14,  4853
3x3,  4757.txt, astar, disjointPDBVertical,    33, 1.24,    14,  4706
3x3,  4758.txt, astar, disjointPDBVertical,    14, 1.13,    14,  4715
3x3,  4759.txt, astar, disjointPDBVertical,    14, 1.13,    14,  4733
3x3,  4760.txt, astar, disjointPDBVertical,    18, 1.16,    14,  4818
3x3,  4761.txt, astar, disjointPDBVertical,    15, 1.14,    14,  4784
3x3,  4762.txt, astar, disjointPDBVertical,    15, 1.13,    14,  4738
3x3,  4763.txt, astar, disjointPDBVertical,    15, 1.14,    14,  4813
3x3,  4764.txt, astar, disjointPDBVertical,   350, 1.52,    14,  4808
3x3,  4765.txt, astar, disjointPDBVertical,    16, 1.15,    14,  4746
3x3,  4766.txt, astar, disjointPDBVertical,    28, 1.21,    14,  4754
3x3,  4767.txt, astar, disjointPDBVertical,    15, 1.14,    14,  4702
3x3,  7255.txt, astar, disjointPDBVertical,    18, 1.14,    15,  4688
3x3,  7256.txt, astar, disjointPDBVertical,    39, 1.23,    15,  4685
3x3,  7257.txt, astar, disjointPDBVertical,    18, 1.15,    15,  4693
3x3,  7258.txt, astar, disjointPDBVertical,    46, 1.25,    15,  4713
3x3,  7259.txt, astar, disjointPDBVertical,    22, 1.17,    15,  4854
3x3,  7260.txt, astar, disjointPDBVertical,    19, 1.15,    15,  4738
3x3,  7261.txt, astar, disjointPDBVertical,    15, 1.13,    15,  4714
3x3,  7262.txt, astar, disjointPDBVertical,    65, 1.28,    15,  4748
3x3,  7263.txt, astar, disjointPDBVertical,    15, 1.13,    15,  4816
3x3,  7264.txt, astar, disjointPDBVertical,    32, 1.21,    15,  4826
3x3,  7265.txt, astar, disjointPDBVertical,    44, 1.25,    15,  4679
3x3,  7266.txt, astar, disjointPDBVertical,    31, 1.21,    15,  4688
3x3,  7267.txt, astar, disjointPDBVertical,    16, 1.13,    15,  4818
3x3,  7268.txt, astar, disjointPDBVertical,  1415, 1.63,    15,  4838
3x3,  7269.txt, astar, disjointPDBVertical,  2118, 1.68,    15,  4930
3x3,  7270.txt, astar, disjointPDBVertical,    60, 1.28,    15,  4778
3x3,  7271.txt, astar, disjointPDBVertical,    18, 1.14,    15,  4744
3x3,  7272.txt, astar, disjointPDBVertical,    24, 1.18,    15,  4822
3x3,  7273.txt, astar, disjointPDBVertical,    16, 1.13,    15,  4830
3x3,  7274.txt, astar, disjointPDBVertical,    15, 1.12,    15,  4746
3x3,  7275.txt, astar, disjointPDBVertical,    36, 1.22,    15,  4754
3x3,  7276.txt, astar, disjointPDBVertical,    20, 1.15,    15,  4741
3x3,  7277.txt, astar, disjointPDBVertical,    69, 1.30,    15,  4732
3x3,  7278.txt, astar, disjointPDBVertical,    20, 1.15,    15,  4765
3x3,  7279.txt, astar, disjointPDBVertical,    40, 1.23,    15,  4790
3x3,  9975.txt, astar, disjointPDBVertical,   209, 1.38,    16,  4848
3x3,  9976.txt, astar, disjointPDBVertical,    31, 1.18,    16,  4708
3x3,  9977.txt, astar, disjointPDBVertical,    16, 1.12,    16,  4772
3x3,  9978.txt, astar, disjointPDBVertical,    43, 1.22,    16,  4775
3x3,  9979.txt, astar, disjointPDBVertical,   361, 1.44,    16,  4795
3x3,  9980.txt, astar, disjointPDBVertical,    17, 1.12,    16,  4688
3x3,  9981.txt, astar, disjointPDBVertical,    58, 1.25,    16,  4930
3x3,  9982.txt, astar, disjointPDBVertical,    18, 1.13,    16,  4680
3x3,  9983.txt, astar, disjointPDBVertical,   207, 1.38,    16,  4780
3x3,  9984.txt, astar, disjointPDBVertical,    32, 1.19,    16,  4695
3x3,  9985.txt, astar, disjointPDBVertical,    53, 1.24,    16,  4688
3x3,  9986.txt, astar, disjointPDBVertical,    21, 1.14,    16,  4695
3x3,  9987.txt, astar, disjointPDBVertical,    85, 1.28,    16,  4728
3x3,  9988.txt, astar, disjointPDBVertical,    26, 1.17,    16,  4765
3x3,  9989.txt, astar, disjointPDBVertical,    29, 1.18,    16,  4731
3x3,  9990.txt, astar, disjointPDBVertical,    21, 1.15,    16,  4794
3x3,  9991.txt, astar, disjointPDBVertical,    24, 1.16,    16,  4820
3x3,  9992.txt, astar, disjointPDBVertical,   267, 1.40,    16,  4776
3x3,  9993.txt, astar, disjointPDBVertical,    16, 1.12,    16,  4737
3x3,  9994.txt, astar, disjointPDBVertical,    31, 1.18,    16,  4745
3x3,  9995.txt, astar, disjointPDBVertical,    22, 1.15,    16,  4712
3x3,  9996.txt, astar, disjointPDBVertical,    17, 1.12,    16,  4723
3x3,  9997.txt, astar, disjointPDBVertical,    22, 1.14,    16,  4879
3x3,  9998.txt, astar, disjointPDBVertical,    21, 1.14,    16,  4712
3x3,  9999.txt, astar, disjointPDBVertical,    28, 1.17,    16,  4789
3x3, 17378.txt, astar, disjointPDBVertical,    18, 1.12,    17,  4727
3x3, 17379.txt, astar, disjointPDBVertical,   183, 1.34,    17,  4751
3x3, 17380.txt, astar, disjointPDBVertical,    17, 1.11,    17,  4838
3x3, 17381.txt, astar, disjointPDBVertical,    66, 1.24,    17,  4756
3x3, 17382.txt, astar, disjointPDBVertical,    22, 1.14,    17,  4955
3x3, 17383.txt, astar, disjointPDBVertical,    21, 1.13,    17,  4791
3x3, 17384.txt, astar, disjointPDBVertical,    28, 1.16,    17,  5227
3x3, 17385.txt, astar, disjointPDBVertical,    17, 1.11,    17,  5007
3x3, 17386.txt, astar, disjointPDBVertical,    41, 1.20,    17,  9095
3x3, 17387.txt, astar, disjointPDBVertical,    20, 1.13,    17,  6171
3x3, 17388.txt, astar, disjointPDBVertical,    93, 1.27,    17,  8105
3x3, 17389.txt, astar, disjointPDBVertical,    19, 1.12,    17, 12862
3x3, 17390.txt, astar, disjointPDBVertical,    90, 1.26,    17, 12808
3x3, 17391.txt, astar, disjointPDBVertical,  1224, 1.52,    17,  5151
3x3, 17392.txt, astar, disjointPDBVertical,    67, 1.23,    17,  5054
3x3, 17393.txt, astar, disjointPDBVertical,    57, 1.23,    17,  5050
3x3, 17394.txt, astar, disjointPDBVertical,   242, 1.37,    17,  5196
3x3, 17395.txt, astar, disjointPDBVertical,    32, 1.16,    17,  4988
3x3, 17396.txt, astar, disjointPDBVertical,   422, 1.40,    17,  5070
3x3, 17397.txt, astar, disjointPDBVertical,   141, 1.31,    17,  5128
3x3, 17398.txt, astar, disjointPDBVertical,    22, 1.14,    17,  6153
3x3, 17399.txt, astar, disjointPDBVertical,    19, 1.12,    17,  8606
3x3, 17400.txt, astar, disjointPDBVertical,    37, 1.18,    17,  5406
3x3, 17401.txt, astar, disjointPDBVertical,   149, 1.32,    17,  7194
3x3, 17402.txt, astar, disjointPDBVertical,    37, 1.18,    17,  5119
3x3, 26907.txt, astar, disjointPDBVertical,    19, 1.11,    18, 12640
3x3, 26908.txt, astar, disjointPDBVertical,   316, 1.36,    18, 12685
3x3, 26909.txt, astar, disjointPDBVertical,   318, 1.36,    18, 11355
3x3, 26910.txt, astar, disjointPDBVertical,    29, 1.15,    18, 12941
3x3, 26911.txt, astar, disjointPDBVertical,    31, 1.15,    18,  5282
3x3, 26912.txt, astar, disjointPDBVertical,    47, 1.19,    18, 13362
3x3, 26913.txt, astar, disjointPDBVertical,   165, 1.30,    18,  5267
3x3, 26914.txt, astar, disjointPDBVertical,    35, 1.16,    18,  5188
3x3, 26915.txt, astar, disjointPDBVertical,   156, 1.30,    18,  5066
3x3, 26916.txt, astar, disjointPDBVertical,    59, 1.20,    18,  5126
3x3, 26917.txt, astar, disjointPDBVertical,   104, 1.25,    18,  5270
3x3, 26918.txt, astar, disjointPDBVertical,   165, 1.30,    18,  7224
3x3, 26919.txt, astar, disjointPDBVertical,    44, 1.19,    18,  7232
3x3, 26920.txt, astar, disjointPDBVertical,    48, 1.19,    18,  5389
3x3, 26921.txt, astar, disjointPDBVertical,  1190, 1.48,    18,  7403
3x3, 26922.txt, astar, disjointPDBVertical,    30, 1.15,    18,  5839
3x3, 26923.txt, astar, disjointPDBVertical,    29, 1.14,    18, 13018
3x3, 26924.txt, astar, disjointPDBVertical,   174, 1.30,    18, 12819
3x3, 26925.txt, astar, disjointPDBVertical,  1434, 1.49,    18, 12953
3x3, 26926.txt, astar, disjointPDBVertical,    27, 1.14,    18, 12761
3x3, 26927.txt, astar, disjointPDBVertical,    31, 1.16,    18,  5162
3x3, 26928.txt, astar, disjointPDBVertical,    20, 1.11,    18,  5176
3x3, 26929.txt, astar, disjointPDBVertical,    27, 1.14,    18, 11490
3x3, 26930.txt, astar, disjointPDBVertical,    57, 1.20,    18,  5085
3x3, 26931.txt, astar, disjointPDBVertical,  1968, 1.52,    18,  5212
3x3, 37785.txt, astar, disjointPDBVertical,    67, 1.20,    19,  5125
3x3, 37786.txt, astar, disjointPDBVertical,    25, 1.12,    19,  5049
3x3, 37787.txt, astar, disjointPDBVertical,    87, 1.22,    19,  5116
3x3, 37788.txt, astar, disjointPDBVertical,    79, 1.22,    19, 13289
3x3, 37789.txt, astar, disjointPDBVertical,   132, 1.26,    19,  5184
3x3, 37790.txt, astar, disjointPDBVertical,   102, 1.24,    19,  5143
3x3, 37791.txt, astar, disjointPDBVertical,  1184, 1.44,    19,  5006
3x3, 37792.txt, astar, disjointPDBVertical,   630, 1.39,    19,  5088
3x3, 37793.txt, astar, disjointPDBVertical,    19, 1.09,    19,  4946
3x3, 37794.txt, astar, disjointPDBVertical,   603, 1.38,    19,  5113
3x3, 37795.txt, astar, disjointPDBVertical,  2609, 1.51,    19,  5216
3x3, 37796.txt, astar, disjointPDBVertical,    56, 1.19,    19,  5044
3x3, 37797.txt, astar, disjointPDBVertical,    95, 1.24,    19,  5039
3x3, 37798.txt, astar, disjointPDBVertical,    24, 1.11,    19,  5102
3x3, 37799.txt, astar, disjointPDBVertical,   182, 1.29,    19,  5091
3x3, 37800.txt, astar, disjointPDBVertical,    47, 1.18,    19,  5085
3x3, 37801.txt, astar, disjointPDBVertical,    35, 1.15,    19,  8421
3x3, 37802.txt, astar, disjointPDBVertical,    94, 1.23,    19, 13396
3x3, 37803.txt, astar, disjointPDBVertical,    49, 1.18,    19, 12085
3x3, 37804.txt, astar, disjointPDBVertical,   124, 1.25,    19,  5064
3x3, 37805.txt, astar, disjointPDBVertical,   138, 1.26,    19,  5153
3x3, 37806.txt, astar, disjointPDBVertical,   224, 1.31,    19,  5177
3x3, 37807.txt, astar, disjointPDBVertical,    57, 1.20,    19,  5149
3x3, 37808.txt, astar, disjointPDBVertical,   220, 1.30,    19, 14164
3x3, 37809.txt, astar, disjointPDBVertical,   181, 1.29,    19, 12522
3x3, 54773.txt, astar, disjointPDBVertical,   582, 1.35,    20,  5160
3x3, 54774.txt, astar, disjointPDBVertical,    95, 1.22,    20,  4972
3x3, 54775.txt, astar, disjointPDBVertical,   103, 1.22,    20,  4815
3x3, 54777.txt, astar, disjointPDBVertical,   239, 1.29,    20,  4859
3x3, 54778.txt, astar, disjointPDBVertical,    32, 1.13,    20,  4773
3x3, 54779.txt, astar, disjointPDBVertical,    39, 1.15,    20,  4750
3x3, 54780.txt, astar, disjointPDBVertical,   253, 1.30,    20,  4798
3x3, 54782.txt, astar, disjointPDBVertical,    27, 1.12,    20,  4642
3x3, 54783.txt, astar, disjointPDBVertical,  1445, 1.42,    20,  4797
3x3, 54784.txt, astar, disjointPDBVertical,    23, 1.11,    20,  4769
3x3, 54785.txt, astar, disjointPDBVertical,   102, 1.22,    20,  4850
3x3, 54787.txt, astar, disjointPDBVertical,   156, 1.25,    20,  4741
3x3, 54788.txt, astar, disjointPDBVertical,    32, 1.13,    20,  4740
3x3, 54789.txt, astar, disjointPDBVertical,  3427, 1.50,    20,  4785
3x3, 54790.txt, astar, disjointPDBVertical,   689, 1.37,    20,  4797
3x3, 54791.txt, astar, disjointPDBVertical,   104, 1.22,    20,  4672
3x3, 54792.txt, astar, disjointPDBVertical,    36, 1.13,    20,  4782
3x3, 54794.txt, astar, disjointPDBVertical,    40, 1.15,    20,  4791
3x3, 54795.txt, astar, disjointPDBVertical,    28, 1.12,    20,  4708
3x3, 54796.txt, astar, disjointPDBVertical,   116, 1.23,    20,  4746
3x3, 54797.txt, astar, disjointPDBVertical,  1196, 1.41,    20,  4752
3x3, 54798.txt, astar, disjointPDBVertical,  2536, 1.47,    20,  4871
3x3, 54799.txt, astar, disjointPDBVertical,    26, 1.11,    20,  4779
3x3, 54801.txt, astar, disjointPDBVertical,   236, 1.29,    20,  4734
3x3, 54802.txt, astar, disjointPDBVertical,    39, 1.14,    20,  4747
4x4,     1.txt, astar, disjointPDBVertical,     1, 3.00,     1, 173751
4x4,     2.txt, astar, disjointPDBVertical,     1, 3.00,     1, 166408
4x4,     3.txt, astar, disjointPDBVertical,     2, 2.19,     2, 170921
4x4,     4.txt, astar, disjointPDBVertical,     2, 2.00,     2, 167904
4x4,     5.txt, astar, disjointPDBVertical,     0, 1.00,     0,     3
4x4,     6.txt, astar, disjointPDBVertical,     2, 2.19,     2, 165240
4x4,     7.txt, astar, disjointPDBVertical,     2, 2.00,     2, 164976
4x4,    10.txt, astar, disjointPDBVertical,     3, 1.58,     3, 162296
4x4,    11.txt, astar, disjointPDBVertical,     3, 1.81,     3, 170199
4x4,    12.txt, astar, disjointPDBVertical,     3, 1.74,     3, 165157
4x4,    13.txt, astar, disjointPDBVertical,     3, 1.58,     3, 165894
4x4,    14.txt, astar, disjointPDBVertical,     3, 1.74,     3, 172844
4x4,    15.txt, astar, disjointPDBVertical,     3, 1.74,     3, 164462
4x4,    16.txt, astar, disjointPDBVertical,     3, 1.81,     3, 162881
4x4,    17.txt, astar, disjointPDBVertical,     3, 1.81,     3, 167047
4x4,     8.txt, astar, disjointPDBVertical,     3, 1.81,     3, 170895
4x4,     9.txt, astar, disjointPDBVertical,     3, 1.74,     3, 167638
4x4,    18.txt, astar, disjointPDBVertical,     4, 1.61,     4, 163462
4x4,    19.txt, astar, disjointPDBVertical,     4, 1.61,     4, 165705
4x4,    20.txt, astar, disjointPDBVertical,     4, 1.53,     4, 169236
4x4,    21.txt, astar, disjointPDBVertical,     4, 1.45,     4, 174359
4x4,    22.txt, astar, disjointPDBVertical,     4, 1.57,     4, 168826
