3x3,     1.txt, ida, linearConflict,     2, 2.00,     1,     7
3x3,     2.txt, ida, linearConflict,     2, 2.00,     1,     7
3x3,     3.txt, ida, linearConflict,     3, 1.30,     2,     8
3x3,     4.txt, ida, linearConflict,     3, 1.30,     2,     8
3x3,     6.txt, ida, linearConflict,     3, 1.30,     2,     8
3x3,     7.txt, ida, linearConflict,     3, 1.30,     2,     7
3x3,    10.txt, ida, linearConflict,     4, 1.15,     3,     8
3x3,    11.txt, ida, linearConflict,     4, 1.15,     3,     9
3x3,    12.txt, ida, linearConflict,     4, 1.15,     3,     8
3x3,    13.txt, ida, linearConflict,     4, 1.15,     3,    10
3x3,    14.txt, ida, linearConflict,     4, 1.15,     3,     8
3x3,    15.txt, ida, linearConflict,     4, 1.15,     3,     9
3x3,     8.txt, ida, linearConflict,     4, 1.15,     3,     9
3x3,     9.txt, ida, linearConflict,     4, 1.15,     3,     8
3x3,    16.txt, ida, linearConflict,     5, 1.09,     4,    10
3x3,    17.txt, ida, linearConflict,     5, 1.09,     4,    10
3x3,    18.txt, ida, linearConflict,     5, 1.09,     4,    11
3x3,    19.txt, ida, linearConflict,     5, 1.09,     4,     9
3x3,    20.txt, ida, linearConflict,     5, 1.09,     4,     9
3x3,    21.txt, ida, linearConflict,     5, 1.09,     4,     8
3x3,    22.txt, ida, linearConflict,     5, 1.09,     4,     9
3x3,    23.txt, ida, linearConflict,     5, 1.09,     4,    10
3x3,    24.txt, ida, linearConflict,     5, 1.09,     4,    11
3x3,    25.txt, ida, linearConflict,     5, 1.09,     4,     9
3x3,    26.txt, ida, linearConflict,     5, 1.09,     4,    10
3x3,    27.txt, ida, linearConflict,     5, 1.09,     4,    10
3x3,    28.txt, ida, linearConflict,     5, 1.09,     4,    10
3x3,    29.txt, ida, linearConflict,     5, 1.09,     4,    10
3x3,    30.txt, ida, linearConflict,     5, 1.09,     4,     9
3x3,    31.txt, ida, linearConflict,     5, 1.09,     4,     9
3x3,    32.txt, ida, linearConflict,     6, 1.06,     5,    11
3x3,    33.txt, ida, linearConflict,     6, 1.06,     5,    11
3x3,    34.txt, ida, linearConflict,     6, 1.06,     5,    11
3x3,    35.txt, ida, linearConflict,     6, 1.06,     5,    12
3x3,    36.txt, ida, linearConflict,     6, 1.06,     5,    11
3x3,    37.txt, ida, linearConflict,     6, 1.06,     5,    11
3x3,    38.txt, ida, linearConflict,     6, 1.06,     5,    10
3x3,    39.txt, ida, linearConflict,     6, 1.06,     5,    10
3x3,    40.txt, ida, linearConflict,     6, 1.06,     5,     9
3x3,    41.txt, ida, linearConflict,     7, 1.11,     5,    12
3x3,    42.txt, ida, linearConflict,     6, 1.06,     5,    11
3x3,    43.txt, ida, linearConflict,     6, 1.06,     5,    10
3x3,    44.txt, ida, linearConflict,     7, 1.11,     5,    12
3x3,    45.txt, ida, linearConflict,     6, 1.06,     5,    10
3x3,    46.txt, ida, linearConflict,     6, 1.06,     5,    10
3x3,    47.txt, ida, linearConflict,     6, 1.06,     5,    11
3x3,    48.txt, ida, linearConflict,     6, 1.06,     5,    12
3x3,    49.txt, ida, linearConflict,     7, 1.11,     5,    12
3x3,    50.txt, ida, linearConflict,     6, 1.06,     5,    11
3x3,    51.txt, ida, linearConflict,     6, 1.06,     5,    11
3x3,    66.txt, ida, linearConflict,     9, 1.12,     6,    12
3x3,    67.txt, ida, linearConflict,     9, 1.12,     6,    13
3x3,    68.txt, ida, linearConflict,     7, 1.04,     6,    12
3x3,    69.txt, ida, linearConflict,     8, 1.08,     6,    13
3x3,    70.txt, ida, linearConflict,     7, 1.04,     6,    11
3x3,    71.txt, ida, linearConflict,     7, 1.04,     6,    10
3x3,    72.txt, ida, linearConflict,     7, 1.04,     6,    12
3x3,    73.txt, ida, linearConflict,     7, 1.04,     6,    11
3x3,    74.txt, ida, linearConflict,     7, 1.04,     6,    11
3x3,    75.txt, ida, linearConflict,     7, 1.04,     6,    12
3x3,    76.txt, ida, linearConflict,     8, 1.08,     6,    13
3x3,    77.txt, ida, linearConflict,     9, 1.12,     6,    13
3x3,    78.txt, ida, linearConflict,     7, 1.04,     6,    12
3x3,    79.txt, ida, linearConflict,     7, 1.04,     6,    10
3x3,    80.txt, ida, linearConflict,    10, 1.15,     6,    13
3x3,    81.txt, ida, linearConflict,    11, 1.18,     6,    14
3x3,    82.txt, ida, linearConflict,     7, 1.04,     6,    12
3x3,    83.txt, ida, linearConflict,     9, 1.12,     6,    13
3x3,    84.txt, ida, linearConflict,     7, 1.04,     6,    12
3x3,    85.txt, ida, linearConflict,     9, 1.12,     6,    13
3x3,    86.txt, ida, linearConflict,     7, 1.04,     6,    11
3x3,    87.txt, ida, linearConflict,     9, 1.12,     6,    12
3x3,    88.txt, ida, linearConflict,     7, 1.04,     6,    12
3x3,    89.txt, ida, linearConflict,     7, 1.04,     6,    12
3x3,    90.txt, ida, linearConflict,     9, 1.12,     6,    14
3x3,   137.txt, ida, linearConflict,     8, 1.03,     7,    13
3x3,   138.txt, ida, linearConflict,    10, 1.09,     7,    13
3x3,   139.txt, ida, linearConflict,    10, 1.09,     7,    13
3x3,   140.txt, ida, linearConflict,    16, 1.21,     7,    16
3x3,   141.txt, ida, linearConflict,    10, 1.09,     7,    13
3x3,   142.txt, ida, linearConflict,    13, 1.16,     7,    14
3x3,   143.txt, ida, linearConflict,    12, 1.14,     7,    15
3x3,   144.txt, ida, linearConflict,    10, 1.09,     7,    13
3x3,   145.txt, ida, linearConflict,     8, 1.03,     7,    12
3x3,   146.txt, ida, linearConflict,    10, 1.09,     7,    14
3x3,   147.txt, ida, linearConflict,    10, 1.09,     7,    14
3x3,   148.txt, ida, linearConflict,     8, 1.03,     7,    12
3x3,   149.txt, ida, linearConflict,     8, 1.03,     7,    12
3x3,   150.txt, ida, linearConflict,    12, 1.14,     7,    14
3x3,   151.txt, ida, linearConflict,    10, 1.09,     7,    13
3x3,   152.txt, ida, linearConflict,    20, 1.27,     7,    18
3x3,    91.txt, ida, linearConflict,     8, 1.03,     7,    12
3x3,    92.txt, ida, linearConflict,    10, 1.09,     7,    13
3x3,    93.txt, ida, linearConflict,     8, 1.03,     7,    12
3x3,    94.txt, ida, linearConflict,     8, 1.03,     7,    14
3x3,    95.txt, ida, linearConflict,     8, 1.03,     7,    12
3x3,    96.txt, ida, linearConflict,    11, 1.11,     7,    14
3x3,    97.txt, ida, linearConflict,     9, 1.06,     7,    13
3x3,    98.txt, ida, linearConflict,     8, 1.03,     7,    12
3x3,    99.txt, ida, linearConflict,    10, 1.09,     7,    14
3x3,   244.txt, ida, linearConflict,    20, 1.20,     8,    18
3x3,   245.txt, ida, linearConflict,    11, 1.07,     8,    14
3x3,   246.txt, ida, linearConflict,    15, 1.14,     8,    16
3x3,   247.txt, ida, linearConflict,    13, 1.11,     8,    15
3x3,   248.txt, ida, linearConflict,    29, 1.28,     8,    20
3x3,   249.txt, ida, linearConflict,     9, 1.03,     8,    12
3x3,   250.txt, ida, linearConflict,     9, 1.03,     8,    13
3x3,   251.txt, ida, linearConflict,    18, 1.18,     8,    17
3x3,   252.txt, ida, linearConflict,    11, 1.07,     8,    13
3x3,   253.txt, ida, linearConflict,     9, 1.03,     8,    13
3x3,   254.txt, ida, linearConflict,    11, 1.07,     8,    15
3x3,   255.txt, ida, linearConflict,     9, 1.03,     8,    11
3x3,   256.txt, ida, linearConflict,    11, 1.07,     8,    13
3x3,   257.txt, ida, linearConflict,     9, 1.03,     8,    13
3x3,   258.txt, ida, linearConflict,    11, 1.07,     8,    13
3x3,   259.txt, ida, linearConflict,    23, 1.23,     8,    19
3x3,   260.txt, ida, linearConflict,    22, 1.22,     8,    18
3x3,   261.txt, ida, linearConflict,    11, 1.07,     8,    14
3x3,   262.txt, ida, linearConflict,    12, 1.09,     8,    14
3x3,   263.txt, ida, linearConflict,    11, 1.07,     8,    14
3x3,   264.txt, ida, linearConflict,    11, 1.07,     8,    13
3x3,   265.txt, ida, linearConflict,     9, 1.03,     8,    13
3x3,   266.txt, ida, linearConflict,    11, 1.07,     8,    14
3x3,   267.txt, ida, linearConflict,     9, 1.03,     8,    13
3x3,   268.txt, ida, linearConflict,    11, 1.07,     8,    13
3x3,   396.txt, ida, linearConflict,    14, 1.09,     9,    15
3x3,   397.txt, ida, linearConflict,    10, 1.02,     9,    14
3x3,   398.txt, ida, linearConflict,    10, 1.02,     9,    13
3x3,   399.txt, ida, linearConflict,    12, 1.06,     9,    14
3x3,   400.txt, ida, linearConflict,    12, 1.06,     9,    14
3x3,   401.txt, ida, linearConflict,    10, 1.02,     9,    13
3x3,   402.txt, ida, linearConflict,    10, 1.02,     9,    13
3x3,   403.txt, ida, linearConflict,    10, 1.02,     9,    12
3x3,   404.txt, ida, linearConflict,    11, 1.04,     9,    14
3x3,   405.txt, ida, linearConflict,    11, 1.04,     9,    13
3x3,   406.txt, ida, linearConflict,    12, 1.06,     9,    15
3x3,   407.txt, ida, linearConflict,    24, 1.19,     9,    19
3x3,   408.txt, ida, linearConflict,    12, 1.06,     9,    15
3x3,   409.txt, ida, linearConflict,    11, 1.04,     9,    13
3x3,   410.txt, ida, linearConflict,    11, 1.04,     9,    13
3x3,   411.txt, ida, linearConflict,    35, 1.27,     9,    24
3x3,   412.txt, ida, linearConflict,    13, 1.07,     9,    15
3x3,   413.txt, ida, linearConflict,    14, 1.09,     9,    15
3x3,   414.txt, ida, linearConflict,    12, 1.06,     9,    14
3x3,   415.txt, ida, linearConflict,    14, 1.09,     9,    16
3x3,   416.txt, ida, linearConflict,    12, 1.06,     9,    13
3x3,   417.txt, ida, linearConflict,    13, 1.07,     9,    14
3x3,   418.txt, ida, linearConflict,    13, 1.07,     9,    15
3x3,   419.txt, ida, linearConflict,    13, 1.07,     9,    15
3x3,   420.txt, ida, linearConflict,    13, 1.07,     9,    15
3x3,   682.txt, ida, linearConflict,    11, 1.02,    10,    12
3x3,   683.txt, ida, linearConflict,    35, 1.22,    10,    23
3x3,   684.txt, ida, linearConflict,   108, 1.42,    10,    37
3x3,   685.txt, ida, linearConflict,    61, 1.32,    10,    28
3x3,   686.txt, ida, linearConflict,    12, 1.03,    10,    14
3x3,   687.txt, ida, linearConflict,    16, 1.08,    10,    14
3x3,   688.txt, ida, linearConflict,    13, 1.05,    10,    13
3x3,   689.txt, ida, linearConflict,    13, 1.05,    10,    16
3x3,   690.txt, ida, linearConflict,    11, 1.02,    10,    14
3x3,   691.txt, ida, linearConflict,    29, 1.19,    10,    20
3x3,   692.txt, ida, linearConflict,    24, 1.15,    10,    20
3x3,   693.txt, ida, linearConflict,    37, 1.23,    10,    25
3x3,   694.txt, ida, linearConflict,    12, 1.03,    10,    15
3x3,   695.txt, ida, linearConflict,    13, 1.05,    10,    14
3x3,   696.txt, ida, linearConflict,    80, 1.36,    10,    34
3x3,   697.txt, ida, linearConflict,    24, 1.15,    10,    19
3x3,   698.txt, ida, linearConflict,    16, 1.08,    10,    15
3x3,   699.txt, ida, linearConflict,    13, 1.05,    10,    14
3x3,   700.txt, ida, linearConflict,    15, 1.07,    10,    16
3x3,   701.txt, ida, linearConflict,    14, 1.06,    10,    15
3x3,   702.txt, ida, linearConflict,    11, 1.02,    10,    15
3x3,   703.txt, ida, linearConflict,    15, 1.07,    10,    14
3x3,   704.txt, ida, linearConflict,    15, 1.07,    10,    15
3x3,   705.txt, ida, linearConflict,    41, 1.25,    10,    26
3x3,   706.txt, ida, linearConflict,    11, 1.02,    10,    13
3x3,   975.txt, ida, linearConflict,    53, 1.25,    11,    27
3x3,   976.txt, ida, linearConflict,    62, 1.27,    11,    30
3x3,   977.txt, ida, linearConflict,    12, 1.01,    11,    13
3x3,   978.txt, ida, linearConflict,    26, 1.14,    11,    20
3x3,   979.txt, ida, linearConflict,    20, 1.10,    11,    18
3x3,   980.txt, ida, linearConflict,   251, 1.50,    11,    54
3x3,   981.txt, ida, linearConflict,    64, 1.28,    11,    31
3x3,   982.txt, ida, linearConflict,    93, 1.34,    11,    35
3x3,   983.txt, ida, linearConflict,    27, 1.14,    11,    19
3x3,   984.txt, ida, linearConflict,    47, 1.23,    11,    26
3x3,   985.txt, ida, linearConflict,    17, 1.07,    11,    15
3x3,   986.txt, ida, linearConflict,    14, 1.04,    11,    14
3x3,   987.txt, ida, linearConflict,    31, 1.17,    11,    21
3x3,   988.txt, ida, linearConflict,    15, 1.05,    11,    15
3x3,   989.txt, ida, linearConflict,    16, 1.06,    11,    16
3x3,   990.txt, ida, linearConflict,    43, 1.22,    11,    25
3x3,   991.txt, ida, linearConflict,   138, 1.40,    11,    41
3x3,   992.txt, ida, linearConflict,    13, 1.03,    11,    15
3x3,   993.txt, ida, linearConflict,    29, 1.16,    11,    20
3x3,   994.txt, ida, linearConflict,    15, 1.05,    11,    15
3x3,   995.txt, ida, linearConflict,    15, 1.05,    11,    15
3x3,   996.txt, ida, linearConflict,    56, 1.26,    11,    29
3x3,   997.txt, ida, linearConflict,    18, 1.08,    11,    16
3x3,   998.txt, ida, linearConflict,    20, 1.10,    11,    17
3x3,   999.txt, ida, linearConflict,    31, 1.17,    11,    21
3x3,  1826.txt, ida, linearConflict,   415, 1.51,    12,    66
3x3,  1827.txt, ida, linearConflict,    15, 1.03,    12,    15
3x3,  1828.txt, ida, linearConflict,    13, 1.01,    12,    14
3x3,  1829.txt, ida, linearConflict,    21, 1.08,    12,    17
3x3,  1830.txt, ida, linearConflict,    18, 1.06,    12,    15
3x3,  1831.txt, ida, linearConflict,    23, 1.10,    12,    18
3x3,  1832.txt, ida, linearConflict,    16, 1.04,    12,    17
3x3,  1833.txt, ida, linearConflict,   467, 1.53,    12,    80
3x3,  1834.txt, ida, linearConflict,   116, 1.33,    12,    38
3x3,  1835.txt, ida, linearConflict,   463, 1.53,    12,    71
3x3,  1836.txt, ida, linearConflict,    28, 1.13,    12,    20
3x3,  1837.txt, ida, linearConflict,   259, 1.44,    12,    53
3x3,  1838.txt, ida, linearConflict,    19, 1.07,    12,    16
3x3,  1839.txt, ida, linearConflict,   289, 1.46,    12,    58
3x3,  1840.txt, ida, linearConflict,    14, 1.02,    12,    14
3x3,  1841.txt, ida, linearConflict,    97, 1.30,    12,    34
3x3,  1842.txt, ida, linearConflict,    32, 1.14,    12,    22
3x3,  1843.txt, ida, linearConflict,    23, 1.10,    12,    17
3x3,  1844.txt, ida, linearConflict,   485, 1.53,    12,    77
3x3,  1845.txt, ida, linearConflict,   141, 1.35,    12,    43
3x3,  1846.txt, ida, linearConflict,    35, 1.16,    12,    22
3x3,  1847.txt, ida, linearConflict,    24, 1.10,    12,    18
3x3,  1848.txt, ida, linearConflict,    13, 1.01,    12,    13
3x3,  1849.txt, ida, linearConflict,    35, 1.16,    12,    23
3x3,  1850.txt, ida, linearConflict,   290, 1.46,    12,    57
3x3,  2850.txt, ida, linearConflict,    19, 1.05,    13,    15
3x3,  2851.txt, ida, linearConflict,    23, 1.08,    13,    17
3x3,  2852.txt, ida, linearConflict,    16, 1.03,    13,    15
3x3,  2853.txt, ida, linearConflict,    20, 1.06,    13,    15
3x3,  2854.txt, ida, linearConflict,   722, 1.53,    13,    90
3x3,  2855.txt, ida, linearConflict,    53, 1.19,    13,    28
3x3,  2856.txt, ida, linearConflict,    29, 1.11,    13,    19
3x3,  2857.txt, ida, linearConflict,   337, 1.43,    13,    63
3x3,  2858.txt, ida, linearConflict,    19, 1.05,    13,    17
3x3,  2859.txt, ida, linearConflict,    62, 1.21,    13,    29
3x3,  2860.txt, ida, linearConflict,    45, 1.17,    13,    25
3x3,  2861.txt, ida, linearConflict,   557, 1.49,    13,    86
3x3,  2862.txt, ida, linearConflict,   446, 1.46,    13,    69
3x3,  2863.txt, ida, linearConflict,    20, 1.06,    13,    17
3x3,  2864.txt, ida, linearConflict,    17, 1.04,    13,    15
3x3,  2865.txt, ida, linearConflict,    31, 1.12,    13,    20
3x3,  2866.txt, ida, linearConflict,    17, 1.04,    13,    16
3x3,  2867.txt, ida, linearConflict,    17, 1.04,    13,    16
3x3,  2868.txt, ida, linearConflict,    22, 1.07,    13,    17
3x3,  2869.txt, ida, linearConflict,    15, 1.02,    13,    15
3x3,  2870.txt, ida, linearConflict,    20, 1.06,    13,    17
3x3,  2871.txt, ida, linearConflict,    17, 1.04,    13,    17
3x3,  2872.txt, ida, linearConflict,   137, 1.31,    13,    42
3x3,  2873.txt, ida, linearConflict,    22, 1.07,    13,    18
3x3,  2874.txt, ida, linearConflict,    27, 1.10,    13,    19
3x3,  4743.txt, ida, linearConflict,   310, 1.37,    14,    61
3x3,  4744.txt, ida, linearConflict,  2108, 1.61,    14,   121
3x3,  4745.txt, ida, linearConflict,   223, 1.33,    14,    52
3x3,  4746.txt, ida, linearConflict,    41, 1.13,    14,    25
3x3,  4747.txt, ida, linearConflict,    47, 1.15,    14,    25
3x3,  4748.txt, ida, linearConflict,    54, 1.17,    14,    28
3x3,  4749.txt, ida, linearConflict,    28, 1.09,    14,    20
3x3,  4750.txt, ida, linearConflict,    20, 1.05,    14,    17
3x3,  4751.txt, ida, linearConflict,   371, 1.40,    14,    68
3x3,  4752.txt, ida, linearConflict,    25, 1.07,    14,    19
3x3,  4753.txt, ida, linearConflict,    18, 1.03,    14,    16
3x3,  4754.txt, ida, linearConflict,   103, 1.24,    14,    35
3x3,  4755.txt, ida, linearConflict,    79, 1.21,    14,    32
3x3,  4756.txt, ida, linearConflict,    30, 1.10,    14,    19
3x3,  4757.txt, ida, linearConflict,  1924, 1.60,    14,   134
3x3,  4758.txt, ida, linearConflict,    25, 1.07,    14,    18
3x3,  4759.txt, ida, linearConflict,   129, 1.27,    14,    38
3x3,  4760.txt, ida, linearConflict,   497, 1.43,    14,    77
3x3,  4761.txt, ida, linearConflict,    18, 1.03,    14,    16
3x3,  4762.txt, ida, linearConflict,  2336, 1.63,    14,   145
3x3,  4763.txt, ida, linearConflict,    72, 1.20,    14,    30
3x3,  4764.txt, ida, linearConflict,   700, 1.47,    14,    88
3x3,  4765.txt, ida, linearConflict,    34, 1.11,    14,    21
3x3,  4766.txt, ida, linearConflict,   129, 1.27,    14,    41
3x3,  4767.txt, ida, linearConflict,    21, 1.05,    14,    17
3x3,  7255.txt, ida, linearConflict,   145, 1.26,    15,    40
3x3,  7256.txt, ida, linearConflict,    35, 1.10,    15,    23
3x3,  7257.txt, ida, linearConflict,    27, 1.07,    15,    19
3x3,  7258.txt, ida, linearConflict,   624, 1.42,    15,    82
3x3,  7259.txt, ida, linearConflict,    36, 1.10,    15,    23
3x3,  7260.txt, ida, linearConflict,   399, 1.37,    15,    68
3x3,  7261.txt, ida, linearConflict,   426, 1.37,    15,    72
3x3,  7262.txt, ida, linearConflict,  2329, 1.57,    15,   141
3x3,  7263.txt, ida, linearConflict,    71, 1.18,    15,    30
3x3,  7264.txt, ida, linearConflict,    66, 1.17,    15,    29
3x3,  7265.txt, ida, linearConflict,  2073, 1.55,    15,   128
3x3,  7266.txt, ida, linearConflict,   141, 1.25,    15,    41
3x3,  7267.txt, ida, linearConflict,    19, 1.03,    15,    16
3x3,  7268.txt, ida, linearConflict,  1959, 1.55,    15,   139
3x3,  7269.txt, ida, linearConflict,  1671, 1.53,    15,   126
3x3,  7270.txt, ida, linearConflict,  2304, 1.57,    15,   155
3x3,  7271.txt, ida, linearConflict,    24, 1.06,    15,    18
3x3,  7272.txt, ida, linearConflict,   168, 1.27,    15,    43
3x3,  7273.txt, ida, linearConflict,    32, 1.09,    15,    20
3x3,  7274.txt, ida, linearConflict,    37, 1.11,    15,    22
3x3,  7275.txt, ida, linearConflict,   262, 1.32,    15,    54
3x3,  7276.txt, ida, linearConflict,   482, 1.39,    15,    73
3x3,  7277.txt, ida, linearConflict,  4710, 1.65,    15,   216
3x3,  7278.txt, ida, linearConflict,   269, 1.32,    15,    58
3x3,  7279.txt, ida, linearConflict,   292, 1.33,    15,    55
3x3,  9975.txt, ida, linearConflict,  2414, 1.52,    16,   145
3x3,  9976.txt, ida, linearConflict,   330, 1.32,    16,    59
3x3,  9977.txt, ida, linearConflict,   167, 1.25,    16,    46
3x3,  9978.txt, ida, linearConflict,   907, 1.42,    16,   100
3x3,  9979.txt, ida, linearConflict,  3093, 1.55,    16,   174
3x3,  9980.txt, ida, linearConflict,   206, 1.27,    16,    48
3x3,  9981.txt, ida, linearConflict,   834, 1.41,    16,    99
3x3,  9982.txt, ida, linearConflict,    32, 1.08,    16,    24
3x3,  9983.txt, ida, linearConflict,  6037, 1.62,    16,   245
3x3,  9984.txt, ida, linearConflict,  1482, 1.47,    16,   125
3x3,  9985.txt, ida, linearConflict,  1711, 1.49,    16,   124
3x3,  9986.txt, ida, linearConflict,   481, 1.35,    16,    70
3x3,  9987.txt, ida, linearConflict,   759, 1.40,    16,    89
3x3,  9988.txt, ida, linearConflict,  1691, 1.48,    16,   126
3x3,  9989.txt, ida, linearConflict,   211, 1.27,    16,    48
3x3,  9990.txt, ida, linearConflict,    33, 1.08,    16,    21
3x3,  9991.txt, ida, linearConflict,   493, 1.36,    16,    73
3x3,  9992.txt, ida, linearConflict,  1394, 1.46,    16,   116
3x3,  9993.txt, ida, linearConflict,   231, 1.28,    16,    52
3x3,  9994.txt, ida, linearConflict,   219, 1.27,    16,    49
3x3,  9995.txt, ida, linearConflict,   291, 1.30,    16,    57
3x3,  9996.txt, ida, linearConflict,    39, 1.10,    16,    23
3x3,  9997.txt, ida, linearConflict,   236, 1.28,    16,    50
3x3,  9998.txt, ida, linearConflict,    95, 1.19,    16,    33
3x3,  9999.txt, ida, linearConflict,    90, 1.18,    16,    33
3x3, 17378.txt, ida, linearConflict,   317, 1.29,    17,    60
3x3, 17379.txt, ida, linearConflict,  2557, 1.49,    17,   149
3x3, 17380.txt, ida, linearConflict,   218, 1.25,    17,    48
3x3, 17381.txt, ida, linearConflict,   404, 1.31,    17,    71
3x3, 17382.txt, ida, linearConflict,   133, 1.20,    17,    39
3x3, 17383.txt, ida, linearConflict,  2720, 1.49,    17,   154
3x3, 17384.txt, ida, linearConflict,    34, 1.07,    17,    22
3x3, 17385.txt, ida, linearConflict,    80, 1.16,    17,    30
3x3, 17386.txt, ida, linearConflict,   941, 1.39,    17,   101
3x3, 17387.txt, ida, linearConflict,    33, 1.07,    17,    20
3x3, 17388.txt, ida, linearConflict,  7231, 1.59,    17,   308
3x3, 17389.txt, ida, linearConflict,  1921, 1.46,    17,   138
3x3, 17390.txt, ida, linearConflict,  7032, 1.59,    17,   291
3x3, 17391.txt, ida, linearConflict,  9124, 1.62,    17,   340
3x3, 17392.txt, ida, linearConflict,   914, 1.39,    17,    99
3x3, 17393.txt, ida, linearConflict,   369, 1.30,    17,    64
3x3, 17394.txt, ida, linearConflict,  4321, 1.54,    17,   223
3x3, 17395.txt, ida, linearConflict,   947, 1.39,    17,   102
3x3, 17396.txt, ida, linearConflict,  1269, 1.42,    17,   117
3x3, 17397.txt, ida, linearConflict,  3820, 1.53,    17,   212
3x3, 17398.txt, ida, linearConflict,   127, 1.20,    17,    41
3x3, 17399.txt, ida, linearConflict,    87, 1.16,    17,    33
3x3, 17400.txt, ida, linearConflict,   635, 1.35,    17,    89
3x3, 17401.txt, ida, linearConflict,  1849, 1.45,    17,   156
3x3, 17402.txt, ida, linearConflict,    93, 1.17,    17,    34
3x3, 26907.txt, ida, linearConflict,   361, 1.27,    18,    63
3x3, 26908.txt, ida, linearConflict, 18965, 1.64,    18,   444
3x3, 26909.txt, ida, linearConflict,  2308, 1.44,    18,   154
3x3, 26910.txt, ida, linearConflict,    40, 1.08,    18,    22
3x3, 26911.txt, ida, linearConflict,   163, 1.21,    18,    41
3x3, 26912.txt, ida, linearConflict,   988, 1.36,    18,   113
3x3, 26913.txt, ida, linearConflict,  1383, 1.39,    18,   114
3x3, 26914.txt, ida, linearConflict,  2888, 1.46,    18,   176
3x3, 26915.txt, ida, linearConflict,   696, 1.33,    18,    90
3x3, 26916.txt, ida, linearConflict,   115, 1.17,    18,    38
3x3, 26917.txt, ida, linearConflict,  1908, 1.42,    18,   149
3x3, 26918.txt, ida, linearConflict, 15336, 1.62,    18,   441
3x3, 26919.txt, ida, linearConflict,   955, 1.36,    18,   110
3x3, 26920.txt, ida, linearConflict,  1496, 1.40,    18,   141
3x3, 26921.txt, ida, linearConflict,  2720, 1.45,    18,   161
3x3, 26922.txt, ida, linearConflict,    35, 1.07,    18,    22
3x3, 26923.txt, ida, linearConflict,   349, 1.27,    18,    62
3x3, 26924.txt, ida, linearConflict,  2828, 1.46,    18,   186
3x3, 26925.txt, ida, linearConflict,  9320, 1.57,    18,   357
3x3, 26926.txt, ida, linearConflict,  2378, 1.44,    18,   169
3x3, 26927.txt, ida, linearConflict,   213, 1.23,    18,    50
3x3, 26928.txt, ida, linearConflict,   255, 1.24,    18,    54
3x3, 26929.txt, ida, linearConflict,   123, 1.18,    18,    37
3x3, 26930.txt, ida, linearConflict,   832, 1.35,    18,    97
3x3, 26931.txt, ida, linearConflict,  2192, 1.43,    18,   149
3x3, 37785.txt, ida, linearConflict,  1117, 1.35,    19,   109
3x3, 37786.txt, ida, linearConflict,   104, 1.15,    19,    33
3x3, 37787.txt, ida, linearConflict,   574, 1.29,    19,    74
3x3, 37788.txt, ida, linearConflict,  1960, 1.39,    19,   142
3x3, 37789.txt, ida, linearConflict,  2132, 1.40,    19,   154
3x3, 37790.txt, ida, linearConflict,  4278, 1.46,    19,   204
3x3, 37791.txt, ida, linearConflict,  4184, 1.46,    19,   195
3x3, 37792.txt, ida, linearConflict,  6621, 1.50,    19,   247
3x3, 37793.txt, ida, linearConflict,    94, 1.14,    19,    33
3x3, 37794.txt, ida, linearConflict, 14919, 1.57,    19,   426
3x3, 37795.txt, ida, linearConflict,  7047, 1.51,    19,   261
3x3, 37796.txt, ida, linearConflict,   954, 1.33,    19,   108
3x3, 37797.txt, ida, linearConflict,  2306, 1.41,    19,   144
3x3, 37798.txt, ida, linearConflict,   622, 1.30,    19,    83
3x3, 37799.txt, ida, linearConflict,   736, 1.31,    19,    93
3x3, 37800.txt, ida, linearConflict,  1903, 1.39,    19,   146
3x3, 37801.txt, ida, linearConflict,   363, 1.25,    19,    62
3x3, 37802.txt, ida, linearConflict,  1132, 1.35,    19,   104
3x3, 37803.txt, ida, linearConflict,  1703, 1.38,    19,   132
3x3, 37804.txt, ida, linearConflict,   580, 1.29,    19,    79
3x3, 37805.txt, ida, linearConflict, 10865, 1.54,    19,   310
3x3, 37806.txt, ida, linearConflict,  2492, 1.42,    19,   153
3x3, 37807.txt, ida, linearConflict,  1190, 1.35,    19,   117
3x3, 37808.txt, ida, linearConflict,  1209, 1.35,    19,   108
3x3, 37809.txt, ida, linearConflict, 16085, 1.58,    19,   405
3x3, 54773.txt, ida, linearConflict,  6453, 1.46,    20,   262
3x3, 54774.txt, ida, linearConflict,  1116, 1.32,    20,   111
3x3, 54775.txt, ida, linearConflict,  1633, 1.35,    20,   128
3x3, 54777.txt, ida, linearConflict, 17974, 1.55,    20,   431
3x3, 54778.txt, ida, linearConflict,   784, 1.30,    20,    87
3x3, 54779.txt, ida, linearConflict,   367, 1.24,    20,    62
3x3, 54780.txt, ida, linearConflict,  1534, 1.35,    20,   117
3x3, 54782.txt, ida, linearConflict,   183, 1.18,    20,    42
3x3, 54783.txt, ida, linearConflict, 10958, 1.51,    20,   304
3x3, 54784.txt, ida, linearConflict,   100, 1.14,    20,    35
3x3, 54785.txt, ida, linearConflict,  2367, 1.38,    20,   160
3x3, 54787.txt, ida, linearConflict,   434, 1.25,    20,    67
3x3, 54788.txt, ida, linearConflict,   648, 1.28,    20,    80
3x3, 54789.txt, ida, linearConflict, 193526, 1.76,    20,  2552
3x3, 54790.txt, ida, linearConflict,  7067, 1.47,    20,   243
3x3, 54791.txt, ida, linearConflict,  1347, 1.34,    20,   114
3x3, 54792.txt, ida, linearConflict,   762, 1.29,    20,    87
3x3, 54794.txt, ida, linearConflict,   474, 1.26,    20,    71
3x3, 54795.txt, ida, linearConflict,   146, 1.17,    20,    40
3x3, 54796.txt, ida, linearConflict,  2482, 1.39,    20,   156
3x3, 54797.txt, ida, linearConflict, 10058, 1.50,    20,   310
3x3, 54798.txt, ida, linearConflict,  3583, 1.42,    20,   172
3x3, 54799.txt, ida, linearConflict,  1276, 1.33,    20,   113
3x3, 54801.txt, ida, linearConflict, 17863, 1.55,    20,   440
3x3, 54802.txt, ida, linearConflict,   108, 1.14,    20,    35
4x4,     1.txt, ida, linearConflict,     2, 2.00,     1,     7
4x4,     2.txt, ida, linearConflict,     2, 2.00,     1,     8
4x4,     3.txt, ida, linearConflict,     3, 1.30,     2,    10
4x4,     4.txt, ida, linearConflict,     3, 1.30,     2,    11
4x4,     6.txt, ida, linearConflict,     3, 1.30,     2,    10
4x4,     7.txt, ida, linearConflict,     3, 1.30,     2,     8
4x4,    10.txt, ida, linearConflict,     4, 1.15,     3,    11
4x4,    11.txt, ida, linearConflict,     4, 1.15,     3,    12
4x4,    12.txt, ida, linearConflict,     4, 1.15,     3,    12
4x4,    13.txt, ida, linearConflict,     4, 1.15,     3,     8
4x4,    14.txt, ida, linearConflict,     4, 1.15,     3,    11
4x4,    15.txt, ida, linearConflict,     4, 1.15,     3,    11
4x4,    16.txt, ida, linearConflict,     4, 1.15,     3,    12
4x4,    17.txt, ida, linearConflict,     4, 1.15,     3,    11
4x4,     8.txt, ida, linearConflict,     4, 1.15,     3,    12
4x4,     9.txt, ida, linearConflict,     4, 1.15,     3,    11
4x4,    18.txt, ida, linearConflict,     5, 1.09,     4,    13
4x4,    19.txt, ida, linearConflict,     5, 1.09,     4,    14
4x4,    20.txt, ida, linearConflict,     5, 1.09,     4,    14
4x4,    21.txt, ida, linearConflict,     5, 1.09,     4,    13
4x4,    22.txt, ida, linearConflict,     5, 1.09,     4,    15
4x4,    23.txt, ida, linearConflict,     5, 1.09,     4,    12
4x4,    24.txt, ida, linearConflict,     5, 1.09,     4,    12
4x4,    25.txt, ida, linearConflict,     5, 1.09,     4,    12
4x4,    26.txt, ida, linearConflict,     5, 1.09,     4,    12
4x4,    27.txt, ida, linearConflict,     5, 1.09,     4,    13
4x4,    28.txt, ida, linearConflict,     5, 1.09,     4,    14
4x4,    29.txt, ida, linearConflict,     5, 1.09,     4,    13
4x4,    30.txt, ida, linearConflict,     5, 1.09,     4,    12
4x4,    31.txt, ida, linearConflict,     5, 1.09,     4,    12
4x4,    32.txt, ida, linearConflict,     5, 1.09,     4,    13
4x4,    33.txt, ida, linearConflict,     5, 1.09,     4,    12
4x4,    34.txt, ida, linearConflict,     5, 1.09,     4,    14
4x4,    35.txt, ida, linearConflict,     5, 1.09,     4,    12
4x4,    36.txt, ida, linearConflict,     5, 1.09,     4,    11
4x4,    37.txt, ida, linearConflict,     5, 1.09,     4,    13
4x4,    38.txt, ida, linearConflict,     5, 1.09,     4,    12
4x4,    39.txt, ida, linearConflict,     5, 1.09,     4,    12
4x4,    40.txt, ida, linearConflict,     5, 1.09,     4,    12
4x4,    41.txt, ida, linearConflict,     5, 1.09,     4,    14
4x4,    71.txt, ida, linearConflict,     6, 1.06,     5,    14
4x4,    72.txt, ida, linearConflict,     6, 1.06,     5,    13
4x4,    73.txt, ida, linearConflict,     6, 1.06,     5,    13
4x4,    74.txt, ida, linearConflict,     6, 1.06,     5,    12
4x4,    75.txt, ida, linearConflict,     6, 1.06,     5,    13
4x4,    76.txt, ida, linearConflict,     6, 1.06,     5,    13
4x4,    77.txt, ida, linearConflict,     6, 1.06,     5,    13
4x4,    78.txt, ida, linearConflict,     6, 1.06,     5,    14
4x4,    79.txt, ida, linearConflict,     7, 1.11,     5,    15
4x4,    80.txt, ida, linearConflict,     6, 1.06,     5,    12
4x4,    81.txt, ida, linearConflict,     6, 1.06,     5,    13
4x4,    82.txt, ida, linearConflict,     6, 1.06,     5,    13
4x4,    83.txt, ida, linearConflict,     6, 1.06,     5,    14
4x4,    84.txt, ida, linearConflict,     6, 1.06,     5,    13
4x4,    85.txt, ida, linearConflict,     6, 1.06,     5,    13
4x4,    86.txt, ida, linearConflict,     6, 1.06,     5,    14
4x4,    87.txt, ida, linearConflict,     6, 1.06,     5,    14
4x4,    88.txt, ida, linearConflict,     6, 1.06,     5,    13
4x4,    89.txt, ida, linearConflict,     6, 1.06,     5,    13
4x4,    90.txt, ida, linearConflict,     6, 1.06,     5,    13
4x4,    91.txt, ida, linearConflict,     6, 1.06,     5,    13
4x4,    92.txt, ida, linearConflict,     6, 1.06,     5,    13
4x4,    93.txt, ida, linearConflict,     6, 1.06,     5,    13
4x4,    94.txt, ida, linearConflict,     6, 1.06,     5,    13
4x4,    95.txt, ida, linearConflict,     6, 1.06,     5,    14
4x4,   182.txt, ida, linearConflict,     7, 1.04,     6,    14
4x4,   183.txt, ida, linearConflict,     7, 1.04,     6,    14
4x4,   184.txt, ida, linearConflict,     7, 1.04,     6,    16
4x4,   185.txt, ida, linearConflict,     7, 1.04,     6,    16
4x4,   186.txt, ida, linearConflict,     7, 1.04,     6,    16
4x4,   187.txt, ida, linearConflict,     7, 1.04,     6,    16
4x4,   188.txt, ida, linearConflict,     7, 1.04,     6,    15
4x4,   189.txt, ida, linearConflict,     7, 1.04,     6,    15
4x4,   190.txt, ida, linearConflict,     7, 1.04,     6,    17
4x4,   191.txt, ida, linearConflict,     7, 1.04,     6,    14
4x4,   192.txt, ida, linearConflict,     9, 1.12,     6,    15
4x4,   193.txt, ida, linearConflict,     7, 1.04,     6,    15
4x4,   194.txt, ida, linearConflict,     7, 1.04,     6,    15
4x4,   195.txt, ida, linearConflict,     7, 1.04,     6,    15
4x4,   196.txt, ida, linearConflict,     7, 1.04,     6,    14
4x4,   197.txt, ida, linearConflict,     7, 1.04,     6,    14
4x4,   198.txt, ida, linearConflict,     7, 1.04,     6,    14
4x4,   199.txt, ida, linearConflict,     7, 1.04,     6,    14
4x4,   200.txt, ida, linearConflict,     7, 1.04,     6,    13
4x4,   201.txt, ida, linearConflict,     7, 1.04,     6,    15
4x4,   202.txt, ida, linearConflict,     7, 1.04,     6,    16
4x4,    96.txt, ida, linearConflict,     7, 1.04,     6,    16
4x4,    97.txt, ida, linearConflict,     7, 1.04,     6,    15
4x4,    98.txt, ida, linearConflict,     7, 1.04,     6,    14
4x4,    99.txt, ida, linearConflict,     7, 1.04,     6,    16
4x4,   390.txt, ida, linearConflict,    11, 1.11,     7,    19
4x4,   391.txt, ida, linearConflict,     8, 1.03,     7,    15
4x4,   392.txt, ida, linearConflict,     8, 1.03,     7,    18
4x4,   393.txt, ida, linearConflict,     8, 1.03,     7,    16
4x4,   394.txt, ida, linearConflict,     8, 1.03,     7,    16
4x4,   395.txt, ida, linearConflict,     8, 1.03,     7,    15
4x4,   396.txt, ida, linearConflict,     8, 1.03,     7,    17
4x4,   397.txt, ida, linearConflict,     8, 1.03,     7,    15
4x4,   398.txt, ida, linearConflict,     8, 1.03,     7,    16
4x4,   399.txt, ida, linearConflict,     8, 1.03,     7,    15
4x4,   400.txt, ida, linearConflict,     8, 1.03,     7,    14
4x4,   401.txt, ida, linearConflict,     8, 1.03,     7,    15
4x4,   402.txt, ida, linearConflict,    10, 1.09,     7,    18
4x4,   403.txt, ida, linearConflict,     8, 1.03,     7,    16
4x4,   404.txt, ida, linearConflict,     9, 1.06,     7,    17
4x4,   405.txt, ida, linearConflict,     8, 1.03,     7,    17
4x4,   406.txt, ida, linearConflict,     9, 1.06,     7,    17
4x4,   407.txt, ida, linearConflict,    11, 1.11,     7,    17
4x4,   408.txt, ida, linearConflict,     8, 1.03,     7,    17
4x4,   409.txt, ida, linearConflict,     8, 1.03,     7,    17
4x4,   410.txt, ida, linearConflict,     8, 1.03,     7,    16
4x4,   411.txt, ida, linearConflict,     8, 1.03,     7,    15
4x4,   412.txt, ida, linearConflict,     8, 1.03,     7,    16
4x4,   413.txt, ida, linearConflict,     8, 1.03,     7,    15
4x4,   414.txt, ida, linearConflict,     8, 1.03,     7,    16
4x4,   836.txt, ida, linearConflict,    13, 1.11,     8,    20
4x4,   837.txt, ida, linearConflict,    19, 1.19,     8,    24
4x4,   838.txt, ida, linearConflict,    12, 1.09,     8,    18
4x4,   839.txt, ida, linearConflict,     9, 1.03,     8,    16
4x4,   840.txt, ida, linearConflict,     9, 1.03,     8,    16
4x4,   841.txt, ida, linearConflict,    11, 1.07,     8,    18
4x4,   842.txt, ida, linearConflict,    11, 1.07,     8,    18
4x4,   843.txt, ida, linearConflict,    11, 1.07,     8,    17
4x4,   844.txt, ida, linearConflict,    14, 1.12,     8,    21
4x4,   845.txt, ida, linearConflict,    10, 1.05,     8,    17
4x4,   846.txt, ida, linearConflict,    11, 1.07,     8,    18
4x4,   847.txt, ida, linearConflict,     9, 1.03,     8,    17
4x4,   848.txt, ida, linearConflict,     9, 1.03,     8,    17
4x4,   849.txt, ida, linearConflict,    10, 1.05,     8,    16
4x4,   850.txt, ida, linearConflict,    11, 1.07,     8,    17
4x4,   851.txt, ida, linearConflict,    10, 1.05,     8,    18
4x4,   852.txt, ida, linearConflict,     9, 1.03,     8,    16
4x4,   853.txt, ida, linearConflict,    32, 1.31,     8,    27
4x4,   854.txt, ida, linearConflict,     9, 1.03,     8,    17
4x4,   855.txt, ida, linearConflict,    10, 1.05,     8,    16
4x4,   856.txt, ida, linearConflict,    13, 1.11,     8,    20
4x4,   857.txt, ida, linearConflict,     9, 1.03,     8,    17
4x4,   858.txt, ida, linearConflict,    12, 1.09,     8,    20
4x4,   859.txt, ida, linearConflict,     9, 1.03,     8,    15
4x4,   860.txt, ida, linearConflict,    15, 1.14,     8,    20
4x4,   975.txt, ida, linearConflict,    13, 1.07,     9,    20
4x4,   976.txt, ida, linearConflict,    11, 1.04,     9,    19
4x4,   977.txt, ida, linearConflict,    28, 1.22,     9,    27
4x4,   978.txt, ida, linearConflict,    12, 1.06,     9,    18
4x4,   979.txt, ida, linearConflict,    10, 1.02,     9,    16
4x4,   980.txt, ida, linearConflict,    10, 1.02,     9,    17
4x4,   981.txt, ida, linearConflict,    11, 1.04,     9,    18
4x4,   982.txt, ida, linearConflict,    10, 1.02,     9,    17
4x4,   983.txt, ida, linearConflict,    11, 1.04,     9,    17
4x4,   984.txt, ida, linearConflict,    12, 1.06,     9,    21
4x4,   985.txt, ida, linearConflict,    10, 1.02,     9,    17
4x4,   986.txt, ida, linearConflict,    12, 1.06,     9,    19
4x4,   987.txt, ida, linearConflict,    20, 1.16,     9,    23
4x4,   988.txt, ida, linearConflict,    11, 1.04,     9,    17
4x4,   989.txt, ida, linearConflict,    13, 1.07,     9,    19
4x4,   990.txt, ida, linearConflict,    10, 1.02,     9,    18
4x4,   991.txt, ida, linearConflict,    10, 1.02,     9,    18
4x4,   992.txt, ida, linearConflict,    10, 1.02,     9,    16
4x4,   993.txt, ida, linearConflict,    10, 1.02,     9,    17
4x4,   994.txt, ida, linearConflict,    14, 1.09,     9,    20
4x4,   995.txt, ida, linearConflict,    10, 1.02,     9,    17
4x4,   996.txt, ida, linearConflict,    10, 1.02,     9,    16
4x4,   997.txt, ida, linearConflict,    13, 1.07,     9,    20
4x4,   998.txt, ida, linearConflict,    10, 1.02,     9,    18
4x4,   999.txt, ida, linearConflict,    10, 1.02,     9,    16
4x4,  3730.txt, ida, linearConflict,    14, 1.06,    10,    19
4x4,  3731.txt, ida, linearConflict,    17, 1.09,    10,    20
4x4,  3732.txt, ida, linearConflict,    17, 1.09,    10,    22
4x4,  3733.txt, ida, linearConflict,    11, 1.02,    10,    17
4x4,  3734.txt, ida, linearConflict,    18, 1.10,    10,    21
4x4,  3735.txt, ida, linearConflict,    13, 1.05,    10,    19
4x4,  3736.txt, ida, linearConflict,    14, 1.06,    10,    21
4x4,  3737.txt, ida, linearConflict,    11, 1.02,    10,    18
4x4,  3738.txt, ida, linearConflict,    14, 1.06,    10,    19
4x4,  3739.txt, ida, linearConflict,    25, 1.16,    10,    26
4x4,  3740.txt, ida, linearConflict,    14, 1.06,    10,    20
4x4,  3741.txt, ida, linearConflict,    11, 1.02,    10,    18
4x4,  3742.txt, ida, linearConflict,    22, 1.14,    10,    24
4x4,  3743.txt, ida, linearConflict,    13, 1.05,    10,    19
4x4,  3744.txt, ida, linearConflict,   159, 1.49,    10,    53
4x4,  3745.txt, ida, linearConflict,    17, 1.09,    10,    23
4x4,  3746.txt, ida, linearConflict,   139, 1.46,    10,    54
4x4,  3747.txt, ida, linearConflict,    11, 1.02,    10,    17
4x4,  3748.txt, ida, linearConflict,   167, 1.50,    10,    56
4x4,  3749.txt, ida, linearConflict,    11, 1.02,    10,    18
4x4,  3750.txt, ida, linearConflict,    24, 1.15,    10,    25
4x4,  3751.txt, ida, linearConflict,    11, 1.02,    10,    18
4x4,  3752.txt, ida, linearConflict,    12, 1.03,    10,    17
4x4,  3753.txt, ida, linearConflict,    11, 1.02,    10,    17
4x4,  3754.txt, ida, linearConflict,    39, 1.24,    10,    29
4x4,  7668.txt, ida, linearConflict,    19, 1.09,    11,    22
4x4,  7669.txt, ida, linearConflict,    26, 1.14,    11,    25
4x4,  7670.txt, ida, linearConflict,    47, 1.23,    11,    32
4x4,  7671.txt, ida, linearConflict,    15, 1.05,    11,    20
4x4,  7672.txt, ida, linearConflict,    15, 1.05,    11,    20
4x4,  7673.txt, ida, linearConflict,    12, 1.01,    11,    19
4x4,  7674.txt, ida, linearConflict,    12, 1.01,    11,    17
4x4,  7675.txt, ida, linearConflict,    12, 1.01,    11,    18
4x4,  7676.txt, ida, linearConflict,    18, 1.08,    11,    21
4x4,  7677.txt, ida, linearConflict,    15, 1.05,    11,    20
4x4,  7678.txt, ida, linearConflict,   259, 1.50,    11,    68
4x4,  7679.txt, ida, linearConflict,    29, 1.16,    11,    26
4x4,  7680.txt, ida, linearConflict,    15, 1.05,    11,    20
4x4,  7681.txt, ida, linearConflict,    47, 1.23,    11,    33
4x4,  7682.txt, ida, linearConflict,    47, 1.23,    11,    32
4x4,  7683.txt, ida, linearConflict,    12, 1.01,    11,    17
4x4,  7684.txt, ida, linearConflict,    41, 1.21,    11,    30
4x4,  7685.txt, ida, linearConflict,    41, 1.21,    11,    30
4x4,  7686.txt, ida, linearConflict,    89, 1.33,    11,    41
4x4,  7687.txt, ida, linearConflict,    14, 1.04,    11,    20
4x4,  7688.txt, ida, linearConflict,    15, 1.05,    11,    20
4x4,  7689.txt, ida, linearConflict,    15, 1.05,    11,    19
4x4,  7690.txt, ida, linearConflict,   324, 1.54,    11,    75
4x4,  7691.txt, ida, linearConflict,    12, 1.01,    11,    19
4x4,  7692.txt, ida, linearConflict,    80, 1.31,    11,    39
4x4,  9975.txt, ida, linearConflict,    64, 1.24,    12,    38
4x4,  9976.txt, ida, linearConflict,    20, 1.08,    12,    22
4x4,  9977.txt, ida, linearConflict,    13, 1.01,    12,    18
4x4,  9978.txt, ida, linearConflict,    19, 1.07,    12,    23
4x4,  9979.txt, ida, linearConflict,    28, 1.13,    12,    26
4x4,  9980.txt, ida, linearConflict,    16, 1.04,    12,    20
4x4,  9981.txt, ida, linearConflict,    14, 1.02,    12,    20
4x4,  9982.txt, ida, linearConflict,    90, 1.29,    12,    42
4x4,  9983.txt, ida, linearConflict,    31, 1.14,    12,    28
4x4,  9984.txt, ida, linearConflict,   149, 1.36,    12,    49
4x4,  9985.txt, ida, linearConflict,   464, 1.53,    12,    99
4x4,  9986.txt, ida, linearConflict,    13, 1.01,    12,    19
4x4,  9987.txt, ida, linearConflict,    17, 1.05,    12,    21
4x4,  9988.txt, ida, linearConflict,    16, 1.04,    12,    21
4x4,  9989.txt, ida, linearConflict,    14, 1.02,    12,    21
4x4,  9990.txt, ida, linearConflict,    15, 1.03,    12,    19
4x4,  9991.txt, ida, linearConflict,    20, 1.08,    12,    22
4x4,  9992.txt, ida, linearConflict,    13, 1.01,    12,    18
4x4,  9993.txt, ida, linearConflict,    13, 1.01,    12,    19
4x4,  9994.txt, ida, linearConflict,    17, 1.05,    12,    22
4x4,  9995.txt, ida, linearConflict,    13, 1.01,    12,    18
4x4,  9996.txt, ida, linearConflict,    15, 1.03,    12,    20
4x4,  9997.txt, ida, linearConflict,    34, 1.15,    12,    29
4x4,  9998.txt, ida, linearConflict,    49, 1.20,    12,    32
4x4,  9999.txt, ida, linearConflict,    13, 1.01,    12,    18
4x4, 31020.txt, ida, linearConflict,   194, 1.35,    13,    60
4x4, 31021.txt, ida, linearConflict,    18, 1.05,    13,    22
4x4, 31022.txt, ida, linearConflict,    20, 1.06,    13,    24
4x4, 31023.txt, ida, linearConflict,    20, 1.06,    13,    22
4x4, 31024.txt, ida, linearConflict,    14, 1.01,    13,    19
4x4, 31025.txt, ida, linearConflict,    21, 1.07,    13,    24
4x4, 31026.txt, ida, linearConflict,    19, 1.05,    13,    22
4x4, 31027.txt, ida, linearConflict,   112, 1.28,    13,    44
4x4, 31028.txt, ida, linearConflict,    82, 1.24,    13,    41
4x4, 31029.txt, ida, linearConflict,    16, 1.03,    13,    19
4x4, 31030.txt, ida, linearConflict,    16, 1.03,    13,    21
4x4, 31031.txt, ida, linearConflict,    14, 1.01,    13,    18
4x4, 31032.txt, ida, linearConflict,    16, 1.03,    13,    20
4x4, 31033.txt, ida, linearConflict,    16, 1.03,    13,    19
4x4, 31034.txt, ida, linearConflict,    14, 1.01,    13,    19
4x4, 31035.txt, ida, linearConflict,    20, 1.06,    13,    22
4x4, 31036.txt, ida, linearConflict,    32, 1.12,    13,    28
4x4, 31037.txt, ida, linearConflict,    17, 1.04,    13,    21
4x4, 31038.txt, ida, linearConflict,    25, 1.09,    13,    24
4x4, 31039.txt, ida, linearConflict,    56, 1.20,    13,    33
4x4, 31040.txt, ida, linearConflict,    20, 1.06,    13,    24
4x4, 31041.txt, ida, linearConflict,    21, 1.07,    13,    24
4x4, 31042.txt, ida, linearConflict,    24, 1.08,    13,    25
4x4, 31043.txt, ida, linearConflict,    67, 1.22,    13,    35
4x4, 31044.txt, ida, linearConflict,    17, 1.04,    13,    20
4x4, 61841.txt, ida, linearConflict,    19, 1.04,    14,    22
4x4, 61842.txt, ida, linearConflict,    19, 1.04,    14,    20
4x4, 61843.txt, ida, linearConflict,    23, 1.06,    14,    27
4x4, 61844.txt, ida, linearConflict,    35, 1.12,    14,    28
4x4, 61845.txt, ida, linearConflict,    26, 1.08,    14,    25
4x4, 61846.txt, ida, linearConflict,    39, 1.13,    14,    29
4x4, 61847.txt, ida, linearConflict,  2031, 1.61,    14,   175
4x4, 61848.txt, ida, linearConflict,    34, 1.11,    14,    29
4x4, 61849.txt, ida, linearConflict,  2144, 1.61,    14,   184
4x4, 61850.txt, ida, linearConflict,    59, 1.18,    14,    36
4x4, 61851.txt, ida, linearConflict,    17, 1.03,    14,    20
4x4, 61852.txt, ida, linearConflict,    17, 1.03,    14,    22
4x4, 61853.txt, ida, linearConflict,   162, 1.30,    14,    53
4x4, 61854.txt, ida, linearConflict,    53, 1.17,    14,    34
4x4, 61855.txt, ida, linearConflict,    16, 1.02,    14,    20
4x4, 61856.txt, ida, linearConflict,   116, 1.26,    14,    45
4x4, 61857.txt, ida, linearConflict,    76, 1.21,    14,    39
4x4, 61858.txt, ida, linearConflict,    16, 1.02,    14,    20
4x4, 61859.txt, ida, linearConflict,    17, 1.03,    14,    21
4x4, 61860.txt, ida, linearConflict,    17, 1.03,    14,    20
4x4, 61861.txt, ida, linearConflict,    30, 1.10,    14,    28
4x4, 61862.txt, ida, linearConflict,    33, 1.11,    14,    28
4x4, 61863.txt, ida, linearConflict,    25, 1.07,    14,    25
4x4, 61864.txt, ida, linearConflict,   265, 1.36,    14,    67
4x4, 61865.txt, ida, linearConflict,    23, 1.06,    14,    22
4x4, 99975.txt, ida, linearConflict,  1383, 1.51,    15,   140
4x4, 99976.txt, ida, linearConflict,  1410, 1.51,    15,   142
4x4, 99977.txt, ida, linearConflict,    17, 1.02,    15,    19
4x4, 99978.txt, ida, linearConflict,    19, 1.03,    15,    23
4x4, 99979.txt, ida, linearConflict,    33, 1.09,    15,    28
4x4, 99980.txt, ida, linearConflict,    16, 1.01,    15,    20
4x4, 99981.txt, ida, linearConflict,    35, 1.10,    15,    28
4x4, 99982.txt, ida, linearConflict,    19, 1.03,    15,    22
4x4, 99983.txt, ida, linearConflict,    18, 1.02,    15,    21
4x4, 99984.txt, ida, linearConflict,    23, 1.05,    15,    23
4x4, 99985.txt, ida, linearConflict,    17, 1.02,    15,    20
4x4, 99986.txt, ida, linearConflict,   102, 1.22,    15,    43
4x4, 99987.txt, ida, linearConflict,   121, 1.24,    15,    44
4x4, 99988.txt, ida, linearConflict,    18, 1.02,    15,    20
4x4, 99989.txt, ida, linearConflict,    52, 1.14,    15,    32
4x4, 99990.txt, ida, linearConflict,   174, 1.28,    15,    52
4x4, 99991.txt, ida, linearConflict,    44, 1.13,    15,    34
4x4, 99992.txt, ida, linearConflict,    37, 1.11,    15,    28
4x4, 99993.txt, ida, linearConflict,    24, 1.06,    15,    25
4x4, 99994.txt, ida, linearConflict,    31, 1.09,    15,    27
4x4, 99995.txt, ida, linearConflict,    21, 1.04,    15,    23
4x4, 99996.txt, ida, linearConflict,    16, 1.01,    15,    21
4x4, 99997.txt, ida, linearConflict,    29, 1.08,    15,    27
4x4, 99998.txt, ida, linearConflict,    18, 1.02,    15,    22
4x4, 99999.txt, ida, linearConflict,    18, 1.02,    15,    21
4x4, 241683.txt, ida, linearConflict,    81, 1.17,    16,    40
4x4, 241684.txt, ida, linearConflict,   182, 1.26,    16,    57
4x4, 241685.txt, ida, linearConflict,    21, 1.03,    16,    22
4x4, 241686.txt, ida, linearConflict,    35, 1.09,    16,    28
4x4, 241687.txt, ida, linearConflict,    21, 1.03,    16,    23
4x4, 241688.txt, ida, linearConflict,    21, 1.03,    16,    23
4x4, 241689.txt, ida, linearConflict,    20, 1.03,    16,    22
4x4, 241690.txt, ida, linearConflict,    21, 1.03,    16,    22
4x4, 241691.txt, ida, linearConflict,  6596, 1.63,    16,   372
4x4, 241692.txt, ida, linearConflict, 15191, 1.73,    16,   669
4x4, 241693.txt, ida, linearConflict,  5778, 1.62,    16,   339
4x4, 241694.txt, ida, linearConflict,    44, 1.11,    16,    34
4x4, 241695.txt, ida, linearConflict,    25, 1.05,    16,    25
4x4, 241696.txt, ida, linearConflict,  8375, 1.66,    16,   424
4x4, 241697.txt, ida, linearConflict,   144, 1.23,    16,    50
4x4, 241698.txt, ida, linearConflict,    22, 1.04,    16,    23
4x4, 241699.txt, ida, linearConflict,  1426, 1.47,    16,   139
4x4, 241700.txt, ida, linearConflict,    35, 1.09,    16,    27
4x4, 241701.txt, ida, linearConflict,   795, 1.40,    16,   103
4x4, 241702.txt, ida, linearConflict,    18, 1.01,    16,    21
4x4, 241703.txt, ida, linearConflict,    35, 1.09,    16,    28
4x4, 241704.txt, ida, linearConflict,    41, 1.10,    16,    29
4x4, 241705.txt, ida, linearConflict,    25, 1.05,    16,    24
4x4, 241706.txt, ida, linearConflict,    17, 1.01,    16,    21
4x4, 241707.txt, ida, linearConflict,    17, 1.01,    16,    23
4x4, 473527.txt, ida, linearConflict,   146, 1.21,    17,    51
4x4, 473528.txt, ida, linearConflict,    58, 1.13,    17,    34
4x4, 473529.txt, ida, linearConflict,    18, 1.01,    17,    21
4x4, 473530.txt, ida, linearConflict,    22, 1.03,    17,    23
4x4, 473531.txt, ida, linearConflict,    96, 1.17,    17,    42
4x4, 473532.txt, ida, linearConflict,    25, 1.04,    17,    24
4x4, 473533.txt, ida, linearConflict,   220, 1.25,    17,    61
4x4, 473534.txt, ida, linearConflict,   230, 1.26,    17,    63
4x4, 473535.txt, ida, linearConflict,   218, 1.25,    17,    62
4x4, 473536.txt, ida, linearConflict,  6345, 1.58,    17,   337
4x4, 473537.txt, ida, linearConflict,  9812, 1.62,    17,   477
4x4, 473538.txt, ida, linearConflict,    21, 1.02,    17,    23
4x4, 473539.txt, ida, linearConflict,    22, 1.03,    17,    24
4x4, 473540.txt, ida, linearConflict, 10543, 1.63,    17,   450
4x4, 473541.txt, ida, linearConflict,  5941, 1.57,    17,   330
4x4, 473542.txt, ida, linearConflict,    22, 1.03,    17,    23
4x4, 473543.txt, ida, linearConflict,    62, 1.13,    17,    34
4x4, 473544.txt, ida, linearConflict,    52, 1.12,    17,    32
4x4, 473545.txt, ida, linearConflict, 20848, 1.70,    17,  1068
4x4, 473546.txt, ida, linearConflict,    22, 1.03,    17,    22
4x4, 473547.txt, ida, linearConflict,   561, 1.34,    17,    96
4x4, 473548.txt, ida, linearConflict,  2430, 1.48,    17,   179
4x4, 473549.txt, ida, linearConflict,  8799, 1.61,    17,   440
4x4, 473550.txt, ida, linearConflict,  2557, 1.49,    17,   178
4x4, 473551.txt, ida, linearConflict,    18, 1.01,    17,    20
4x4, 920869.txt, ida, linearConflict,   230, 1.24,    18,    62
4x4, 920870.txt, ida, linearConflict,    64, 1.12,    18,    37
4x4, 920871.txt, ida, linearConflict,    53, 1.11,    18,    32
4x4, 920872.txt, ida, linearConflict,   778, 1.34,    18,   106
4x4, 920873.txt, ida, linearConflict,    62, 1.12,    18,    32
4x4, 920874.txt, ida, linearConflict,   181, 1.21,    18,    56
4x4, 920875.txt, ida, linearConflict,    54, 1.11,    18,    32
4x4, 920876.txt, ida, linearConflict,   148, 1.20,    18,    56
4x4, 920877.txt, ida, linearConflict,   125, 1.18,    18,    46
4x4, 920878.txt, ida, linearConflict,    88, 1.15,    18,    38
4x4, 920879.txt, ida, linearConflict, 12406, 1.60,    18,   503
4x4, 920880.txt, ida, linearConflict,    26, 1.04,    18,    23
4x4, 920881.txt, ida, linearConflict,    23, 1.03,    18,    22
4x4, 920882.txt, ida, linearConflict,    22, 1.02,    18,    23
4x4, 920883.txt, ida, linearConflict,   179, 1.21,    18,    55
4x4, 920884.txt, ida, linearConflict,   112, 1.17,    18,    47
4x4, 920885.txt, ida, linearConflict,   208, 1.23,    18,    61
4x4, 920886.txt, ida, linearConflict,   282, 1.25,    18,    70
4x4, 920887.txt, ida, linearConflict,   270, 1.25,    18,    69
4x4, 920888.txt, ida, linearConflict,   244, 1.24,    18,    68
4x4, 920889.txt, ida, linearConflict,    23, 1.03,    18,    23
4x4, 920890.txt, ida, linearConflict,    23, 1.03,    18,    23
4x4, 920891.txt, ida, linearConflict,   298, 1.26,    18,    71
4x4, 920892.txt, ida, linearConflict,    46, 1.09,    18,    32
4x4, 920893.txt, ida, linearConflict,    50, 1.10,    18,    32
4x4, 999975.txt, ida, linearConflict,   123, 1.17,    19,    47
4x4, 999976.txt, ida, linearConflict,   158, 1.19,    19,    52
4x4, 999977.txt, ida, linearConflict,   191, 1.20,    19,    59
4x4, 999978.txt, ida, linearConflict,  1210, 1.35,    19,   125
4x4, 999979.txt, ida, linearConflict,   497, 1.28,    19,    91
4x4, 999980.txt, ida, linearConflict,   301, 1.24,    19,    74
4x4, 999981.txt, ida, linearConflict,    98, 1.15,    19,    42
4x4, 999982.txt, ida, linearConflict,  6163, 1.49,    19,   368
4x4, 999983.txt, ida, linearConflict,    21, 1.01,    19,    23
4x4, 999984.txt, ida, linearConflict,   118, 1.16,    19,    45
4x4, 999985.txt, ida, linearConflict,    93, 1.14,    19,    41
4x4, 999986.txt, ida, linearConflict,  1043, 1.34,    19,   122
4x4, 999987.txt, ida, linearConflict,  1046, 1.34,    19,   119
4x4, 999988.txt, ida, linearConflict,   213, 1.21,    19,    67
4x4, 999989.txt, ida, linearConflict,    84, 1.13,    19,    39
4x4, 999990.txt, ida, linearConflict,    21, 1.01,    19,    20
4x4, 999991.txt, ida, linearConflict,   213, 1.21,    19,    62
4x4, 999992.txt, ida, linearConflict,   135, 1.17,    19,    48
4x4, 999993.txt, ida, linearConflict,   205, 1.21,    19,    60
4x4, 999994.txt, ida, linearConflict,   140, 1.18,    19,    50
4x4, 999995.txt, ida, linearConflict,    82, 1.13,    19,    40
4x4, 999996.txt, ida, linearConflict,   575, 1.29,    19,   101
4x4, 999997.txt, ida, linearConflict,   177, 1.20,    19,    55
4x4, 999998.txt, ida, linearConflict,   151, 1.18,    19,    51
4x4, 999999.txt, ida, linearConflict,   110, 1.16,    19,    45
4x4, 3417996.txt, ida, linearConflict,   798, 1.30,    20,   104
4x4, 3417997.txt, ida, linearConflict,   290, 1.22,    20,    71
4x4, 3417998.txt, ida, linearConflict,   369, 1.24,    20,    81
4x4, 3417999.txt, ida, linearConflict,   373, 1.24,    20,    81
4x4, 3418000.txt, ida, linearConflict,    21, 1.00,    20,    22
4x4, 3418001.txt, ida, linearConflict, 89615, 1.69,    20,  3039
4x4, 3418002.txt, ida, linearConflict,   512, 1.26,    20,    88
4x4, 3418003.txt, ida, linearConflict,  3412, 1.41,    20,   257
4x4, 3418004.txt, ida, linearConflict,    21, 1.00,    20,    21
4x4, 3418005.txt, ida, linearConflict,   140, 1.16,    20,    49
4x4, 3418006.txt, ida, linearConflict,   722, 1.29,    20,   100
4x4, 3418007.txt, ida, linearConflict,   258, 1.21,    20,    72
4x4, 3418008.txt, ida, linearConflict,    75, 1.11,    20,    39
4x4, 3418009.txt, ida, linearConflict,   222, 1.20,    20,    60
4x4, 3418010.txt, ida, linearConflict,    93, 1.13,    20,    40
4x4, 3418011.txt, ida, linearConflict,  1121, 1.32,    20,   116
4x4, 3418012.txt, ida, linearConflict,    86, 1.13,    20,    40
4x4, 3418013.txt, ida, linearConflict,   196, 1.19,    20,    57
4x4, 3418014.txt, ida, linearConflict,   663, 1.28,    20,    95
4x4, 3418015.txt, ida, linearConflict,   173, 1.18,    20,    58
4x4, 3418016.txt, ida, linearConflict,   115, 1.15,    20,    44
4x4, 3418017.txt, ida, linearConflict,  6954, 1.47,    20,   428
4x4, 3418018.txt, ida, linearConflict,  2545, 1.39,    20,   175
4x4, 3418019.txt, ida, linearConflict,    27, 1.03,    20,    24
4x4, 3418020.txt, ida, linearConflict, 41577, 1.62,    20,  1640
