3x3,     1.txt, astar, linearConflict,     1, 3.00,     1,    37
3x3,     2.txt, astar, linearConflict,     1, 3.00,     1,    39
3x3,     3.txt, astar, linearConflict,     2, 2.19,     2,    39
3x3,     4.txt, astar, linearConflict,     2, 1.79,     2,    36
3x3,     5.txt, astar, linearConflict,     0, 1.00,     0,     3
3x3,     6.txt, astar, linearConflict,     2, 2.19,     2,    37
3x3,     7.txt, astar, linearConflict,     2, 1.79,     2,    39
3x3,    10.txt, astar, linearConflict,     3, 1.58,     3,    38
3x3,    11.txt, astar, linearConflict,     3, 1.74,     3,    40
3x3,    12.txt, astar, linearConflict,     3, 1.74,     3,    43
3x3,    13.txt, astar, linearConflict,     3, 1.74,     3,    41
3x3,    14.txt, astar, linearConflict,     3, 1.74,     3,    39
3x3,    15.txt, astar, linearConflict,     3, 1.74,     3,    40
3x3,     8.txt, astar, linearConflict,     3, 1.74,     3,    40
3x3,     9.txt, astar, linearConflict,     3, 1.58,     3,    39
3x3,    16.txt, astar, linearConflict,     4, 1.49,     4,    40
3x3,    17.txt, astar, linearConflict,     4, 1.49,     4,    40
3x3,    18.txt, astar, linearConflict,     4, 1.49,     4,    40
3x3,    19.txt, astar, linearConflict,     4, 1.49,     4,    40
3x3,    20.txt, astar, linearConflict,     4, 1.49,     4,    39
3x3,    21.txt, astar, linearConflict,     4, 1.49,     4,    40
3x3,    22.txt, astar, linearConflict,     4, 1.40,     4,    39
3x3,    23.txt, astar, linearConflict,     4, 1.40,     4,    40
3x3,    24.txt, astar, linearConflict,     4, 1.49,     4,    40
3x3,    25.txt, astar, linearConflict,     4, 1.49,     4,    41
3x3,    26.txt, astar, linearConflict,     4, 1.49,     4,    40
3x3,    27.txt, astar, linearConflict,     4, 1.49,     4,    40
3x3,    28.txt, astar, linearConflict,     4, 1.49,     4,    40
3x3,    29.txt, astar, linearConflict,     4, 1.49,     4,    40
3x3,    30.txt, astar, linearConflict,     4, 1.49,     4,    40
3x3,    31.txt, astar, linearConflict,     4, 1.49,     4,    38
3x3,    32.txt, astar, linearConflict,     5, 1.39,     5,    40
3x3,    33.txt, astar, linearConflict,     5, 1.39,     5,    40
3x3,    34.txt, astar, linearConflict,     5, 1.34,     5,    42
3x3,    35.txt, astar, linearConflict,     5, 1.39,     5,    41
3x3,    36.txt, astar, linearConflict,     5, 1.39,     5,    41
3x3,    37.txt, astar, linearConflict,     6, 1.44,     5,    41
3x3,    38.txt, astar, linearConflict,     5, 1.39,     5,    41
3x3,    39.txt, astar, linearConflict,     5, 1.39,     5,    41
3x3,    40.txt, astar, linearConflict,     5, 1.39,     5,    41
3x3,    41.txt, astar, linearConflict,     6, 1.44,     5,    42
3x3,    42.txt, astar, linearConflict,     5, 1.39,     5,    40
3x3,    43.txt, astar, linearConflict,     5, 1.39,     5,    41
3x3,    44.txt, astar, linearConflict,     6, 1.44,     5,    42
3x3,    45.txt, astar, linearConflict,     5, 1.39,     5,    40
3x3,    46.txt, astar, linearConflict,     5, 1.39,     5,    41
3x3,    47.txt, astar, linearConflict,     5, 1.34,     5,    40
3x3,    48.txt, astar, linearConflict,     5, 1.39,     5,    40
3x3,    49.txt, astar, linearConflict,     6, 1.44,     5,    41
3x3,    50.txt, astar, linearConflict,     5, 1.39,     5,    41
3x3,    51.txt, astar, linearConflict,     5, 1.39,     5,    40
3x3,    66.txt, astar, linearConflict,     9, 1.42,     6,    43
3x3,    67.txt, astar, linearConflict,     8, 1.42,     6,    43
3x3,    68.txt, astar, linearConflict,     8, 1.42,     6,    43
3x3,    69.txt, astar, linearConflict,     7, 1.34,     6,    42
3x3,    70.txt, astar, linearConflict,     6, 1.31,     6,    41
3x3,    71.txt, astar, linearConflict,     6, 1.31,     6,    41
3x3,    72.txt, astar, linearConflict,    11, 1.53,     6,    45
3x3,    73.txt, astar, linearConflict,     6, 1.31,     6,    41
3x3,    74.txt, astar, linearConflict,     6, 1.27,     6,    40
3x3,    75.txt, astar, linearConflict,     6, 1.31,     6,    41
3x3,    76.txt, astar, linearConflict,     7, 1.37,     6,    42
3x3,    77.txt, astar, linearConflict,     8, 1.42,     6,    43
3x3,    78.txt, astar, linearConflict,     6, 1.31,     6,    42
3x3,    79.txt, astar, linearConflict,     6, 1.31,     6,    41
3x3,    80.txt, astar, linearConflict,     9, 1.42,     6,    42
3x3,    81.txt, astar, linearConflict,     9, 1.42,     6,    44
3x3,    82.txt, astar, linearConflict,     6, 1.31,     6,    40
3x3,    83.txt, astar, linearConflict,     8, 1.42,     6,    43
3x3,    84.txt, astar, linearConflict,     6, 1.31,     6,    42
3x3,    85.txt, astar, linearConflict,     8, 1.42,     6,    44
3x3,    86.txt, astar, linearConflict,     6, 1.31,     6,    41
3x3,    87.txt, astar, linearConflict,     9, 1.42,     6,    43
3x3,    88.txt, astar, linearConflict,     6, 1.27,     6,    41
3x3,    89.txt, astar, linearConflict,     6, 1.31,     6,    41
3x3,    90.txt, astar, linearConflict,     8, 1.42,     6,    43
3x3,   137.txt, astar, linearConflict,     7, 1.27,     7,    41
3x3,   138.txt, astar, linearConflict,     9, 1.34,     7,    43
3x3,   139.txt, astar, linearConflict,     9, 1.34,     7,    44
3x3,   140.txt, astar, linearConflict,    18, 1.50,     7,    47
3x3,   141.txt, astar, linearConflict,     9, 1.34,     7,    45
3x3,   142.txt, astar, linearConflict,    14, 1.44,     7,    45
3x3,   143.txt, astar, linearConflict,    17, 1.49,     7,    47
3x3,   144.txt, astar, linearConflict,     9, 1.34,     7,    43
3x3,   145.txt, astar, linearConflict,     7, 1.27,     7,    42
3x3,   146.txt, astar, linearConflict,     9, 1.34,     7,    42
3x3,   147.txt, astar, linearConflict,     9, 1.34,     7,    43
3x3,   148.txt, astar, linearConflict,     7, 1.27,     7,    42
3x3,   149.txt, astar, linearConflict,     7, 1.27,     7,    42
3x3,   150.txt, astar, linearConflict,    17, 1.49,     7,    47
3x3,   151.txt, astar, linearConflict,     9, 1.34,     7,    42
3x3,   152.txt, astar, linearConflict,    17, 1.49,     7,    47
3x3,    91.txt, astar, linearConflict,     7, 1.27,     7,    42
3x3,    92.txt, astar, linearConflict,     9, 1.34,     7,    43
3x3,    93.txt, astar, linearConflict,     7, 1.27,     7,    42
3x3,    94.txt, astar, linearConflict,     9, 1.34,     7,    43
3x3,    95.txt, astar, linearConflict,    15, 1.47,     7,    46
3x3,    96.txt, astar, linearConflict,    10, 1.34,     7,    43
3x3,    97.txt, astar, linearConflict,     8, 1.29,     7,    42
3x3,    98.txt, astar, linearConflict,     7, 1.27,     7,    42
3x3,    99.txt, astar, linearConflict,     9, 1.34,     7,    44
3x3,   244.txt, astar, linearConflict,    24, 1.46,     8,    51
3x3,   245.txt, astar, linearConflict,    10, 1.28,     8,    43
3x3,   246.txt, astar, linearConflict,    21, 1.43,     8,    48
3x3,   247.txt, astar, linearConflict,    11, 1.28,     8,    45
3x3,   248.txt, astar, linearConflict,    30, 1.52,     8,    52
3x3,   249.txt, astar, linearConflict,     8, 1.22,     8,    42
3x3,   250.txt, astar, linearConflict,     8, 1.24,     8,    43
3x3,   251.txt, astar, linearConflict,    22, 1.44,     8,    50
3x3,   252.txt, astar, linearConflict,    10, 1.28,     8,    49
3x3,   253.txt, astar, linearConflict,     8, 1.24,     8,    42
3x3,   254.txt, astar, linearConflict,    10, 1.28,     8,    44
3x3,   255.txt, astar, linearConflict,     8, 1.22,     8,    42
3x3,   256.txt, astar, linearConflict,    10, 1.28,     8,    44
3x3,   257.txt, astar, linearConflict,     8, 1.22,     8,    42
3x3,   258.txt, astar, linearConflict,    10, 1.28,     8,    44
3x3,   259.txt, astar, linearConflict,    27, 1.52,     8,    51
3x3,   260.txt, astar, linearConflict,    23, 1.45,     8,    49
3x3,   261.txt, astar, linearConflict,    10, 1.28,     8,    44
3x3,   262.txt, astar, linearConflict,    11, 1.31,     8,    44
3x3,   263.txt, astar, linearConflict,    10, 1.28,     8,    43
3x3,   264.txt, astar, linearConflict,    10, 1.28,     8,    44
3x3,   265.txt, astar, linearConflict,    12, 1.32,     8,    43
3x3,   266.txt, astar, linearConflict,    10, 1.28,     8,    43
3x3,   267.txt, astar, linearConflict,    12, 1.32,     8,    44
3x3,   268.txt, astar, linearConflict,    10, 1.28,     8,    44
3x3,   396.txt, astar, linearConflict,    13, 1.28,     9,    46
3x3,   397.txt, astar, linearConflict,     9, 1.22,     9,    44
3x3,   398.txt, astar, linearConflict,     9, 1.22,     9,    42
3x3,   399.txt, astar, linearConflict,    11, 1.25,     9,    45
3x3,   400.txt, astar, linearConflict,    11, 1.25,     9,    45
3x3,   401.txt, astar, linearConflict,    10, 1.23,     9,    43
3x3,   402.txt, astar, linearConflict,    11, 1.25,     9,    44
3x3,   403.txt, astar, linearConflict,     9, 1.20,     9,    43
3x3,   404.txt, astar, linearConflict,    12, 1.27,     9,    45
3x3,   405.txt, astar, linearConflict,    10, 1.24,     9,    44
3x3,   406.txt, astar, linearConflict,    11, 1.25,     9,    45
3x3,   407.txt, astar, linearConflict,    28, 1.42,     9,    51
3x3,   408.txt, astar, linearConflict,    11, 1.25,     9,    44
3x3,   409.txt, astar, linearConflict,    10, 1.23,     9,    44
3x3,   410.txt, astar, linearConflict,    13, 1.27,     9,    45
3x3,   411.txt, astar, linearConflict,    40, 1.50,     9,    56
3x3,   412.txt, astar, linearConflict,    12, 1.26,     9,    45
3x3,   413.txt, astar, linearConflict,    13, 1.27,     9,    45
3x3,   414.txt, astar, linearConflict,    13, 1.28,     9,    45
3x3,   415.txt, astar, linearConflict,    13, 1.28,     9,    45
3x3,   416.txt, astar, linearConflict,    14, 1.29,     9,    45
3x3,   417.txt, astar, linearConflict,    12, 1.27,     9,    45
3x3,   418.txt, astar, linearConflict,    12, 1.27,     9,    45
3x3,   419.txt, astar, linearConflict,    13, 1.27,     9,    45
3x3,   420.txt, astar, linearConflict,    22, 1.37,     9,    49
3x3,   682.txt, astar, linearConflict,    10, 1.18,    10,    42
3x3,   683.txt, astar, linearConflict,    62, 1.50,    10,    62
3x3,   684.txt, astar, linearConflict,   159, 1.67,    10,    78
3x3,   685.txt, astar, linearConflict,    70, 1.52,    10,    63
3x3,   686.txt, astar, linearConflict,    11, 1.20,    10,    43
3x3,   687.txt, astar, linearConflict,    15, 1.24,    10,    45
3x3,   688.txt, astar, linearConflict,    18, 1.27,    10,    47
3x3,   689.txt, astar, linearConflict,    12, 1.22,    10,    45
3x3,   690.txt, astar, linearConflict,    10, 1.16,    10,    43
3x3,   691.txt, astar, linearConflict,    48, 1.45,    10,    57
3x3,   692.txt, astar, linearConflict,    21, 1.31,    10,    48
3x3,   693.txt, astar, linearConflict,    42, 1.44,    10,    57
3x3,   694.txt, astar, linearConflict,    11, 1.20,    10,    45
3x3,   695.txt, astar, linearConflict,    12, 1.22,    10,    44
3x3,   696.txt, astar, linearConflict,   149, 1.67,    10,    78
3x3,   697.txt, astar, linearConflict,    24, 1.33,    10,    49
3x3,   698.txt, astar, linearConflict,    24, 1.33,    10,    50
3x3,   699.txt, astar, linearConflict,    15, 1.25,    10,    46
3x3,   700.txt, astar, linearConflict,    16, 1.27,    10,    46
3x3,   701.txt, astar, linearConflict,    13, 1.23,    10,    45
3x3,   702.txt, astar, linearConflict,    12, 1.22,    10,    47
3x3,   703.txt, astar, linearConflict,    24, 1.34,    10,    51
3x3,   704.txt, astar, linearConflict,    14, 1.23,    10,    45
3x3,   705.txt, astar, linearConflict,    73, 1.53,    10,    64
3x3,   706.txt, astar, linearConflict,    10, 1.18,    10,    43
3x3,   975.txt, astar, linearConflict,    48, 1.40,    11,    58
3x3,   976.txt, astar, linearConflict,    65, 1.44,    11,    61
3x3,   977.txt, astar, linearConflict,    11, 1.16,    11,    44
3x3,   978.txt, astar, linearConflict,    59, 1.43,    11,    62
3x3,   979.txt, astar, linearConflict,    21, 1.27,    11,    49
3x3,   980.txt, astar, linearConflict,   197, 1.62,    11,    85
3x3,   981.txt, astar, linearConflict,    93, 1.49,    11,    68
3x3,   982.txt, astar, linearConflict,   184, 1.62,    11,    84
3x3,   983.txt, astar, linearConflict,    26, 1.29,    11,    50
3x3,   984.txt, astar, linearConflict,    72, 1.45,    11,    63
3x3,   985.txt, astar, linearConflict,    20, 1.25,    11,    47
3x3,   986.txt, astar, linearConflict,    16, 1.22,    11,    45
3x3,   987.txt, astar, linearConflict,    30, 1.31,    11,    53
3x3,   988.txt, astar, linearConflict,    14, 1.20,    11,    45
3x3,   989.txt, astar, linearConflict,    17, 1.24,    11,    47
3x3,   990.txt, astar, linearConflict,    82, 1.48,    11,    65
3x3,   991.txt, astar, linearConflict,    95, 1.51,    11,    68
3x3,   992.txt, astar, linearConflict,    24, 1.29,    11,    50
3x3,   993.txt, astar, linearConflict,    53, 1.41,    11,    59
3x3,   994.txt, astar, linearConflict,    24, 1.29,    11,    51
3x3,   995.txt, astar, linearConflict,    14, 1.19,    11,    47
3x3,   996.txt, astar, linearConflict,    66, 1.45,    11,    64
3x3,   997.txt, astar, linearConflict,    20, 1.25,    11,    48
3x3,   998.txt, astar, linearConflict,    41, 1.36,    11,    56
3x3,   999.txt, astar, linearConflict,    46, 1.38,    11,    57
3x3,  1826.txt, astar, linearConflict,   335, 1.62,    12,    97
3x3,  1827.txt, astar, linearConflict,    14, 1.17,    12,    45
3x3,  1828.txt, astar, linearConflict,    20, 1.22,    12,    48
3x3,  1829.txt, astar, linearConflict,    21, 1.23,    12,    48
3x3,  1830.txt, astar, linearConflict,    17, 1.20,    12,    46
3x3,  1831.txt, astar, linearConflict,    29, 1.27,    12,    55
3x3,  1832.txt, astar, linearConflict,    17, 1.20,    12,    46
3x3,  1833.txt, astar, linearConflict,   438, 1.68,    12,   111
3x3,  1834.txt, astar, linearConflict,   168, 1.53,    12,    81
3x3,  1835.txt, astar, linearConflict,   733, 1.75,    12,   134
3x3,  1836.txt, astar, linearConflict,    30, 1.27,    12,    52
3x3,  1837.txt, astar, linearConflict,   169, 1.52,    12,    78
3x3,  1838.txt, astar, linearConflict,    18, 1.21,    12,    47
3x3,  1839.txt, astar, linearConflict,   398, 1.66,    12,   109
3x3,  1840.txt, astar, linearConflict,    13, 1.15,    12,    44
3x3,  1841.txt, astar, linearConflict,    85, 1.42,    12,    65
3x3,  1842.txt, astar, linearConflict,    91, 1.43,    12,    68
3x3,  1843.txt, astar, linearConflict,    44, 1.33,    12,    56
3x3,  1844.txt, astar, linearConflict,   342, 1.64,    12,   105
3x3,  1845.txt, astar, linearConflict,   106, 1.47,    12,    72
3x3,  1846.txt, astar, linearConflict,    38, 1.31,    12,    54
3x3,  1847.txt, astar, linearConflict,    27, 1.26,    12,    50
3x3,  1848.txt, astar, linearConflict,    12, 1.13,    12,    43
3x3,  1849.txt, astar, linearConflict,    52, 1.36,    12,    60
3x3,  1850.txt, astar, linearConflict,   473, 1.68,    12,   113
3x3,  2850.txt, astar, linearConflict,    22, 1.20,    13,    48
3x3,  2851.txt, astar, linearConflict,    46, 1.30,    13,    57
3x3,  2852.txt, astar, linearConflict,    19, 1.19,    13,    47
3x3,  2853.txt, astar, linearConflict,    22, 1.20,    13,    48
3x3,  2854.txt, astar, linearConflict,   699, 1.67,    13,   133
3x3,  2855.txt, astar, linearConflict,    96, 1.40,    13,    67
3x3,  2856.txt, astar, linearConflict,    57, 1.32,    13,    59
3x3,  2857.txt, astar, linearConflict,   468, 1.61,    13,   115
3x3,  2858.txt, astar, linearConflict,    29, 1.24,    13,    52
3x3,  2859.txt, astar, linearConflict,    91, 1.39,    13,    66
3x3,  2860.txt, astar, linearConflict,    64, 1.34,    13,    61
3x3,  2861.txt, astar, linearConflict,   302, 1.55,    13,   100
3x3,  2862.txt, astar, linearConflict,   719, 1.67,    13,   128
3x3,  2863.txt, astar, linearConflict,    35, 1.26,    13,    53
3x3,  2864.txt, astar, linearConflict,    22, 1.20,    13,    48
3x3,  2865.txt, astar, linearConflict,    28, 1.23,    13,    51
3x3,  2866.txt, astar, linearConflict,    23, 1.21,    13,    49
3x3,  2867.txt, astar, linearConflict,    22, 1.20,    13,    50
3x3,  2868.txt, astar, linearConflict,    32, 1.25,    13,    53
3x3,  2869.txt, astar, linearConflict,    14, 1.14,    13,    45
3x3,  2870.txt, astar, linearConflict,    19, 1.19,    13,    48
3x3,  2871.txt, astar, linearConflict,    18, 1.19,    13,    47
3x3,  2872.txt, astar, linearConflict,   175, 1.47,    13,    81
3x3,  2873.txt, astar, linearConflict,    22, 1.20,    13,    48
3x3,  2874.txt, astar, linearConflict,    51, 1.31,    13,    60
3x3,  4743.txt, astar, linearConflict,   149, 1.41,    14,    77
3x3,  4744.txt, astar, linearConflict,  1704, 1.72,    14,   185
3x3,  4745.txt, astar, linearConflict,   312, 1.50,    14,    99
3x3,  4746.txt, astar, linearConflict,    61, 1.30,    14,    60
3x3,  4747.txt, astar, linearConflict,    58, 1.29,    14,    60
3x3,  4748.txt, astar, linearConflict,    58, 1.29,    14,    61
3x3,  4749.txt, astar, linearConflict,    29, 1.22,    14,    53
3x3,  4750.txt, astar, linearConflict,    23, 1.18,    14,    49
3x3,  4751.txt, astar, linearConflict,   767, 1.61,    14,   136
3x3,  4752.txt, astar, linearConflict,    39, 1.25,    14,    56
3x3,  4753.txt, astar, linearConflict,    23, 1.18,    14,    49
3x3,  4754.txt, astar, linearConflict,   154, 1.41,    14,    76
3x3,  4755.txt, astar, linearConflict,   100, 1.36,    14,    68
3x3,  4756.txt, astar, linearConflict,    31, 1.22,    14,    51
3x3,  4757.txt, astar, linearConflict,  1706, 1.72,    14,   173
3x3,  4758.txt, astar, linearConflict,    34, 1.23,    14,    53
3x3,  4759.txt, astar, linearConflict,    99, 1.36,    14,    68
3x3,  4760.txt, astar, linearConflict,   700, 1.60,    14,   129
3x3,  4761.txt, astar, linearConflict,    24, 1.19,    14,    49
3x3,  4762.txt, astar, linearConflict,  1799, 1.72,    14,   181
3x3,  4763.txt, astar, linearConflict,    59, 1.29,    14,    63
3x3,  4764.txt, astar, linearConflict,   763, 1.61,    14,   132
3x3,  4765.txt, astar, linearConflict,    41, 1.25,    14,    54
3x3,  4766.txt, astar, linearConflict,    99, 1.36,    14,    68
3x3,  4767.txt, astar, linearConflict,    25, 1.19,    14,    50
3x3,  7255.txt, astar, linearConflict,   167, 1.38,    15,    77
3x3,  7256.txt, astar, linearConflict,    92, 1.32,    15,    68
3x3,  7257.txt, astar, linearConflict,    33, 1.21,    15,    53
3x3,  7258.txt, astar, linearConflict,   734, 1.55,    15,   131
3x3,  7259.txt, astar, linearConflict,    83, 1.31,    15,    66
3x3,  7260.txt, astar, linearConflict,  1236, 1.61,    15,   161
3x3,  7261.txt, astar, linearConflict,   313, 1.45,    15,   100
3x3,  7262.txt, astar, linearConflict,  3629, 1.74,    15,   248
3x3,  7263.txt, astar, linearConflict,    95, 1.32,    15,    67
3x3,  7264.txt, astar, linearConflict,   112, 1.34,    15,    69
3x3,  7265.txt, astar, linearConflict,  2782, 1.71,    15,   230
3x3,  7266.txt, astar, linearConflict,   123, 1.35,    15,    72
3x3,  7267.txt, astar, linearConflict,    24, 1.17,    15,    50
3x3,  7268.txt, astar, linearConflict,  3851, 1.75,    15,   242
3x3,  7269.txt, astar, linearConflict,  2217, 1.68,    15,   194
3x3,  7270.txt, astar, linearConflict,  3242, 1.73,    15,   238
3x3,  7271.txt, astar, linearConflict,    50, 1.25,    15,    58
3x3,  7272.txt, astar, linearConflict,   120, 1.34,    15,    72
3x3,  7273.txt, astar, linearConflict,    47, 1.24,    15,    59
3x3,  7274.txt, astar, linearConflict,    89, 1.31,    15,    65
3x3,  7275.txt, astar, linearConflict,   358, 1.47,    15,   101
3x3,  7276.txt, astar, linearConflict,   488, 1.50,    15,   115
3x3,  7277.txt, astar, linearConflict,  1271, 1.62,    15,   155
3x3,  7278.txt, astar, linearConflict,   429, 1.48,    15,   107
3x3,  7279.txt, astar, linearConflict,   397, 1.48,    15,   103
3x3,  9975.txt, astar, linearConflict,  7967, 1.77,    16,   358
3x3,  9976.txt, astar, linearConflict,   351, 1.42,    16,    98
3x3,  9977.txt, astar, linearConflict,   248, 1.39,    16,    90
3x3,  9978.txt, astar, linearConflict,   915, 1.53,    16,   144
3x3,  9979.txt, astar, linearConflict,  7435, 1.77,    16,   338
3x3,  9980.txt, astar, linearConflict,   233, 1.38,    16,    90
3x3,  9981.txt, astar, linearConflict,  1523, 1.58,    16,   186
3x3,  9982.txt, astar, linearConflict,    38, 1.20,    16,    54
3x3,  9983.txt, astar, linearConflict,  6216, 1.74,    16,   330
3x3,  9984.txt, astar, linearConflict,  1338, 1.57,    16,   168
3x3,  9985.txt, astar, linearConflict,   632, 1.49,    16,   121
3x3,  9986.txt, astar, linearConflict,   720, 1.50,    16,   127
3x3,  9987.txt, astar, linearConflict,   880, 1.52,    16,   138
3x3,  9988.txt, astar, linearConflict,   622, 1.49,    16,   123
3x3,  9989.txt, astar, linearConflict,   330, 1.42,    16,    99
3x3,  9990.txt, astar, linearConflict,    49, 1.22,    16,    57
3x3,  9991.txt, astar, linearConflict,   411, 1.44,    16,   105
3x3,  9992.txt, astar, linearConflict,  2661, 1.65,    16,   209
3x3,  9993.txt, astar, linearConflict,   243, 1.38,    16,    88
3x3,  9994.txt, astar, linearConflict,   944, 1.52,    16,   139
3x3,  9995.txt, astar, linearConflict,   184, 1.36,    16,    81
3x3,  9996.txt, astar, linearConflict,    40, 1.20,    16,    54
3x3,  9997.txt, astar, linearConflict,   195, 1.36,    16,    81
3x3,  9998.txt, astar, linearConflict,   270, 1.40,    16,    91
3x3,  9999.txt, astar, linearConflict,   100, 1.29,    16,    67
3x3, 17378.txt, astar, linearConflict,   356, 1.39,    17,    98
3x3, 17379.txt, astar, linearConflict,  3176, 1.61,    17,   219
3x3, 17380.txt, astar, linearConflict,   197, 1.33,    17,    82
3x3, 17381.txt, astar, linearConflict,  1090, 1.51,    17,   151
3x3, 17382.txt, astar, linearConflict,   289, 1.37,    17,    93
3x3, 17383.txt, astar, linearConflict,  2875, 1.60,    17,   214
3x3, 17384.txt, astar, linearConflict,    72, 1.24,    17,    62
3x3, 17385.txt, astar, linearConflict,    79, 1.25,    17,    65
3x3, 17386.txt, astar, linearConflict,   644, 1.46,    17,   126
3x3, 17387.txt, astar, linearConflict,    56, 1.22,    17,    58
3x3, 17388.txt, astar, linearConflict,  9493, 1.73,    17,   360
3x3, 17389.txt, astar, linearConflict,  2534, 1.59,    17,   215
3x3, 17390.txt, astar, linearConflict, 11572, 1.75,    17,   419
3x3, 17391.txt, astar, linearConflict, 13642, 1.77,    17,   425
3x3, 17392.txt, astar, linearConflict,  1269, 1.52,    17,   157
3x3, 17393.txt, astar, linearConflict,   379, 1.40,    17,   101
3x3, 17394.txt, astar, linearConflict,  5965, 1.68,    17,   307
3x3, 17395.txt, astar, linearConflict,   967, 1.49,    17,   142
3x3, 17396.txt, astar, linearConflict,  1835, 1.55,    17,   193
3x3, 17397.txt, astar, linearConflict,  8146, 1.71,    17,   363
3x3, 17398.txt, astar, linearConflict,   127, 1.30,    17,    73
3x3, 17399.txt, astar, linearConflict,   112, 1.28,    17,    70
3x3, 17400.txt, astar, linearConflict,   761, 1.46,    17,   130
3x3, 17401.txt, astar, linearConflict,  1874, 1.56,    17,   186
3x3, 17402.txt, astar, linearConflict,   116, 1.29,    17,    70
3x3, 26907.txt, astar, linearConflict,   509, 1.39,    18,   113
3x3, 26908.txt, astar, linearConflict, 50459, 1.85,    18,   951
3x3, 26909.txt, astar, linearConflict,  2878, 1.56,    18,   211
3x3, 26910.txt, astar, linearConflict,   143, 1.28,    18,    74
3x3, 26911.txt, astar, linearConflict,   356, 1.36,    18,    98
3x3, 26912.txt, astar, linearConflict,  1934, 1.51,    18,   185
3x3, 26913.txt, astar, linearConflict,  2521, 1.54,    18,   198
3x3, 26914.txt, astar, linearConflict,  3847, 1.58,    18,   238
3x3, 26915.txt, astar, linearConflict,   823, 1.43,    18,   130
3x3, 26916.txt, astar, linearConflict,   379, 1.36,    18,    99
3x3, 26917.txt, astar, linearConflict,  1207, 1.47,    18,   156
3x3, 26918.txt, astar, linearConflict, 17166, 1.73,    18,   489
3x3, 26919.txt, astar, linearConflict,   971, 1.46,    18,   147
3x3, 26920.txt, astar, linearConflict,  2973, 1.56,    18,   224
3x3, 26921.txt, astar, linearConflict,  2657, 1.55,    18,   205
3x3, 26922.txt, astar, linearConflict,    92, 1.24,    18,    66
3x3, 26923.txt, astar, linearConflict,   355, 1.36,    18,    98
3x3, 26924.txt, astar, linearConflict,  2481, 1.54,    18,   216
3x3, 26925.txt, astar, linearConflict, 12779, 1.70,    18,   437
3x3, 26926.txt, astar, linearConflict,  2657, 1.55,    18,   219
3x3, 26927.txt, astar, linearConflict,    98, 1.25,    18,    68
3x3, 26928.txt, astar, linearConflict,   238, 1.33,    18,    89
3x3, 26929.txt, astar, linearConflict,   359, 1.36,    18,   100
3x3, 26930.txt, astar, linearConflict,  1587, 1.49,    18,   180
3x3, 26931.txt, astar, linearConflict,  1228, 1.47,    18,   154
3x3, 37785.txt, astar, linearConflict,   948, 1.42,    19,   141
3x3, 37786.txt, astar, linearConflict,   276, 1.31,    19,    91
3x3, 37787.txt, astar, linearConflict,   510, 1.36,    19,   111
3x3, 37788.txt, astar, linearConflict,  3163, 1.53,    19,   233
3x3, 37789.txt, astar, linearConflict,  2527, 1.50,    19,   212
3x3, 37790.txt, astar, linearConflict,  2868, 1.52,    19,   224
3x3, 37791.txt, astar, linearConflict,  2255, 1.50,    19,   216
3x3, 37792.txt, astar, linearConflict,  5813, 1.58,    19,   288
3x3, 37793.txt, astar, linearConflict,   122, 1.24,    19,    72
3x3, 37794.txt, astar, linearConflict, 29420, 1.73,    19,   689
3x3, 37795.txt, astar, linearConflict,  7140, 1.60,    19,   341
3x3, 37796.txt, astar, linearConflict,  2475, 1.50,    19,   213
3x3, 37797.txt, astar, linearConflict,  2382, 1.50,    19,   195
3x3, 37798.txt, astar, linearConflict,   741, 1.39,    19,   129
3x3, 37799.txt, astar, linearConflict,  3355, 1.53,    19,   229
3x3, 37800.txt, astar, linearConflict,  1509, 1.46,    19,   174
3x3, 37801.txt, astar, linearConflict,   349, 1.33,    19,    97
3x3, 37802.txt, astar, linearConflict,   939, 1.41,    19,   143
3x3, 37803.txt, astar, linearConflict,  4791, 1.56,    19,   289
3x3, 37804.txt, astar, linearConflict,   627, 1.38,    19,   117
3x3, 37805.txt, astar, linearConflict, 10691, 1.64,    19,   384
3x3, 37806.txt, astar, linearConflict,  2199, 1.49,    19,   192
3x3, 37807.txt, astar, linearConflict,  1345, 1.45,    19,   172
3x3, 37808.txt, astar, linearConflict,  1510, 1.46,    19,   164
3x3, 37809.txt, astar, linearConflict, 19124, 1.69,    19,   510
3x3, 54773.txt, astar, linearConflict,  5560, 1.54,    20,   303
3x3, 54774.txt, astar, linearConflict,  1068, 1.40,    20,   152
3x3, 54775.txt, astar, linearConflict,   807, 1.38,    20,   130
3x3, 54777.txt, astar, linearConflict, 21519, 1.66,    20,   546
3x3, 54778.txt, astar, linearConflict,   498, 1.34,    20,   114
3x3, 54779.txt, astar, linearConflict,  1305, 1.41,    20,   160
3x3, 54780.txt, astar, linearConflict,  1928, 1.44,    20,   180
3x3, 54782.txt, astar, linearConflict,   349, 1.31,    20,    97
3x3, 54783.txt, astar, linearConflict, 18256, 1.63,    20,   469
3x3, 54784.txt, astar, linearConflict,   137, 1.24,    20,    72
3x3, 54785.txt, astar, linearConflict,  5318, 1.53,    20,   292
3x3, 54787.txt, astar, linearConflict,   793, 1.38,    20,   132
3x3, 54788.txt, astar, linearConflict,   815, 1.37,    20,   133
3x3, 54789.txt, astar, linearConflict, 153314, 1.84,    20,  2521
3x3, 54790.txt, astar, linearConflict, 16006, 1.62,    20,   470
3x3, 54791.txt, astar, linearConflict,  3038, 1.48,    20,   213
3x3, 54792.txt, astar, linearConflict,   727, 1.36,    20,   126
3x3, 54794.txt, astar, linearConflict,   407, 1.32,    20,   106
3x3, 54795.txt, astar, linearConflict,   268, 1.29,    20,    90
3x3, 54796.txt, astar, linearConflict,  4983, 1.53,    20,   279
3x3, 54797.txt, astar, linearConflict, 10690, 1.59,    20,   407
3x3, 54798.txt, astar, linearConflict,  2680, 1.47,    20,   197
3x3, 54799.txt, astar, linearConflict,  1771, 1.44,    20,   176
3x3, 54801.txt, astar, linearConflict, 20078, 1.65,    20,   585
3x3, 54802.txt, astar, linearConflict,   318, 1.30,    20,    95
4x4,     1.txt, astar, linearConflict,     1, 3.00,     1,    37
4x4,     2.txt, astar, linearConflict,     1, 3.00,     1,    37
4x4,     3.txt, astar, linearConflict,     2, 2.19,     2,    40
4x4,     4.txt, astar, linearConflict,     2, 2.00,     2,    41
4x4,     5.txt, astar, linearConflict,     0, 1.00,     0,     3
4x4,     6.txt, astar, linearConflict,     2, 2.19,     2,    40
4x4,     7.txt, astar, linearConflict,     2, 2.00,     2,    41
4x4,    10.txt, astar, linearConflict,     3, 1.58,     3,    41
4x4,    11.txt, astar, linearConflict,     3, 1.81,     3,    44
4x4,    12.txt, astar, linearConflict,     3, 1.74,     3,    42
4x4,    13.txt, astar, linearConflict,     3, 1.58,     3,    41
4x4,    14.txt, astar, linearConflict,     3, 1.74,     3,    44
4x4,    15.txt, astar, linearConflict,     3, 1.74,     3,    42
4x4,    16.txt, astar, linearConflict,     3, 1.81,     3,    43
4x4,    17.txt, astar, linearConflict,     3, 1.81,     3,    43
4x4,     8.txt, astar, linearConflict,     3, 1.81,     3,    42
4x4,     9.txt, astar, linearConflict,     3, 1.74,     3,    43
4x4,    18.txt, astar, linearConflict,     4, 1.61,     4,    45
4x4,    19.txt, astar, linearConflict,     4, 1.61,     4,    43
4x4,    20.txt, astar, linearConflict,     4, 1.53,     4,    44
4x4,    21.txt, astar, linearConflict,     4, 1.45,     4,    44
4x4,    22.txt, astar, linearConflict,     4, 1.57,     4,    45
4x4,    23.txt, astar, linearConflict,     4, 1.49,     4,    44
4x4,    24.txt, astar, linearConflict,     4, 1.49,     4,    43
4x4,    25.txt, astar, linearConflict,     4, 1.57,     4,    45
4x4,    26.txt, astar, linearConflict,     4, 1.57,     4,    43
4x4,    27.txt, astar, linearConflict,     4, 1.57,     4,    44
4x4,    28.txt, astar, linearConflict,     4, 1.57,     4,    45
4x4,    29.txt, astar, linearConflict,     4, 1.57,     4,    44
4x4,    30.txt, astar, linearConflict,     4, 1.57,     4,    43
4x4,    31.txt, astar, linearConflict,     4, 1.57,     4,    45
4x4,    32.txt, astar, linearConflict,     4, 1.61,     4,    44
4x4,    33.txt, astar, linearConflict,     4, 1.57,     4,    44
4x4,    34.txt, astar, linearConflict,     4, 1.57,     4,    44
4x4,    35.txt, astar, linearConflict,     4, 1.53,     4,    45
4x4,    36.txt, astar, linearConflict,     4, 1.45,     4,    42
4x4,    37.txt, astar, linearConflict,     4, 1.57,     4,    45
4x4,    38.txt, astar, linearConflict,     4, 1.53,     4,    43
4x4,    39.txt, astar, linearConflict,     4, 1.53,     4,    43
4x4,    40.txt, astar, linearConflict,     4, 1.57,     4,    45
4x4,    41.txt, astar, linearConflict,     4, 1.61,     4,    44
4x4,    71.txt, astar, linearConflict,     5, 1.39,     5,    45
4x4,    72.txt, astar, linearConflict,     5, 1.42,     5,    46
4x4,    73.txt, astar, linearConflict,     5, 1.39,     5,    44
4x4,    74.txt, astar, linearConflict,     5, 1.44,     5,    46
4x4,    75.txt, astar, linearConflict,     5, 1.39,     5,    46
4x4,    76.txt, astar, linearConflict,     5, 1.42,     5,    44
4x4,    77.txt, astar, linearConflict,     5, 1.44,     5,    46
4x4,    78.txt, astar, linearConflict,     5, 1.48,     5,    46
4x4,    79.txt, astar, linearConflict,     6, 1.48,     5,    48
4x4,    80.txt, astar, linearConflict,     5, 1.39,     5,    44
4x4,    81.txt, astar, linearConflict,     5, 1.46,     5,    45
4x4,    82.txt, astar, linearConflict,     5, 1.44,     5,    46
4x4,    83.txt, astar, linearConflict,     5, 1.44,     5,    45
4x4,    84.txt, astar, linearConflict,     5, 1.42,     5,    46
4x4,    85.txt, astar, linearConflict,     5, 1.48,     5,    46
4x4,    86.txt, astar, linearConflict,     5, 1.46,     5,    45
4x4,    87.txt, astar, linearConflict,     5, 1.48,     5,    45
4x4,    88.txt, astar, linearConflict,     5, 1.46,     5,    46
4x4,    89.txt, astar, linearConflict,     5, 1.42,     5,    44
4x4,    90.txt, astar, linearConflict,     5, 1.37,     5,    44
4x4,    91.txt, astar, linearConflict,     5, 1.39,     5,    46
4x4,    92.txt, astar, linearConflict,     5, 1.37,     5,    45
4x4,    93.txt, astar, linearConflict,     5, 1.46,     5,    46
4x4,    94.txt, astar, linearConflict,     5, 1.42,     5,    46
4x4,    95.txt, astar, linearConflict,     5, 1.46,     5,    45
4x4,   182.txt, astar, linearConflict,     6, 1.37,     6,    46
4x4,   183.txt, astar, linearConflict,     6, 1.36,     6,    48
4x4,   184.txt, astar, linearConflict,     6, 1.39,     6,    46
4x4,   185.txt, astar, linearConflict,     6, 1.34,     6,    48
4x4,   186.txt, astar, linearConflict,     6, 1.37,     6,    47
4x4,   187.txt, astar, linearConflict,     6, 1.37,     6,    48
4x4,   188.txt, astar, linearConflict,     6, 1.33,     6,    45
4x4,   189.txt, astar, linearConflict,     6, 1.36,     6,    46
4x4,   190.txt, astar, linearConflict,     6, 1.36,     6,    46
4x4,   191.txt, astar, linearConflict,     6, 1.33,     6,    45
4x4,   192.txt, astar, linearConflict,     8, 1.44,     6,    48
4x4,   193.txt, astar, linearConflict,     6, 1.39,     6,    48
4x4,   194.txt, astar, linearConflict,     6, 1.36,     6,    46
4x4,   195.txt, astar, linearConflict,     6, 1.37,     6,    48
4x4,   196.txt, astar, linearConflict,     6, 1.33,     6,    45
4x4,   197.txt, astar, linearConflict,     6, 1.33,     6,    45
4x4,   198.txt, astar, linearConflict,     6, 1.36,     6,    45
4x4,   199.txt, astar, linearConflict,     6, 1.36,     6,    47
4x4,   200.txt, astar, linearConflict,     6, 1.29,     6,    44
4x4,   201.txt, astar, linearConflict,     6, 1.37,     6,    48
4x4,   202.txt, astar, linearConflict,     6, 1.39,     6,    47
4x4,    96.txt, astar, linearConflict,     6, 1.34,     6,    45
4x4,    97.txt, astar, linearConflict,     6, 1.37,     6,    48
4x4,    98.txt, astar, linearConflict,     6, 1.34,     6,    45
4x4,    99.txt, astar, linearConflict,     6, 1.34,     6,    47
4x4,   390.txt, astar, linearConflict,    10, 1.40,     7,    51
4x4,   391.txt, astar, linearConflict,     7, 1.29,     7,    49
4x4,   392.txt, astar, linearConflict,     7, 1.30,     7,    48
4x4,   393.txt, astar, linearConflict,     7, 1.30,     7,    46
4x4,   394.txt, astar, linearConflict,     7, 1.29,     7,    48
4x4,   395.txt, astar, linearConflict,    12, 1.43,     7,    50
4x4,   396.txt, astar, linearConflict,     7, 1.30,     7,    50
4x4,   397.txt, astar, linearConflict,     7, 1.30,     7,    48
4x4,   398.txt, astar, linearConflict,     7, 1.31,     7,    48
4x4,   399.txt, astar, linearConflict,     7, 1.32,     7,    46
4x4,   400.txt, astar, linearConflict,     7, 1.29,     7,    47
4x4,   401.txt, astar, linearConflict,     7, 1.30,     7,    48
4x4,   402.txt, astar, linearConflict,     9, 1.37,     7,    49
4x4,   403.txt, astar, linearConflict,     7, 1.31,     7,    47
4x4,   404.txt, astar, linearConflict,     8, 1.34,     7,    48
4x4,   405.txt, astar, linearConflict,     7, 1.31,     7,    48
4x4,   406.txt, astar, linearConflict,     8, 1.33,     7,    48
4x4,   407.txt, astar, linearConflict,    10, 1.40,     7,    51
4x4,   408.txt, astar, linearConflict,     7, 1.28,     7,    46
4x4,   409.txt, astar, linearConflict,     7, 1.32,     7,    47
4x4,   410.txt, astar, linearConflict,     7, 1.32,     7,    48
4x4,   411.txt, astar, linearConflict,     7, 1.31,     7,    48
4x4,   412.txt, astar, linearConflict,     7, 1.28,     7,    47
4x4,   413.txt, astar, linearConflict,     7, 1.29,     7,    46
4x4,   414.txt, astar, linearConflict,     7, 1.32,     7,    48
4x4,   836.txt, astar, linearConflict,    12, 1.36,     8,    50
4x4,   837.txt, astar, linearConflict,    31, 1.56,     8,    59
4x4,   838.txt, astar, linearConflict,    11, 1.34,     8,    49
4x4,   839.txt, astar, linearConflict,     8, 1.25,     8,    48
4x4,   840.txt, astar, linearConflict,     8, 1.28,     8,    47
4x4,   841.txt, astar, linearConflict,    10, 1.30,     8,    49
4x4,   842.txt, astar, linearConflict,    10, 1.30,     8,    48
4x4,   843.txt, astar, linearConflict,    10, 1.29,     8,    48
4x4,   844.txt, astar, linearConflict,    21, 1.46,     8,    56
4x4,   845.txt, astar, linearConflict,     9, 1.28,     8,    47
4x4,   846.txt, astar, linearConflict,    10, 1.32,     8,    49
4x4,   847.txt, astar, linearConflict,     8, 1.27,     8,    48
4x4,   848.txt, astar, linearConflict,     8, 1.26,     8,    48
4x4,   849.txt, astar, linearConflict,    15, 1.40,     8,    52
4x4,   850.txt, astar, linearConflict,    11, 1.30,     8,    49
4x4,   851.txt, astar, linearConflict,     9, 1.30,     8,    50
4x4,   852.txt, astar, linearConflict,    11, 1.34,     8,    49
4x4,   853.txt, astar, linearConflict,    29, 1.55,     8,    59
4x4,   854.txt, astar, linearConflict,     8, 1.25,     8,    48
4x4,   855.txt, astar, linearConflict,     9, 1.28,     8,    51
4x4,   856.txt, astar, linearConflict,    12, 1.33,     8,    51
4x4,   857.txt, astar, linearConflict,     8, 1.27,     8,    48
4x4,   858.txt, astar, linearConflict,    11, 1.34,     8,    51
4x4,   859.txt, astar, linearConflict,     8, 1.24,     8,    48
4x4,   860.txt, astar, linearConflict,    23, 1.48,     8,    56
4x4,   975.txt, astar, linearConflict,    12, 1.29,     9,    51
4x4,   976.txt, astar, linearConflict,    12, 1.28,     9,    50
4x4,   977.txt, astar, linearConflict,    45, 1.55,     9,    64
4x4,   978.txt, astar, linearConflict,    11, 1.28,     9,    49
4x4,   979.txt, astar, linearConflict,    17, 1.33,     9,    52
4x4,   980.txt, astar, linearConflict,    10, 1.24,     9,    48
4x4,   981.txt, astar, linearConflict,    10, 1.25,     9,    50
4x4,   982.txt, astar, linearConflict,     9, 1.23,     9,    49
4x4,   983.txt, astar, linearConflict,    10, 1.26,     9,    49
4x4,   984.txt, astar, linearConflict,    11, 1.28,     9,    51
4x4,   985.txt, astar, linearConflict,     9, 1.22,     9,    47
4x4,   986.txt, astar, linearConflict,    11, 1.28,     9,    51
4x4,   987.txt, astar, linearConflict,    43, 1.53,     9,    67
4x4,   988.txt, astar, linearConflict,    10, 1.27,     9,    53
4x4,   989.txt, astar, linearConflict,    12, 1.29,     9,    51
4x4,   990.txt, astar, linearConflict,     9, 1.22,     9,    48
4x4,   991.txt, astar, linearConflict,    15, 1.34,     9,    53
4x4,   992.txt, astar, linearConflict,     9, 1.24,     9,    48
4x4,   993.txt, astar, linearConflict,     9, 1.23,     9,    48
4x4,   994.txt, astar, linearConflict,    13, 1.30,     9,    50
4x4,   995.txt, astar, linearConflict,     9, 1.22,     9,    49
4x4,   996.txt, astar, linearConflict,     9, 1.23,     9,    49
4x4,   997.txt, astar, linearConflict,    12, 1.29,     9,    51
4x4,   998.txt, astar, linearConflict,    11, 1.30,     9,    51
4x4,   999.txt, astar, linearConflict,     9, 1.23,     9,    49
4x4,  3730.txt, astar, linearConflict,    13, 1.25,    10,    49
4x4,  3731.txt, astar, linearConflict,    27, 1.36,    10,    57
4x4,  3732.txt, astar, linearConflict,    16, 1.28,    10,    52
4x4,  3733.txt, astar, linearConflict,    10, 1.20,    10,    49
4x4,  3734.txt, astar, linearConflict,    19, 1.31,    10,    53
4x4,  3735.txt, astar, linearConflict,    12, 1.24,    10,    51
4x4,  3736.txt, astar, linearConflict,    13, 1.26,    10,    51
4x4,  3737.txt, astar, linearConflict,    10, 1.22,    10,    49
4x4,  3738.txt, astar, linearConflict,    13, 1.26,    10,    52
4x4,  3739.txt, astar, linearConflict,    30, 1.38,    10,    58
4x4,  3740.txt, astar, linearConflict,    13, 1.26,    10,    51
4x4,  3741.txt, astar, linearConflict,    10, 1.21,    10,    51
4x4,  3742.txt, astar, linearConflict,    27, 1.36,    10,    57
4x4,  3743.txt, astar, linearConflict,    12, 1.24,    10,    51
4x4,  3744.txt, astar, linearConflict,   338, 1.85,    10,   114
4x4,  3745.txt, astar, linearConflict,    16, 1.29,    10,    53
4x4,  3746.txt, astar, linearConflict,   295, 1.84,    10,   109
4x4,  3747.txt, astar, linearConflict,    15, 1.27,    10,    52
4x4,  3748.txt, astar, linearConflict,   126, 1.64,    10,    81
4x4,  3749.txt, astar, linearConflict,    14, 1.26,    10,    51
4x4,  3750.txt, astar, linearConflict,    32, 1.40,    10,    60
4x4,  3751.txt, astar, linearConflict,    15, 1.28,    10,    52
4x4,  3752.txt, astar, linearConflict,    18, 1.30,    10,    54
4x4,  3753.txt, astar, linearConflict,    15, 1.28,    10,    52
4x4,  3754.txt, astar, linearConflict,    27, 1.37,    10,    59
4x4,  7668.txt, astar, linearConflict,    20, 1.28,    11,    56
4x4,  7669.txt, astar, linearConflict,    75, 1.48,    11,    72
4x4,  7670.txt, astar, linearConflict,    63, 1.46,    11,    71
4x4,  7671.txt, astar, linearConflict,    14, 1.22,    11,    53
4x4,  7672.txt, astar, linearConflict,    14, 1.23,    11,    51
4x4,  7673.txt, astar, linearConflict,    14, 1.23,    11,    51
4x4,  7674.txt, astar, linearConflict,    18, 1.26,    11,    53
4x4,  7675.txt, astar, linearConflict,    11, 1.20,    11,    50
4x4,  7676.txt, astar, linearConflict,    19, 1.28,    11,    54
4x4,  7677.txt, astar, linearConflict,    14, 1.23,    11,    53
4x4,  7678.txt, astar, linearConflict,   289, 1.73,    11,   111
4x4,  7679.txt, astar, linearConflict,    32, 1.33,    11,    59
4x4,  7680.txt, astar, linearConflict,    14, 1.23,    11,    53
4x4,  7681.txt, astar, linearConflict,    80, 1.49,    11,    72
4x4,  7682.txt, astar, linearConflict,    66, 1.47,    11,    68
4x4,  7683.txt, astar, linearConflict,    11, 1.19,    11,    50
4x4,  7684.txt, astar, linearConflict,    80, 1.48,    11,    71
4x4,  7685.txt, astar, linearConflict,    44, 1.39,    11,    65
4x4,  7686.txt, astar, linearConflict,    75, 1.48,    11,    71
4x4,  7687.txt, astar, linearConflict,    13, 1.21,    11,    52
4x4,  7688.txt, astar, linearConflict,    25, 1.31,    11,    57
4x4,  7689.txt, astar, linearConflict,    14, 1.22,    11,    51
4x4,  7690.txt, astar, linearConflict,   390, 1.76,    11,   120
4x4,  7691.txt, astar, linearConflict,    19, 1.28,    11,    56
4x4,  7692.txt, astar, linearConflict,    79, 1.51,    11,    74
4x4,  9975.txt, astar, linearConflict,    91, 1.45,    12,    76
4x4,  9976.txt, astar, linearConflict,    18, 1.23,    12,    54
4x4,  9977.txt, astar, linearConflict,    17, 1.23,    12,    54
4x4,  9978.txt, astar, linearConflict,    20, 1.25,    12,    56
4x4,  9979.txt, astar, linearConflict,    29, 1.30,    12,    58
4x4,  9980.txt, astar, linearConflict,    15, 1.20,    12,    52
4x4,  9981.txt, astar, linearConflict,    21, 1.25,    12,    55
4x4,  9982.txt, astar, linearConflict,    65, 1.41,    12,    72
4x4,  9983.txt, astar, linearConflict,    38, 1.33,    12,    60
4x4,  9984.txt, astar, linearConflict,   146, 1.53,    12,    86
4x4,  9985.txt, astar, linearConflict,   301, 1.64,    12,   108
4x4,  9986.txt, astar, linearConflict,    12, 1.17,    12,    49
4x4,  9987.txt, astar, linearConflict,    16, 1.20,    12,    52
4x4,  9988.txt, astar, linearConflict,    15, 1.20,    12,    51
4x4,  9989.txt, astar, linearConflict,    13, 1.19,    12,    50
4x4,  9990.txt, astar, linearConflict,    14, 1.19,    12,    50
4x4,  9991.txt, astar, linearConflict,    19, 1.24,    12,    56
4x4,  9992.txt, astar, linearConflict,    21, 1.25,    12,    56
4x4,  9993.txt, astar, linearConflict,    12, 1.18,    12,    51
4x4,  9994.txt, astar, linearConflict,    16, 1.21,    12,    53
4x4,  9995.txt, astar, linearConflict,    26, 1.28,    12,    57
4x4,  9996.txt, astar, linearConflict,    19, 1.24,    12,    55
4x4,  9997.txt, astar, linearConflict,    40, 1.33,    12,    61
4x4,  9998.txt, astar, linearConflict,    52, 1.37,    12,    65
4x4,  9999.txt, astar, linearConflict,    30, 1.30,    12,    60
4x4, 31020.txt, astar, linearConflict,   128, 1.45,    13,    84
4x4, 31021.txt, astar, linearConflict,    36, 1.29,    13,    64
4x4, 31022.txt, astar, linearConflict,    23, 1.23,    13,    56
4x4, 31023.txt, astar, linearConflict,    22, 1.21,    13,    55
4x4, 31024.txt, astar, linearConflict,    16, 1.19,    13,    51
4x4, 31025.txt, astar, linearConflict,    26, 1.24,    13,    57
4x4, 31026.txt, astar, linearConflict,    22, 1.23,    13,    57
4x4, 31027.txt, astar, linearConflict,    76, 1.38,    13,    78
4x4, 31028.txt, astar, linearConflict,   176, 1.49,    13,    90
4x4, 31029.txt, astar, linearConflict,    15, 1.18,    13,    54
4x4, 31030.txt, astar, linearConflict,    17, 1.19,    13,    52
4x4, 31031.txt, astar, linearConflict,    13, 1.15,    13,    50
4x4, 31032.txt, astar, linearConflict,    15, 1.17,    13,    52
4x4, 31033.txt, astar, linearConflict,    15, 1.18,    13,    53
4x4, 31034.txt, astar, linearConflict,    13, 1.15,    13,    50
4x4, 31035.txt, astar, linearConflict,    34, 1.29,    13,    61
4x4, 31036.txt, astar, linearConflict,    72, 1.38,    13,    70
4x4, 31037.txt, astar, linearConflict,    16, 1.19,    13,    53
4x4, 31038.txt, astar, linearConflict,    24, 1.24,    13,    58
4x4, 31039.txt, astar, linearConflict,    69, 1.36,    13,    69
4x4, 31040.txt, astar, linearConflict,    19, 1.20,    13,    54
4x4, 31041.txt, astar, linearConflict,    20, 1.21,    13,    54
4x4, 31042.txt, astar, linearConflict,    23, 1.23,    13,    55
4x4, 31043.txt, astar, linearConflict,   138, 1.45,    13,    83
4x4, 31044.txt, astar, linearConflict,    27, 1.25,    13,    56
4x4, 61841.txt, astar, linearConflict,    36, 1.26,    14,    63
4x4, 61842.txt, astar, linearConflict,    23, 1.20,    14,    56
4x4, 61843.txt, astar, linearConflict,    42, 1.28,    14,    66
4x4, 61844.txt, astar, linearConflict,    43, 1.27,    14,    63
4x4, 61845.txt, astar, linearConflict,    31, 1.23,    14,    57
4x4, 61846.txt, astar, linearConflict,    53, 1.31,    14,    67
4x4, 61847.txt, astar, linearConflict,  3444, 1.85,    14,   302
4x4, 61848.txt, astar, linearConflict,    36, 1.26,    14,    61
4x4, 61849.txt, astar, linearConflict,  5232, 1.91,    14,   377
4x4, 61850.txt, astar, linearConflict,    59, 1.31,    14,    66
4x4, 61851.txt, astar, linearConflict,    16, 1.16,    14,    52
4x4, 61852.txt, astar, linearConflict,    16, 1.17,    14,    54
4x4, 61853.txt, astar, linearConflict,   136, 1.40,    14,    84
4x4, 61854.txt, astar, linearConflict,    69, 1.33,    14,    70
4x4, 61855.txt, astar, linearConflict,    15, 1.15,    14,    51
4x4, 61856.txt, astar, linearConflict,   163, 1.43,    14,    87
4x4, 61857.txt, astar, linearConflict,    98, 1.37,    14,    77
4x4, 61858.txt, astar, linearConflict,    20, 1.19,    14,    55
4x4, 61859.txt, astar, linearConflict,    16, 1.16,    14,    52
4x4, 61860.txt, astar, linearConflict,    18, 1.17,    14,    54
4x4, 61861.txt, astar, linearConflict,    29, 1.23,    14,    59
4x4, 61862.txt, astar, linearConflict,    83, 1.36,    14,    72
4x4, 61863.txt, astar, linearConflict,    24, 1.21,    14,    57
4x4, 61864.txt, astar, linearConflict,   180, 1.45,    14,    93
4x4, 61865.txt, astar, linearConflict,    22, 1.20,    14,    55
4x4, 99975.txt, astar, linearConflict,  1735, 1.67,    15,   203
4x4, 99976.txt, astar, linearConflict,  1630, 1.66,    15,   199
4x4, 99977.txt, astar, linearConflict,    16, 1.14,    15,    53
4x4, 99978.txt, astar, linearConflict,    21, 1.17,    15,    54
4x4, 99979.txt, astar, linearConflict,    37, 1.23,    15,    62
4x4, 99980.txt, astar, linearConflict,    21, 1.17,    15,    54
4x4, 99981.txt, astar, linearConflict,    41, 1.24,    15,    61
4x4, 99982.txt, astar, linearConflict,    22, 1.18,    15,    55
4x4, 99983.txt, astar, linearConflict,    27, 1.20,    15,    57
4x4, 99984.txt, astar, linearConflict,    25, 1.20,    15,    57
4x4, 99985.txt, astar, linearConflict,    16, 1.14,    15,    52
4x4, 99986.txt, astar, linearConflict,   109, 1.35,    15,    80
4x4, 99987.txt, astar, linearConflict,   238, 1.43,    15,   100
4x4, 99988.txt, astar, linearConflict,    42, 1.24,    15,    63
4x4, 99989.txt, astar, linearConflict,   239, 1.43,    15,    99
4x4, 99990.txt, astar, linearConflict,    88, 1.33,    15,    72
4x4, 99991.txt, astar, linearConflict,    99, 1.35,    15,    80
4x4, 99992.txt, astar, linearConflict,    95, 1.34,    15,    78
4x4, 99993.txt, astar, linearConflict,    23, 1.18,    15,    56
4x4, 99994.txt, astar, linearConflict,    30, 1.21,    15,    58
4x4, 99995.txt, astar, linearConflict,    20, 1.16,    15,    54
4x4, 99996.txt, astar, linearConflict,    21, 1.17,    15,    54
4x4, 99997.txt, astar, linearConflict,    33, 1.22,    15,    60
4x4, 99998.txt, astar, linearConflict,    17, 1.15,    15,    53
4x4, 99999.txt, astar, linearConflict,    35, 1.23,    15,    60
4x4, 241683.txt, astar, linearConflict,   117, 1.33,    16,    81
4x4, 241684.txt, astar, linearConflict,   176, 1.36,    16,    92
4x4, 241685.txt, astar, linearConflict,    40, 1.22,    16,    61
4x4, 241686.txt, astar, linearConflict,    51, 1.23,    16,    63
4x4, 241687.txt, astar, linearConflict,    20, 1.15,    16,    54
4x4, 241688.txt, astar, linearConflict,    41, 1.22,    16,    61
4x4, 241689.txt, astar, linearConflict,    19, 1.14,    16,    52
4x4, 241690.txt, astar, linearConflict,    20, 1.15,    16,    54
4x4, 241691.txt, astar, linearConflict,  7348, 1.79,    16,   464
4x4, 241692.txt, astar, linearConflict, 17590, 1.90,    16,   850
4x4, 241693.txt, astar, linearConflict,  8501, 1.81,    16,   503
4x4, 241694.txt, astar, linearConflict,    69, 1.27,    16,    69
4x4, 241695.txt, astar, linearConflict,    28, 1.18,    16,    59
4x4, 241696.txt, astar, linearConflict,  8077, 1.80,    16,   488
4x4, 241697.txt, astar, linearConflict,   194, 1.38,    16,    96
4x4, 241698.txt, astar, linearConflict,    21, 1.16,    16,    55
4x4, 241699.txt, astar, linearConflict,  1139, 1.56,    16,   167
4x4, 241700.txt, astar, linearConflict,    34, 1.20,    16,    59
4x4, 241701.txt, astar, linearConflict,   947, 1.54,    16,   159
4x4, 241702.txt, astar, linearConflict,    17, 1.14,    16,    52
4x4, 241703.txt, astar, linearConflict,    34, 1.20,    16,    60
4x4, 241704.txt, astar, linearConflict,    60, 1.26,    16,    70
4x4, 241705.txt, astar, linearConflict,    23, 1.16,    16,    55
4x4, 241706.txt, astar, linearConflict,    22, 1.17,    16,    56
4x4, 241707.txt, astar, linearConflict,    26, 1.18,    16,    61
4x4, 473527.txt, astar, linearConflict,   252, 1.38,    17,   104
4x4, 473528.txt, astar, linearConflict,   136, 1.31,    17,    82
4x4, 473529.txt, astar, linearConflict,    17, 1.12,    17,    52
4x4, 473530.txt, astar, linearConflict,    42, 1.21,    17,    62
4x4, 473531.txt, astar, linearConflict,   159, 1.33,    17,    90
4x4, 473532.txt, astar, linearConflict,    29, 1.17,    17,    57
4x4, 473533.txt, astar, linearConflict,   195, 1.34,    17,    92
4x4, 473534.txt, astar, linearConflict,   159, 1.33,    17,    87
4x4, 473535.txt, astar, linearConflict,   258, 1.37,    17,   109
4x4, 473536.txt, astar, linearConflict, 11152, 1.76,    17,   652
4x4, 473537.txt, astar, linearConflict, 10508, 1.76,    17,   583
4x4, 473538.txt, astar, linearConflict,    20, 1.13,    17,    54
4x4, 473539.txt, astar, linearConflict,    21, 1.14,    17,    55
4x4, 473540.txt, astar, linearConflict,  9779, 1.75,    17,   516
4x4, 473541.txt, astar, linearConflict,  5453, 1.68,    17,   361
4x4, 473542.txt, astar, linearConflict,    40, 1.20,    17,    62
4x4, 473543.txt, astar, linearConflict,    99, 1.28,    17,    75
4x4, 473544.txt, astar, linearConflict,    68, 1.25,    17,    68
4x4, 473545.txt, astar, linearConflict, 25245, 1.86,    17,  1137
4x4, 473546.txt, astar, linearConflict,    21, 1.14,    17,    55
4x4, 473547.txt, astar, linearConflict,   703, 1.47,    17,   139
4x4, 473548.txt, astar, linearConflict,  2978, 1.61,    17,   250
4x4, 473549.txt, astar, linearConflict, 11029, 1.77,    17,   600
4x4, 473550.txt, astar, linearConflict,  6360, 1.69,    17,   386
4x4, 473551.txt, astar, linearConflict,    19, 1.13,    17,    53
4x4, 920869.txt, astar, linearConflict,   199, 1.33,    18,    94
4x4, 920870.txt, astar, linearConflict,    88, 1.25,    18,    76
4x4, 920871.txt, astar, linearConflict,    73, 1.24,    18,    70
4x4, 920872.txt, astar, linearConflict,   268, 1.35,    18,   105
4x4, 920873.txt, astar, linearConflict,   102, 1.26,    18,    74
4x4, 920874.txt, astar, linearConflict,   239, 1.33,    18,   106
4x4, 920875.txt, astar, linearConflict,   175, 1.31,    18,    90
4x4, 920876.txt, astar, linearConflict,   146, 1.30,    18,    89
4x4, 920877.txt, astar, linearConflict,   435, 1.39,    18,   120
4x4, 920878.txt, astar, linearConflict,   144, 1.29,    18,    86
4x4, 920879.txt, astar, linearConflict,  4118, 1.60,    18,   312
4x4, 920880.txt, astar, linearConflict,    30, 1.16,    18,    57
4x4, 920881.txt, astar, linearConflict,    41, 1.19,    18,    62
4x4, 920882.txt, astar, linearConflict,    28, 1.15,    18,    58
4x4, 920883.txt, astar, linearConflict,   207, 1.32,    18,   100
4x4, 920884.txt, astar, linearConflict,   147, 1.30,    18,    85
4x4, 920885.txt, astar, linearConflict,   256, 1.34,    18,   105
4x4, 920886.txt, astar, linearConflict,   645, 1.43,    18,   139
4x4, 920887.txt, astar, linearConflict,   151, 1.30,    18,    83
4x4, 920888.txt, astar, linearConflict,   238, 1.33,    18,   100
4x4, 920889.txt, astar, linearConflict,    39, 1.18,    18,    61
4x4, 920890.txt, astar, linearConflict,    22, 1.13,    18,    55
4x4, 920891.txt, astar, linearConflict,   289, 1.35,    18,   108
4x4, 920892.txt, astar, linearConflict,    81, 1.24,    18,    72
4x4, 920893.txt, astar, linearConflict,   203, 1.32,    18,    96
4x4, 999975.txt, astar, linearConflict,   197, 1.31,    19,   100
4x4, 999976.txt, astar, linearConflict,   196, 1.30,    19,    99
4x4, 999977.txt, astar, linearConflict,   329, 1.33,    19,   112
4x4, 999978.txt, astar, linearConflict,  4222, 1.56,    19,   335
4x4, 999979.txt, astar, linearConflict,   713, 1.41,    19,   148
4x4, 999980.txt, astar, linearConflict,   178, 1.29,    19,    88
4x4, 999981.txt, astar, linearConflict,   312, 1.34,    19,   113
4x4, 999982.txt, astar, linearConflict, 10904, 1.65,    19,   546
4x4, 999983.txt, astar, linearConflict,    51, 1.19,    19,    64
4x4, 999984.txt, astar, linearConflict,   558, 1.38,    19,   136
4x4, 999985.txt, astar, linearConflict,   207, 1.30,    19,    97
4x4, 999986.txt, astar, linearConflict,  3501, 1.55,    19,   302
4x4, 999987.txt, astar, linearConflict,  4762, 1.58,    19,   352
4x4, 999988.txt, astar, linearConflict,   244, 1.32,    19,   103
4x4, 999989.txt, astar, linearConflict,   182, 1.29,    19,    93
4x4, 999990.txt, astar, linearConflict,    31, 1.14,    19,    57
4x4, 999991.txt, astar, linearConflict,   258, 1.32,    19,   104
4x4, 999992.txt, astar, linearConflict,   159, 1.28,    19,    93
4x4, 999993.txt, astar, linearConflict,   321, 1.34,    19,   111
4x4, 999994.txt, astar, linearConflict,   144, 1.27,    19,    85
4x4, 999995.txt, astar, linearConflict,   190, 1.30,    19,    96
4x4, 999996.txt, astar, linearConflict,   992, 1.43,    19,   158
4x4, 999997.txt, astar, linearConflict,   195, 1.30,    19,    95
4x4, 999998.txt, astar, linearConflict,   155, 1.28,    19,    88
4x4, 999999.txt, astar, linearConflict,   190, 1.30,    19,    95
4x4, 3417996.txt, astar, linearConflict,   495, 1.35,    20,   127
4x4, 3417997.txt, astar, linearConflict,   772, 1.38,    20,   147
4x4, 3417998.txt, astar, linearConflict,  1577, 1.44,    20,   193
4x4, 3417999.txt, astar, linearConflict,   252, 1.30,    20,   104
4x4, 3418000.txt, astar, linearConflict,    20, 1.10,    20,    54
4x4, 3418001.txt, astar, linearConflict, 105954, 1.82,    20,  3981
4x4, 3418002.txt, astar, linearConflict,  2591, 1.49,    20,   249
4x4, 3418003.txt, astar, linearConflict,  2917, 1.50,    20,   257
4x4, 3418004.txt, astar, linearConflict,    22, 1.10,    20,    54
4x4, 3418005.txt, astar, linearConflict,   168, 1.26,    20,    88
4x4, 3418006.txt, astar, linearConflict,  1056, 1.41,    20,   160
4x4, 3418007.txt, astar, linearConflict,   387, 1.33,    20,   125
4x4, 3418008.txt, astar, linearConflict,   261, 1.31,    20,   105
4x4, 3418009.txt, astar, linearConflict,   726, 1.38,    20,   140
4x4, 3418010.txt, astar, linearConflict,   302, 1.31,    20,   114
4x4, 3418011.txt, astar, linearConflict,  2202, 1.46,    20,   260
4x4, 3418012.txt, astar, linearConflict,   246, 1.30,    20,   102
4x4, 3418013.txt, astar, linearConflict,   259, 1.30,    20,   101
4x4, 3418014.txt, astar, linearConflict,   877, 1.39,    20,   164
4x4, 3418015.txt, astar, linearConflict,   334, 1.32,    20,   112
4x4, 3418016.txt, astar, linearConflict,   281, 1.31,    20,   115
4x4, 3418017.txt, astar, linearConflict, 17558, 1.65,    20,   820
4x4, 3418018.txt, astar, linearConflict,  1062, 1.41,    20,   189
4x4, 3418019.txt, astar, linearConflict,    47, 1.17,    20,    64
4x4, 3418020.txt, astar, linearConflict, 77774, 1.78,    20,  2585
