3x3,     1.txt, astar, manhattan,     1, 3.00,     1,    12
3x3,     2.txt, astar, manhattan,     1, 3.00,     1,    11
3x3,     3.txt, astar, manhattan,     2, 2.19,     2,    12
3x3,     4.txt, astar, manhattan,     2, 1.79,     2,    10
3x3,     5.txt, astar, manhattan,     0, 1.00,     0,     4
3x3,     6.txt, astar, manhattan,     2, 2.19,     2,    12
3x3,     7.txt, astar, manhattan,     2, 1.79,     2,    11
3x3,    10.txt, astar, manhattan,     3, 1.58,     3,    11
3x3,    11.txt, astar, manhattan,     3, 1.74,     3,    12
3x3,    12.txt, astar, manhattan,     3, 1.74,     3,    12
3x3,    13.txt, astar, manhattan,     3, 1.74,     3,    12
3x3,    14.txt, astar, manhattan,     3, 1.74,     3,    12
3x3,    15.txt, astar, manhattan,     3, 1.74,     3,    12
3x3,     8.txt, astar, manhattan,     3, 1.74,     3,    12
3x3,     9.txt, astar, manhattan,     3, 1.58,     3,    12
3x3,    16.txt, astar, manhattan,     4, 1.49,     4,    12
3x3,    17.txt, astar, manhattan,     4, 1.49,     4,    12
3x3,    18.txt, astar, manhattan,     4, 1.49,     4,    12
3x3,    19.txt, astar, manhattan,     4, 1.49,     4,    13
3x3,    20.txt, astar, manhattan,     4, 1.49,     4,    12
3x3,    21.txt, astar, manhattan,     4, 1.49,     4,    12
3x3,    22.txt, astar, manhattan,     4, 1.40,     4,    12
3x3,    23.txt, astar, manhattan,     4, 1.40,     4,    13
3x3,    24.txt, astar, manhattan,     4, 1.49,     4,    13
3x3,    25.txt, astar, manhattan,     4, 1.49,     4,    13
3x3,    26.txt, astar, manhattan,     4, 1.49,     4,    15
3x3,    27.txt, astar, manhattan,     4, 1.49,     4,    13
3x3,    28.txt, astar, manhattan,     4, 1.49,     4,    16
3x3,    29.txt, astar, manhattan,     4, 1.49,     4,    13
3x3,    30.txt, astar, manhattan,     4, 1.49,     4,    12
3x3,    31.txt, astar, manhattan,     4, 1.49,     4,    13
3x3,    32.txt, astar, manhattan,     5, 1.39,     5,    13
3x3,    33.txt, astar, manhattan,     5, 1.39,     5,    14
3x3,    34.txt, astar, manhattan,     5, 1.34,     5,    13
3x3,    35.txt, astar, manhattan,     5, 1.39,     5,    14
3x3,    36.txt, astar, manhattan,     5, 1.39,     5,    13
3x3,    37.txt, astar, manhattan,     6, 1.44,     5,    13
3x3,    38.txt, astar, manhattan,     5, 1.39,     5,    13
3x3,    39.txt, astar, manhattan,     5, 1.39,     5,    15
3x3,    40.txt, astar, manhattan,     5, 1.39,     5,    12
3x3,    41.txt, astar, manhattan,     6, 1.44,     5,    13
3x3,    42.txt, astar, manhattan,     5, 1.39,     5,    13
3x3,    43.txt, astar, manhattan,     5, 1.39,     5,    13
3x3,    44.txt, astar, manhattan,     6, 1.44,     5,    13
3x3,    45.txt, astar, manhattan,     5, 1.39,     5,    12
3x3,    46.txt, astar, manhattan,     5, 1.39,     5,    13
3x3,    47.txt, astar, manhattan,     5, 1.34,     5,    13
3x3,    48.txt, astar, manhattan,     5, 1.39,     5,    12
3x3,    49.txt, astar, manhattan,     6, 1.44,     5,    12
3x3,    50.txt, astar, manhattan,     5, 1.39,     5,    12
3x3,    51.txt, astar, manhattan,     5, 1.39,     5,    12
3x3,    66.txt, astar, manhattan,     9, 1.42,     6,    13
3x3,    67.txt, astar, manhattan,     8, 1.42,     6,    32
3x3,    68.txt, astar, manhattan,     8, 1.42,     6,    15
3x3,    69.txt, astar, manhattan,     7, 1.34,     6,    13
3x3,    70.txt, astar, manhattan,     6, 1.31,     6,    12
3x3,    71.txt, astar, manhattan,     6, 1.31,     6,    12
3x3,    72.txt, astar, manhattan,    11, 1.53,     6,    16
3x3,    73.txt, astar, manhattan,     6, 1.31,     6,    12
3x3,    74.txt, astar, manhattan,     6, 1.27,     6,    12
3x3,    75.txt, astar, manhattan,     6, 1.31,     6,    12
3x3,    76.txt, astar, manhattan,     7, 1.37,     6,    13
3x3,    77.txt, astar, manhattan,     8, 1.42,     6,    15
3x3,    78.txt, astar, manhattan,     6, 1.31,     6,    13
3x3,    79.txt, astar, manhattan,     6, 1.31,     6,    13
3x3,    80.txt, astar, manhattan,     9, 1.42,     6,    13
3x3,    81.txt, astar, manhattan,     9, 1.42,     6,    15
3x3,    82.txt, astar, manhattan,     6, 1.31,     6,    13
3x3,    83.txt, astar, manhattan,     8, 1.42,     6,    14
3x3,    84.txt, astar, manhattan,     6, 1.31,     6,    13
3x3,    85.txt, astar, manhattan,     8, 1.42,     6,    13
3x3,    86.txt, astar, manhattan,     6, 1.31,     6,    12
3x3,    87.txt, astar, manhattan,     9, 1.42,     6,    14
3x3,    88.txt, astar, manhattan,     6, 1.27,     6,    12
3x3,    89.txt, astar, manhattan,     6, 1.31,     6,    13
3x3,    90.txt, astar, manhattan,     8, 1.42,     6,    15
3x3,   137.txt, astar, manhattan,     7, 1.27,     7,    14
3x3,   138.txt, astar, manhattan,     9, 1.34,     7,    13
3x3,   139.txt, astar, manhattan,     9, 1.34,     7,    13
3x3,   140.txt, astar, manhattan,    18, 1.50,     7,    17
3x3,   141.txt, astar, manhattan,     9, 1.34,     7,    15
3x3,   142.txt, astar, manhattan,    14, 1.44,     7,    18
3x3,   143.txt, astar, manhattan,    17, 1.49,     7,    18
3x3,   144.txt, astar, manhattan,     9, 1.34,     7,    16
3x3,   145.txt, astar, manhattan,     7, 1.27,     7,    15
3x3,   146.txt, astar, manhattan,     9, 1.34,     7,    13
3x3,   147.txt, astar, manhattan,     9, 1.34,     7,    14
3x3,   148.txt, astar, manhattan,     7, 1.27,     7,    14
3x3,   149.txt, astar, manhattan,     7, 1.27,     7,    12
3x3,   150.txt, astar, manhattan,    17, 1.49,     7,    17
3x3,   151.txt, astar, manhattan,     9, 1.34,     7,    13
3x3,   152.txt, astar, manhattan,    17, 1.49,     7,    18
3x3,    91.txt, astar, manhattan,     7, 1.27,     7,    14
3x3,    92.txt, astar, manhattan,     9, 1.34,     7,    15
3x3,    93.txt, astar, manhattan,     7, 1.27,     7,    14
3x3,    94.txt, astar, manhattan,     9, 1.34,     7,    15
3x3,    95.txt, astar, manhattan,    15, 1.47,     7,    17
3x3,    96.txt, astar, manhattan,    10, 1.34,     7,    14
3x3,    97.txt, astar, manhattan,     8, 1.29,     7,    13
3x3,    98.txt, astar, manhattan,     7, 1.27,     7,    13
3x3,    99.txt, astar, manhattan,     9, 1.34,     7,    13
3x3,   244.txt, astar, manhattan,    24, 1.46,     8,    18
3x3,   245.txt, astar, manhattan,    10, 1.28,     8,    15
3x3,   246.txt, astar, manhattan,    21, 1.43,     8,    18
3x3,   247.txt, astar, manhattan,    11, 1.28,     8,    15
3x3,   248.txt, astar, manhattan,    33, 1.54,     8,    20
3x3,   249.txt, astar, manhattan,     8, 1.22,     8,    13
3x3,   250.txt, astar, manhattan,    12, 1.32,     8,    15
3x3,   251.txt, astar, manhattan,    22, 1.44,     8,    18
3x3,   252.txt, astar, manhattan,    10, 1.28,     8,    16
3x3,   253.txt, astar, manhattan,    10, 1.28,     8,    15
3x3,   254.txt, astar, manhattan,    10, 1.28,     8,    15
3x3,   255.txt, astar, manhattan,     8, 1.22,     8,    13
3x3,   256.txt, astar, manhattan,    10, 1.28,     8,    15
3x3,   257.txt, astar, manhattan,     8, 1.22,     8,    13
3x3,   258.txt, astar, manhattan,    10, 1.28,     8,    16
3x3,   259.txt, astar, manhattan,    30, 1.53,     8,    21
3x3,   260.txt, astar, manhattan,    23, 1.45,     8,    19
3x3,   261.txt, astar, manhattan,    10, 1.28,     8,    16
3x3,   262.txt, astar, manhattan,    11, 1.31,     8,    17
3x3,   263.txt, astar, manhattan,    10, 1.28,     8,    17
3x3,   264.txt, astar, manhattan,    10, 1.28,     8,    15
3x3,   265.txt, astar, manhattan,    12, 1.32,     8,    17
3x3,   266.txt, astar, manhattan,    10, 1.28,     8,    17
3x3,   267.txt, astar, manhattan,    12, 1.32,     8,    16
3x3,   268.txt, astar, manhattan,    10, 1.28,     8,    15
3x3,   396.txt, astar, manhattan,    13, 1.28,     9,    16
3x3,   397.txt, astar, manhattan,    13, 1.28,     9,    16
3x3,   398.txt, astar, manhattan,    13, 1.28,     9,    16
3x3,   399.txt, astar, manhattan,    11, 1.25,     9,    15
3x3,   400.txt, astar, manhattan,    11, 1.25,     9,    16
3x3,   401.txt, astar, manhattan,    19, 1.34,     9,    18
3x3,   402.txt, astar, manhattan,    13, 1.28,     9,    17
3x3,   403.txt, astar, manhattan,     9, 1.20,     9,    13
3x3,   404.txt, astar, manhattan,    13, 1.28,     9,    17
3x3,   405.txt, astar, manhattan,    11, 1.25,     9,    15
3x3,   406.txt, astar, manhattan,    11, 1.25,     9,    16
3x3,   407.txt, astar, manhattan,    28, 1.42,     9,    21
3x3,   408.txt, astar, manhattan,    11, 1.25,     9,    15
3x3,   409.txt, astar, manhattan,    10, 1.23,     9,    16
3x3,   410.txt, astar, manhattan,    13, 1.27,     9,    17
3x3,   411.txt, astar, manhattan,    42, 1.51,     9,    23
3x3,   412.txt, astar, manhattan,    12, 1.26,     9,    16
3x3,   413.txt, astar, manhattan,    13, 1.27,     9,    16
3x3,   414.txt, astar, manhattan,    13, 1.28,     9,    17
3x3,   415.txt, astar, manhattan,    13, 1.28,     9,    17
3x3,   416.txt, astar, manhattan,    23, 1.38,     9,    19
3x3,   417.txt, astar, manhattan,    13, 1.28,     9,    16
3x3,   418.txt, astar, manhattan,    12, 1.27,     9,    16
3x3,   419.txt, astar, manhattan,    13, 1.27,     9,    16
3x3,   420.txt, astar, manhattan,    22, 1.37,     9,    18
3x3,   682.txt, astar, manhattan,    10, 1.18,    10,    13
3x3,   683.txt, astar, manhattan,    62, 1.50,    10,    27
3x3,   684.txt, astar, manhattan,   184, 1.70,    10,    42
3x3,   685.txt, astar, manhattan,    74, 1.53,    10,    27
3x3,   686.txt, astar, manhattan,    12, 1.22,    10,    17
3x3,   687.txt, astar, manhattan,    15, 1.24,    10,    16
3x3,   688.txt, astar, manhattan,    19, 1.28,    10,    17
3x3,   689.txt, astar, manhattan,    12, 1.22,    10,    17
3x3,   690.txt, astar, manhattan,    10, 1.16,    10,    13
3x3,   691.txt, astar, manhattan,    49, 1.45,    10,    24
3x3,   692.txt, astar, manhattan,    23, 1.33,    10,    19
3x3,   693.txt, astar, manhattan,    40, 1.43,    10,    23
3x3,   694.txt, astar, manhattan,    11, 1.20,    10,    17
3x3,   695.txt, astar, manhattan,    12, 1.22,    10,    16
3x3,   696.txt, astar, manhattan,   222, 1.74,    10,    47
3x3,   697.txt, astar, manhattan,    24, 1.33,    10,    20
3x3,   698.txt, astar, manhattan,    24, 1.33,    10,    20
3x3,   699.txt, astar, manhattan,    17, 1.27,    10,    18
3x3,   700.txt, astar, manhattan,    16, 1.27,    10,    19
3x3,   701.txt, astar, manhattan,    13, 1.23,    10,    15
3x3,   702.txt, astar, manhattan,    13, 1.23,    10,    17
3x3,   703.txt, astar, manhattan,    28, 1.36,    10,    20
3x3,   704.txt, astar, manhattan,    14, 1.23,    10,    17
3x3,   705.txt, astar, manhattan,    73, 1.53,    10,    30
3x3,   706.txt, astar, manhattan,    10, 1.18,    10,    13
3x3,   975.txt, astar, manhattan,    66, 1.44,    11,    27
3x3,   976.txt, astar, manhattan,    47, 1.39,    11,    23
3x3,   977.txt, astar, manhattan,    17, 1.23,    11,    18
3x3,   978.txt, astar, manhattan,   101, 1.51,    11,    32
3x3,   979.txt, astar, manhattan,    23, 1.28,    11,    19
3x3,   980.txt, astar, manhattan,   264, 1.67,    11,    48
3x3,   981.txt, astar, manhattan,    90, 1.49,    11,    31
3x3,   982.txt, astar, manhattan,   171, 1.60,    11,    42
3x3,   983.txt, astar, manhattan,    26, 1.29,    11,    20
3x3,   984.txt, astar, manhattan,    72, 1.45,    11,    27
3x3,   985.txt, astar, manhattan,    39, 1.36,    11,    23
3x3,   986.txt, astar, manhattan,    18, 1.24,    11,    17
3x3,   987.txt, astar, manhattan,    32, 1.32,    11,    21
3x3,   988.txt, astar, manhattan,    14, 1.20,    11,    17
3x3,   989.txt, astar, manhattan,    17, 1.24,    11,    18
3x3,   990.txt, astar, manhattan,    82, 1.48,    11,    31
3x3,   991.txt, astar, manhattan,   165, 1.59,    11,    39
3x3,   992.txt, astar, manhattan,    24, 1.29,    11,    21
3x3,   993.txt, astar, manhattan,    53, 1.41,    11,    25
3x3,   994.txt, astar, manhattan,    24, 1.29,    11,    19
3x3,   995.txt, astar, manhattan,    21, 1.26,    11,    18
3x3,   996.txt, astar, manhattan,    66, 1.45,    11,    27
3x3,   997.txt, astar, manhattan,    39, 1.36,    11,    22
3x3,   998.txt, astar, manhattan,    41, 1.36,    11,    23
3x3,   999.txt, astar, manhattan,    48, 1.39,    11,    24
3x3,  1826.txt, astar, manhattan,   462, 1.69,    12,    65
3x3,  1827.txt, astar, manhattan,    28, 1.27,    12,    20
3x3,  1828.txt, astar, manhattan,    20, 1.22,    12,    18
3x3,  1829.txt, astar, manhattan,    25, 1.25,    12,    20
3x3,  1830.txt, astar, manhattan,    17, 1.20,    12,    17
3x3,  1831.txt, astar, manhattan,    36, 1.30,    12,    22
3x3,  1832.txt, astar, manhattan,    17, 1.20,    12,    17
3x3,  1833.txt, astar, manhattan,   458, 1.68,    12,    61
3x3,  1834.txt, astar, manhattan,   666, 1.74,    12,    74
3x3,  1835.txt, astar, manhattan,   715, 1.75,    12,    74
3x3,  1836.txt, astar, manhattan,    34, 1.29,    12,    21
3x3,  1837.txt, astar, manhattan,   361, 1.65,    12,    57
3x3,  1838.txt, astar, manhattan,    18, 1.21,    12,    18
3x3,  1839.txt, astar, manhattan,   406, 1.66,    12,    59
3x3,  1840.txt, astar, manhattan,    18, 1.20,    12,    17
3x3,  1841.txt, astar, manhattan,   365, 1.64,    12,    57
3x3,  1842.txt, astar, manhattan,    89, 1.43,    12,    29
3x3,  1843.txt, astar, manhattan,    46, 1.34,    12,    24
3x3,  1844.txt, astar, manhattan,   339, 1.64,    12,    57
3x3,  1845.txt, astar, manhattan,   243, 1.58,    12,    47
3x3,  1846.txt, astar, manhattan,    73, 1.40,    12,    28
3x3,  1847.txt, astar, manhattan,    30, 1.27,    12,    22
3x3,  1848.txt, astar, manhattan,    12, 1.13,    12,    16
3x3,  1849.txt, astar, manhattan,    52, 1.36,    12,    26
3x3,  1850.txt, astar, manhattan,   480, 1.69,    12,    68
3x3,  2850.txt, astar, manhattan,    22, 1.20,    13,    19
3x3,  2851.txt, astar, manhattan,    48, 1.31,    13,    25
3x3,  2852.txt, astar, manhattan,    21, 1.20,    13,    19
3x3,  2853.txt, astar, manhattan,    29, 1.24,    13,    20
3x3,  2854.txt, astar, manhattan,   814, 1.69,    13,    80
3x3,  2855.txt, astar, manhattan,   141, 1.44,    13,    37
3x3,  2856.txt, astar, manhattan,    64, 1.34,    13,    26
3x3,  2857.txt, astar, manhattan,   698, 1.67,    13,    75
3x3,  2858.txt, astar, manhattan,    29, 1.24,    13,    22
3x3,  2859.txt, astar, manhattan,   203, 1.49,    13,    42
3x3,  2860.txt, astar, manhattan,    51, 1.31,    13,    24
3x3,  2861.txt, astar, manhattan,   302, 1.55,    13,    54
3x3,  2862.txt, astar, manhattan,  1650, 1.81,    13,   103
3x3,  2863.txt, astar, manhattan,   189, 1.48,    13,    41
3x3,  2864.txt, astar, manhattan,   118, 1.42,    13,    34
3x3,  2865.txt, astar, manhattan,    34, 1.26,    13,    22
3x3,  2866.txt, astar, manhattan,    27, 1.23,    13,    20
3x3,  2867.txt, astar, manhattan,    26, 1.22,    13,    19
3x3,  2868.txt, astar, manhattan,    41, 1.28,    13,    22
3x3,  2869.txt, astar, manhattan,    19, 1.18,    13,    18
3x3,  2870.txt, astar, manhattan,    19, 1.19,    13,    18
3x3,  2871.txt, astar, manhattan,    21, 1.20,    13,    18
3x3,  2872.txt, astar, manhattan,   597, 1.65,    13,    69
3x3,  2873.txt, astar, manhattan,    26, 1.22,    13,    19
3x3,  2874.txt, astar, manhattan,    62, 1.33,    13,    25
3x3,  4743.txt, astar, manhattan,  4003, 1.84,    14,   142
3x3,  4744.txt, astar, manhattan,  5579, 1.89,    14,   166
3x3,  4745.txt, astar, manhattan,   803, 1.61,    14,    79
3x3,  4746.txt, astar, manhattan,    62, 1.30,    14,    26
3x3,  4747.txt, astar, manhattan,   149, 1.40,    14,    39
3x3,  4748.txt, astar, manhattan,    58, 1.29,    14,    26
3x3,  4749.txt, astar, manhattan,    36, 1.24,    14,    22
3x3,  4750.txt, astar, manhattan,    23, 1.18,    14,    19
3x3,  4751.txt, astar, manhattan,  5079, 1.87,    14,   158
3x3,  4752.txt, astar, manhattan,   151, 1.41,    14,    39
3x3,  4753.txt, astar, manhattan,    27, 1.20,    14,    21
3x3,  4754.txt, astar, manhattan,   250, 1.47,    14,    49
3x3,  4755.txt, astar, manhattan,   107, 1.36,    14,    33
3x3,  4756.txt, astar, manhattan,   111, 1.37,    14,    36
3x3,  4757.txt, astar, manhattan,  2502, 1.77,    14,   117
3x3,  4758.txt, astar, manhattan,    36, 1.23,    14,    22
3x3,  4759.txt, astar, manhattan,   180, 1.43,    14,    41
3x3,  4760.txt, astar, manhattan,  1399, 1.69,    14,    94
3x3,  4761.txt, astar, manhattan,    28, 1.20,    14,    20
3x3,  4762.txt, astar, manhattan,  4653, 1.87,    14,   155
3x3,  4763.txt, astar, manhattan,    93, 1.35,    14,    30
3x3,  4764.txt, astar, manhattan,   808, 1.62,    14,    77
3x3,  4765.txt, astar, manhattan,    47, 1.27,    14,    24
3x3,  4766.txt, astar, manhattan,   840, 1.63,    14,    78
3x3,  4767.txt, astar, manhattan,   133, 1.39,    14,    37
3x3,  7255.txt, astar, manhattan,   736, 1.55,    15,    76
3x3,  7256.txt, astar, manhattan,    84, 1.31,    15,    29
3x3,  7257.txt, astar, manhattan,    35, 1.21,    15,    22
3x3,  7258.txt, astar, manhattan,  7707, 1.84,    15,   184
3x3,  7259.txt, astar, manhattan,   147, 1.37,    15,    37
3x3,  7260.txt, astar, manhattan,  1289, 1.62,    15,    87
3x3,  7261.txt, astar, manhattan,   387, 1.48,    15,    59
3x3,  7262.txt, astar, manhattan,  8611, 1.86,    15,   217
3x3,  7263.txt, astar, manhattan,   102, 1.33,    15,    33
3x3,  7264.txt, astar, manhattan,   108, 1.33,    15,    34
3x3,  7265.txt, astar, manhattan,  1177, 1.61,    15,    94
3x3,  7266.txt, astar, manhattan,   123, 1.35,    15,    37
3x3,  7267.txt, astar, manhattan,    28, 1.18,    15,    22
3x3,  7268.txt, astar, manhattan,  5646, 1.81,    15,   171
3x3,  7269.txt, astar, manhattan,  2883, 1.72,    15,   142
3x3,  7270.txt, astar, manhattan,  6798, 1.83,    15,   188
3x3,  7271.txt, astar, manhattan,   210, 1.40,    15,    47
3x3,  7272.txt, astar, manhattan,   407, 1.48,    15,    58
3x3,  7273.txt, astar, manhattan,    70, 1.28,    15,    28
3x3,  7274.txt, astar, manhattan,   671, 1.54,    15,    79
3x3,  7275.txt, astar, manhattan,  4282, 1.76,    15,   147
3x3,  7276.txt, astar, manhattan,  2897, 1.71,    15,   130
3x3,  7277.txt, astar, manhattan,  3646, 1.75,    15,   143
3x3,  7278.txt, astar, manhattan,  2545, 1.70,    15,   126
3x3,  7279.txt, astar, manhattan,  1425, 1.63,    15,    99
3x3,  9975.txt, astar, manhattan, 16128, 1.86,    16,   279
3x3,  9976.txt, astar, manhattan,   386, 1.43,    16,    58
3x3,  9977.txt, astar, manhattan,   252, 1.39,    16,    49
3x3,  9978.txt, astar, manhattan,  1445, 1.58,    16,    93
3x3,  9979.txt, astar, manhattan, 10177, 1.80,    16,   239
3x3,  9980.txt, astar, manhattan,   259, 1.39,    16,    50
3x3,  9981.txt, astar, manhattan,  8687, 1.79,    16,   223
3x3,  9982.txt, astar, manhattan,    40, 1.20,    16,    23
3x3,  9983.txt, astar, manhattan, 12834, 1.83,    16,   257
3x3,  9984.txt, astar, manhattan,  3031, 1.66,    16,   127
3x3,  9985.txt, astar, manhattan,  3440, 1.67,    16,   136
3x3,  9986.txt, astar, manhattan,  1447, 1.57,    16,   111
3x3,  9987.txt, astar, manhattan,  6429, 1.74,    16,   178
3x3,  9988.txt, astar, manhattan,  1334, 1.57,    16,    98
3x3,  9989.txt, astar, manhattan,   393, 1.43,    16,    56
3x3,  9990.txt, astar, manhattan,    64, 1.25,    16,    27
3x3,  9991.txt, astar, manhattan,   917, 1.52,    16,    81
3x3,  9992.txt, astar, manhattan,  7378, 1.76,    16,   187
3x3,  9993.txt, astar, manhattan,  3506, 1.67,    16,   137
3x3,  9994.txt, astar, manhattan,  1299, 1.56,    16,    91
3x3,  9995.txt, astar, manhattan,   474, 1.45,    16,    62
3x3,  9996.txt, astar, manhattan,    69, 1.26,    16,    27
3x3,  9997.txt, astar, manhattan,   218, 1.38,    16,    45
3x3,  9998.txt, astar, manhattan,   135, 1.33,    16,    36
3x3,  9999.txt, astar, manhattan,   170, 1.35,    16,    40
3x3, 17378.txt, astar, manhattan,   216, 1.34,    17,    44
3x3, 17379.txt, astar, manhattan,  8251, 1.71,    17,   204
3x3, 17380.txt, astar, manhattan,   510, 1.43,    17,    72
3x3, 17381.txt, astar, manhattan,  1241, 1.51,    17,    90
3x3, 17382.txt, astar, manhattan,   419, 1.40,    17,    63
3x3, 17383.txt, astar, manhattan,  9388, 1.73,    17,   229
3x3, 17384.txt, astar, manhattan,  1349, 1.52,    17,    89
3x3, 17385.txt, astar, manhattan,    91, 1.26,    17,    31
3x3, 17386.txt, astar, manhattan,  1398, 1.53,    17,    95
3x3, 17387.txt, astar, manhattan,    96, 1.27,    17,    33
3x3, 17388.txt, astar, manhattan, 10469, 1.74,    17,   229
3x3, 17389.txt, astar, manhattan,  1185, 1.51,    17,    94
3x3, 17390.txt, astar, manhattan, 19073, 1.81,    17,   276
3x3, 17391.txt, astar, manhattan, 10434, 1.74,    17,   246
3x3, 17392.txt, astar, manhattan,  5804, 1.68,    17,   173
3x3, 17393.txt, astar, manhattan,  2076, 1.56,    17,   109
3x3, 17394.txt, astar, manhattan, 14430, 1.77,    17,   281
3x3, 17395.txt, astar, manhattan,  1596, 1.54,    17,    95
3x3, 17396.txt, astar, manhattan, 48661, 1.91,    17,   446
3x3, 17397.txt, astar, manhattan,  5691, 1.68,    17,   194
3x3, 17398.txt, astar, manhattan,   270, 1.36,    17,    48
3x3, 17399.txt, astar, manhattan,   116, 1.28,    17,    34
3x3, 17400.txt, astar, manhattan,  3877, 1.63,    17,   140
3x3, 17401.txt, astar, manhattan,   736, 1.46,    17,    79
3x3, 17402.txt, astar, manhattan,   200, 1.33,    17,    43
3x3, 26907.txt, astar, manhattan,   952, 1.45,    18,    85
3x3, 26908.txt, astar, manhattan, 211240, 2.01,    18,  1282
3x3, 26909.txt, astar, manhattan,  5810, 1.62,    18,   180
3x3, 26910.txt, astar, manhattan,  2946, 1.56,    18,   125
3x3, 26911.txt, astar, manhattan,  1313, 1.48,    18,    91
3x3, 26912.txt, astar, manhattan,  5658, 1.62,    18,   175
3x3, 26913.txt, astar, manhattan, 13673, 1.71,    18,   294
3x3, 26914.txt, astar, manhattan, 14095, 1.71,    18,   274
3x3, 26915.txt, astar, manhattan,  1226, 1.47,    18,    94
3x3, 26916.txt, astar, manhattan,  2611, 1.54,    18,   117
3x3, 26917.txt, astar, manhattan, 10807, 1.69,    18,   259
3x3, 26918.txt, astar, manhattan,  2349, 1.54,    18,   113
3x3, 26919.txt, astar, manhattan,  2220, 1.53,    18,   109
3x3, 26920.txt, astar, manhattan,  3296, 1.57,    18,   132
3x3, 26921.txt, astar, manhattan,  2900, 1.56,    18,   125
3x3, 26922.txt, astar, manhattan,   103, 1.25,    18,    33
3x3, 26923.txt, astar, manhattan,   375, 1.36,    18,    57
3x3, 26924.txt, astar, manhattan,  2743, 1.55,    18,   119
3x3, 26925.txt, astar, manhattan, 14722, 1.72,    18,   278
3x3, 26926.txt, astar, manhattan,  2717, 1.55,    18,   124
3x3, 26927.txt, astar, manhattan,    98, 1.25,    18,    33
3x3, 26928.txt, astar, manhattan,   313, 1.35,    18,    51
3x3, 26929.txt, astar, manhattan,   510, 1.39,    18,    64
3x3, 26930.txt, astar, manhattan, 11331, 1.69,    18,   248
3x3, 26931.txt, astar, manhattan,  2969, 1.56,    18,   122
3x3, 37785.txt, astar, manhattan,  1423, 1.45,    19,    94
3x3, 37786.txt, astar, manhattan,   663, 1.39,    19,    72
3x3, 37787.txt, astar, manhattan, 24797, 1.71,    19,   335
3x3, 37788.txt, astar, manhattan,  3270, 1.53,    19,   134
3x3, 37789.txt, astar, manhattan,  5959, 1.58,    19,   183
3x3, 37790.txt, astar, manhattan, 10664, 1.63,    19,   235
3x3, 37791.txt, astar, manhattan, 21060, 1.70,    19,   351
3x3, 37792.txt, astar, manhattan, 24482, 1.71,    19,   335
3x3, 37793.txt, astar, manhattan,   126, 1.25,    19,    35
3x3, 37794.txt, astar, manhattan, 25483, 1.72,    19,   340
3x3, 37795.txt, astar, manhattan, 15297, 1.67,    19,   300
3x3, 37796.txt, astar, manhattan,  4072, 1.54,    19,   149
3x3, 37797.txt, astar, manhattan,  3208, 1.52,    19,   136
3x3, 37798.txt, astar, manhattan,   668, 1.39,    19,    77
3x3, 37799.txt, astar, manhattan, 13486, 1.66,    19,   268
3x3, 37800.txt, astar, manhattan,  5027, 1.57,    19,   175
3x3, 37801.txt, astar, manhattan, 21723, 1.70,    19,   330
3x3, 37802.txt, astar, manhattan,  6143, 1.58,    19,   177
3x3, 37803.txt, astar, manhattan,  2458, 1.50,    19,   115
3x3, 37804.txt, astar, manhattan,  7175, 1.60,    19,   202
3x3, 37805.txt, astar, manhattan, 20289, 1.70,    19,   344
3x3, 37806.txt, astar, manhattan,  5225, 1.57,    19,   168
3x3, 37807.txt, astar, manhattan,  3857, 1.54,    19,   143
3x3, 37808.txt, astar, manhattan,  1643, 1.46,    19,    95
3x3, 37809.txt, astar, manhattan, 25395, 1.72,    19,   344
3x3, 54773.txt, astar, manhattan, 25144, 1.67,    20,   336
3x3, 54774.txt, astar, manhattan, 31146, 1.69,    20,   350
3x3, 54775.txt, astar, manhattan,  3293, 1.49,    20,   129
3x3, 54777.txt, astar, manhattan, 21105, 1.65,    20,   300
3x3, 54778.txt, astar, manhattan,  1304, 1.41,    20,    91
3x3, 54779.txt, astar, manhattan, 16303, 1.63,    20,   272
3x3, 54780.txt, astar, manhattan, 14763, 1.61,    20,   267
3x3, 54782.txt, astar, manhattan,  1019, 1.39,    20,    84
3x3, 54783.txt, astar, manhattan, 12980, 1.61,    20,   257
3x3, 54784.txt, astar, manhattan,   184, 1.26,    20,    42
3x3, 54785.txt, astar, manhattan, 12425, 1.60,    20,   264
3x3, 54787.txt, astar, manhattan,  5207, 1.53,    20,   158
3x3, 54788.txt, astar, manhattan,  1809, 1.44,    20,   104
3x3, 54789.txt, astar, manhattan, 187542, 1.86,    20,  1215
3x3, 54790.txt, astar, manhattan, 40588, 1.71,    20,   407
3x3, 54791.txt, astar, manhattan, 23509, 1.66,    20,   318
3x3, 54792.txt, astar, manhattan,  3022, 1.48,    20,   125
3x3, 54794.txt, astar, manhattan,   430, 1.33,    20,    61
3x3, 54795.txt, astar, manhattan,   399, 1.32,    20,    57
3x3, 54796.txt, astar, manhattan, 12426, 1.60,    20,   240
3x3, 54797.txt, astar, manhattan, 26877, 1.67,    20,   337
3x3, 54798.txt, astar, manhattan, 253020, 1.88,    20,  1398
3x3, 54799.txt, astar, manhattan,  6275, 1.55,    20,   201
3x3, 54801.txt, astar, manhattan, 28712, 1.68,    20,   381
3x3, 54802.txt, astar, manhattan,   193, 1.27,    20,    42
4x4,     1.txt, astar, manhattan,     1, 3.00,     1,    13
4x4,     2.txt, astar, manhattan,     1, 3.00,     1,    10
4x4,     3.txt, astar, manhattan,     2, 2.19,     2,    11
4x4,     4.txt, astar, manhattan,     2, 2.00,     2,    11
4x4,     5.txt, astar, manhattan,     0, 1.00,     0,     4
4x4,     6.txt, astar, manhattan,     2, 2.19,     2,    12
4x4,     7.txt, astar, manhattan,     2, 2.00,     2,    11
4x4,    10.txt, astar, manhattan,     3, 1.58,     3,    12
4x4,    11.txt, astar, manhattan,     3, 1.81,     3,    13
4x4,    12.txt, astar, manhattan,     3, 1.74,     3,    11
4x4,    13.txt, astar, manhattan,     3, 1.58,     3,    11
4x4,    14.txt, astar, manhattan,     3, 1.74,     3,    12
4x4,    15.txt, astar, manhattan,     3, 1.74,     3,    12
4x4,    16.txt, astar, manhattan,     3, 1.81,     3,    12
4x4,    17.txt, astar, manhattan,     3, 1.81,     3,    13
4x4,     8.txt, astar, manhattan,     3, 1.81,     3,    12
4x4,     9.txt, astar, manhattan,     3, 1.74,     3,    13
4x4,    18.txt, astar, manhattan,     4, 1.61,     4,    14
4x4,    19.txt, astar, manhattan,     4, 1.61,     4,    14
4x4,    20.txt, astar, manhattan,     4, 1.53,     4,    13
4x4,    21.txt, astar, manhattan,     4, 1.45,     4,    11
4x4,    22.txt, astar, manhattan,     4, 1.57,     4,    12
4x4,    23.txt, astar, manhattan,     4, 1.49,     4,    13
4x4,    24.txt, astar, manhattan,     4, 1.49,     4,    12
4x4,    25.txt, astar, manhattan,     4, 1.57,     4,    13
4x4,    26.txt, astar, manhattan,     4, 1.57,     4,    14
4x4,    27.txt, astar, manhattan,     4, 1.57,     4,    12
4x4,    28.txt, astar, manhattan,     4, 1.57,     4,    15
4x4,    29.txt, astar, manhattan,     4, 1.57,     4,    13
4x4,    30.txt, astar, manhattan,     4, 1.57,     4,    13
4x4,    31.txt, astar, manhattan,     4, 1.57,     4,    13
4x4,    32.txt, astar, manhattan,     4, 1.61,     4,    14
4x4,    33.txt, astar, manhattan,     4, 1.57,     4,    13
4x4,    34.txt, astar, manhattan,     4, 1.57,     4,    13
4x4,    35.txt, astar, manhattan,     4, 1.53,     4,    12
4x4,    36.txt, astar, manhattan,     4, 1.45,     4,    12
4x4,    37.txt, astar, manhattan,     4, 1.57,     4,    14
4x4,    38.txt, astar, manhattan,     4, 1.53,     4,    14
4x4,    39.txt, astar, manhattan,     4, 1.53,     4,    12
4x4,    40.txt, astar, manhattan,     4, 1.57,     4,    13
4x4,    41.txt, astar, manhattan,     4, 1.61,     4,    14
4x4,    71.txt, astar, manhattan,     5, 1.39,     5,    14
4x4,    72.txt, astar, manhattan,     5, 1.42,     5,    14
4x4,    73.txt, astar, manhattan,     5, 1.39,     5,    14
4x4,    74.txt, astar, manhattan,     5, 1.44,     5,    15
4x4,    75.txt, astar, manhattan,     5, 1.39,     5,    15
4x4,    76.txt, astar, manhattan,     5, 1.42,     5,    14
4x4,    77.txt, astar, manhattan,     5, 1.44,     5,    15
4x4,    78.txt, astar, manhattan,     5, 1.48,     5,    16
4x4,    79.txt, astar, manhattan,     6, 1.48,     5,    15
4x4,    80.txt, astar, manhattan,     5, 1.39,     5,    14
4x4,    81.txt, astar, manhattan,     5, 1.46,     5,    14
4x4,    82.txt, astar, manhattan,     5, 1.44,     5,    14
4x4,    83.txt, astar, manhattan,     5, 1.44,     5,    14
4x4,    84.txt, astar, manhattan,     5, 1.42,     5,    14
4x4,    85.txt, astar, manhattan,     5, 1.48,     5,    15
4x4,    86.txt, astar, manhattan,     5, 1.46,     5,    15
4x4,    87.txt, astar, manhattan,     5, 1.48,     5,    15
4x4,    88.txt, astar, manhattan,     5, 1.46,     5,    15
4x4,    89.txt, astar, manhattan,     5, 1.42,     5,    14
4x4,    90.txt, astar, manhattan,     5, 1.37,     5,    17
4x4,    91.txt, astar, manhattan,     5, 1.39,     5,    17
4x4,    92.txt, astar, manhattan,     5, 1.37,     5,    13
4x4,    93.txt, astar, manhattan,     5, 1.46,     5,    17
4x4,    94.txt, astar, manhattan,     5, 1.42,     5,    14
4x4,    95.txt, astar, manhattan,     5, 1.46,     5,    16
4x4,   182.txt, astar, manhattan,     6, 1.37,     6,    16
4x4,   183.txt, astar, manhattan,     6, 1.36,     6,    16
4x4,   184.txt, astar, manhattan,     6, 1.39,     6,    15
4x4,   185.txt, astar, manhattan,     6, 1.34,     6,    15
4x4,   186.txt, astar, manhattan,     6, 1.37,     6,    15
4x4,   187.txt, astar, manhattan,     6, 1.37,     6,    15
4x4,   188.txt, astar, manhattan,     6, 1.33,     6,    14
4x4,   189.txt, astar, manhattan,     6, 1.36,     6,    14
4x4,   190.txt, astar, manhattan,     6, 1.36,     6,    15
4x4,   191.txt, astar, manhattan,     6, 1.33,     6,    15
4x4,   192.txt, astar, manhattan,     8, 1.44,     6,    16
4x4,   193.txt, astar, manhattan,     6, 1.39,     6,    14
4x4,   194.txt, astar, manhattan,     6, 1.36,     6,    14
4x4,   195.txt, astar, manhattan,     6, 1.37,     6,    15
4x4,   196.txt, astar, manhattan,     6, 1.33,     6,    15
4x4,   197.txt, astar, manhattan,     6, 1.33,     6,    14
4x4,   198.txt, astar, manhattan,     6, 1.36,     6,    17
4x4,   199.txt, astar, manhattan,     6, 1.36,     6,    15
4x4,   200.txt, astar, manhattan,     6, 1.29,     6,    15
4x4,   201.txt, astar, manhattan,     6, 1.37,     6,    15
4x4,   202.txt, astar, manhattan,     6, 1.39,     6,    15
4x4,    96.txt, astar, manhattan,     6, 1.34,     6,    14
4x4,    97.txt, astar, manhattan,     6, 1.37,     6,    15
4x4,    98.txt, astar, manhattan,     6, 1.34,     6,    15
4x4,    99.txt, astar, manhattan,     6, 1.34,     6,    15
4x4,   390.txt, astar, manhattan,    10, 1.40,     7,    16
4x4,   391.txt, astar, manhattan,     7, 1.29,     7,    15
4x4,   392.txt, astar, manhattan,     7, 1.30,     7,    15
4x4,   393.txt, astar, manhattan,     7, 1.30,     7,    14
4x4,   394.txt, astar, manhattan,     7, 1.29,     7,    15
4x4,   395.txt, astar, manhattan,    12, 1.43,     7,    17
4x4,   396.txt, astar, manhattan,     7, 1.30,     7,    15
4x4,   397.txt, astar, manhattan,     7, 1.30,     7,    15
4x4,   398.txt, astar, manhattan,     7, 1.31,     7,    16
4x4,   399.txt, astar, manhattan,     7, 1.32,     7,    15
4x4,   400.txt, astar, manhattan,     7, 1.29,     7,    14
4x4,   401.txt, astar, manhattan,     7, 1.30,     7,    16
4x4,   402.txt, astar, manhattan,     9, 1.37,     7,    22
4x4,   403.txt, astar, manhattan,     7, 1.31,     7,    16
4x4,   404.txt, astar, manhattan,     8, 1.34,     7,    16
4x4,   405.txt, astar, manhattan,     7, 1.31,     7,    19
4x4,   406.txt, astar, manhattan,     8, 1.33,     7,    15
4x4,   407.txt, astar, manhattan,    10, 1.40,     7,    16
4x4,   408.txt, astar, manhattan,     7, 1.28,     7,    15
4x4,   409.txt, astar, manhattan,     7, 1.32,     7,    16
4x4,   410.txt, astar, manhattan,     7, 1.32,     7,    16
4x4,   411.txt, astar, manhattan,     7, 1.31,     7,    15
4x4,   412.txt, astar, manhattan,     7, 1.28,     7,    14
4x4,   413.txt, astar, manhattan,     7, 1.29,     7,    14
4x4,   414.txt, astar, manhattan,     7, 1.32,     7,    15
4x4,   836.txt, astar, manhattan,    12, 1.36,     8,    17
4x4,   837.txt, astar, manhattan,    31, 1.56,     8,    21
4x4,   838.txt, astar, manhattan,    11, 1.34,     8,    16
4x4,   839.txt, astar, manhattan,     8, 1.25,     8,    16
4x4,   840.txt, astar, manhattan,     8, 1.28,     8,    15
4x4,   841.txt, astar, manhattan,    10, 1.30,     8,    16
4x4,   842.txt, astar, manhattan,    10, 1.30,     8,    15
4x4,   843.txt, astar, manhattan,    10, 1.29,     8,    16
4x4,   844.txt, astar, manhattan,    21, 1.46,     8,    20
4x4,   845.txt, astar, manhattan,     9, 1.28,     8,    16
4x4,   846.txt, astar, manhattan,    10, 1.32,     8,    16
4x4,   847.txt, astar, manhattan,     8, 1.27,     8,    15
4x4,   848.txt, astar, manhattan,     8, 1.26,     8,    15
4x4,   849.txt, astar, manhattan,    15, 1.40,     8,    18
4x4,   850.txt, astar, manhattan,    11, 1.30,     8,    16
4x4,   851.txt, astar, manhattan,     9, 1.30,     8,    16
4x4,   852.txt, astar, manhattan,    11, 1.34,     8,    17
4x4,   853.txt, astar, manhattan,    29, 1.55,     8,    22
4x4,   854.txt, astar, manhattan,     8, 1.25,     8,    15
4x4,   855.txt, astar, manhattan,     9, 1.28,     8,    16
4x4,   856.txt, astar, manhattan,    12, 1.33,     8,    17
4x4,   857.txt, astar, manhattan,     8, 1.27,     8,    15
4x4,   858.txt, astar, manhattan,    11, 1.34,     8,    17
4x4,   859.txt, astar, manhattan,     8, 1.24,     8,    15
4x4,   860.txt, astar, manhattan,    23, 1.48,     8,    20
4x4,   975.txt, astar, manhattan,    12, 1.29,     9,    16
4x4,   976.txt, astar, manhattan,    12, 1.28,     9,    17
4x4,   977.txt, astar, manhattan,    48, 1.56,     9,    25
4x4,   978.txt, astar, manhattan,    11, 1.28,     9,    16
4x4,   979.txt, astar, manhattan,    17, 1.33,     9,    18
4x4,   980.txt, astar, manhattan,    10, 1.24,     9,    16
4x4,   981.txt, astar, manhattan,    10, 1.25,     9,    16
4x4,   982.txt, astar, manhattan,     9, 1.23,     9,    17
4x4,   983.txt, astar, manhattan,    10, 1.26,     9,    17
4x4,   984.txt, astar, manhattan,    13, 1.31,     9,    17
4x4,   985.txt, astar, manhattan,     9, 1.22,     9,    15
4x4,   986.txt, astar, manhattan,    11, 1.28,     9,    16
4x4,   987.txt, astar, manhattan,    43, 1.53,     9,    25
4x4,   988.txt, astar, manhattan,    10, 1.27,     9,    16
4x4,   989.txt, astar, manhattan,    12, 1.29,     9,    18
4x4,   990.txt, astar, manhattan,     9, 1.22,     9,    15
4x4,   991.txt, astar, manhattan,    23, 1.41,     9,    19
4x4,   992.txt, astar, manhattan,    13, 1.30,     9,    19
4x4,   993.txt, astar, manhattan,     9, 1.23,     9,    16
4x4,   994.txt, astar, manhattan,    13, 1.30,     9,    17
4x4,   995.txt, astar, manhattan,     9, 1.22,     9,    16
4x4,   996.txt, astar, manhattan,     9, 1.23,     9,    16
4x4,   997.txt, astar, manhattan,    12, 1.29,     9,    17
4x4,   998.txt, astar, manhattan,    13, 1.32,     9,    17
4x4,   999.txt, astar, manhattan,     9, 1.23,     9,    15
4x4,  3730.txt, astar, manhattan,    16, 1.28,    10,    18
4x4,  3731.txt, astar, manhattan,    27, 1.36,    10,    21
4x4,  3732.txt, astar, manhattan,    16, 1.28,    10,    17
4x4,  3733.txt, astar, manhattan,    10, 1.20,    10,    15
4x4,  3734.txt, astar, manhattan,    21, 1.33,    10,    19
4x4,  3735.txt, astar, manhattan,    12, 1.24,    10,    18
4x4,  3736.txt, astar, manhattan,    13, 1.26,    10,    17
4x4,  3737.txt, astar, manhattan,    12, 1.24,    10,    16
4x4,  3738.txt, astar, manhattan,    13, 1.26,    10,    17
4x4,  3739.txt, astar, manhattan,    30, 1.38,    10,    21
4x4,  3740.txt, astar, manhattan,    13, 1.26,    10,    19
4x4,  3741.txt, astar, manhattan,    10, 1.21,    10,    16
4x4,  3742.txt, astar, manhattan,    27, 1.36,    10,    22
4x4,  3743.txt, astar, manhattan,    12, 1.24,    10,    17
4x4,  3744.txt, astar, manhattan,   211, 1.76,    10,    47
4x4,  3745.txt, astar, manhattan,    16, 1.29,    10,    18
4x4,  3746.txt, astar, manhattan,   296, 1.84,    10,    55
4x4,  3747.txt, astar, manhattan,    15, 1.27,    10,    19
4x4,  3748.txt, astar, manhattan,   126, 1.64,    10,    36
4x4,  3749.txt, astar, manhattan,    14, 1.26,    10,    17
4x4,  3750.txt, astar, manhattan,    32, 1.40,    10,    22
4x4,  3751.txt, astar, manhattan,    15, 1.28,    10,    18
4x4,  3752.txt, astar, manhattan,    18, 1.30,    10,    19
4x4,  3753.txt, astar, manhattan,    15, 1.28,    10,    18
4x4,  3754.txt, astar, manhattan,    27, 1.37,    10,    23
4x4,  7668.txt, astar, manhattan,    22, 1.29,    11,    20
4x4,  7669.txt, astar, manhattan,    66, 1.47,    11,    28
4x4,  7670.txt, astar, manhattan,   100, 1.54,    11,    32
4x4,  7671.txt, astar, manhattan,    14, 1.22,    11,    17
4x4,  7672.txt, astar, manhattan,    14, 1.23,    11,    18
4x4,  7673.txt, astar, manhattan,    14, 1.23,    11,    17
4x4,  7674.txt, astar, manhattan,    18, 1.26,    11,    18
4x4,  7675.txt, astar, manhattan,    13, 1.22,    11,    18
4x4,  7676.txt, astar, manhattan,    19, 1.28,    11,    20
4x4,  7677.txt, astar, manhattan,    14, 1.23,    11,    18
4x4,  7678.txt, astar, manhattan,   289, 1.73,    11,    55
4x4,  7679.txt, astar, manhattan,    32, 1.33,    11,    23
4x4,  7680.txt, astar, manhattan,    14, 1.23,    11,    19
4x4,  7681.txt, astar, manhattan,    85, 1.50,    11,    32
4x4,  7682.txt, astar, manhattan,    76, 1.49,    11,    30
4x4,  7683.txt, astar, manhattan,    11, 1.19,    11,    16
4x4,  7684.txt, astar, manhattan,    80, 1.48,    11,    31
4x4,  7685.txt, astar, manhattan,    44, 1.39,    11,    24
4x4,  7686.txt, astar, manhattan,    75, 1.48,    11,    30
4x4,  7687.txt, astar, manhattan,    13, 1.21,    11,    17
4x4,  7688.txt, astar, manhattan,    25, 1.31,    11,    20
4x4,  7689.txt, astar, manhattan,    14, 1.22,    11,    17
4x4,  7690.txt, astar, manhattan,   401, 1.77,    11,    60
4x4,  7691.txt, astar, manhattan,    19, 1.28,    11,    19
4x4,  7692.txt, astar, manhattan,    84, 1.52,    11,    32
4x4,  9975.txt, astar, manhattan,    91, 1.45,    12,    31
4x4,  9976.txt, astar, manhattan,    18, 1.23,    12,    19
4x4,  9977.txt, astar, manhattan,    17, 1.23,    12,    19
4x4,  9978.txt, astar, manhattan,    20, 1.25,    12,    19
4x4,  9979.txt, astar, manhattan,    31, 1.31,    12,    22
4x4,  9980.txt, astar, manhattan,    15, 1.20,    12,    19
4x4,  9981.txt, astar, manhattan,    21, 1.25,    12,    19
4x4,  9982.txt, astar, manhattan,    65, 1.41,    12,    29
4x4,  9983.txt, astar, manhattan,    38, 1.33,    12,    24
4x4,  9984.txt, astar, manhattan,   446, 1.71,    12,    63
4x4,  9985.txt, astar, manhattan,  3156, 2.04,    12,   133
4x4,  9986.txt, astar, manhattan,    12, 1.17,    12,    16
4x4,  9987.txt, astar, manhattan,    16, 1.20,    12,    18
4x4,  9988.txt, astar, manhattan,    15, 1.20,    12,    19
4x4,  9989.txt, astar, manhattan,    13, 1.19,    12,    17
4x4,  9990.txt, astar, manhattan,    14, 1.19,    12,    16
4x4,  9991.txt, astar, manhattan,    19, 1.24,    12,    19
4x4,  9992.txt, astar, manhattan,    37, 1.31,    12,    23
4x4,  9993.txt, astar, manhattan,    15, 1.20,    12,    18
4x4,  9994.txt, astar, manhattan,    16, 1.21,    12,    18
4x4,  9995.txt, astar, manhattan,    26, 1.28,    12,    21
4x4,  9996.txt, astar, manhattan,    19, 1.24,    12,    19
4x4,  9997.txt, astar, manhattan,    40, 1.33,    12,    24
4x4,  9998.txt, astar, manhattan,    88, 1.45,    12,    31
4x4,  9999.txt, astar, manhattan,    35, 1.32,    12,    23
4x4, 31020.txt, astar, manhattan,   181, 1.49,    13,    44
4x4, 31021.txt, astar, manhattan,    36, 1.29,    13,    23
4x4, 31022.txt, astar, manhattan,    23, 1.23,    13,    19
4x4, 31023.txt, astar, manhattan,    22, 1.21,    13,    19
4x4, 31024.txt, astar, manhattan,    25, 1.24,    13,    20
4x4, 31025.txt, astar, manhattan,    26, 1.24,    13,    20
4x4, 31026.txt, astar, manhattan,    22, 1.23,    13,    20
4x4, 31027.txt, astar, manhattan,   107, 1.42,    13,    34
4x4, 31028.txt, astar, manhattan,   176, 1.49,    13,    43
4x4, 31029.txt, astar, manhattan,    30, 1.27,    13,    21
4x4, 31030.txt, astar, manhattan,    17, 1.19,    13,    19
4x4, 31031.txt, astar, manhattan,    13, 1.15,    13,    17
4x4, 31032.txt, astar, manhattan,    15, 1.17,    13,    17
4x4, 31033.txt, astar, manhattan,    16, 1.19,    13,    18
4x4, 31034.txt, astar, manhattan,    13, 1.15,    13,    17
4x4, 31035.txt, astar, manhattan,    34, 1.29,    13,    22
4x4, 31036.txt, astar, manhattan,    72, 1.38,    13,    29
4x4, 31037.txt, astar, manhattan,    17, 1.20,    13,    18
4x4, 31038.txt, astar, manhattan,    24, 1.24,    13,    21
4x4, 31039.txt, astar, manhattan,    69, 1.36,    13,    28
4x4, 31040.txt, astar, manhattan,    19, 1.20,    13,    19
4x4, 31041.txt, astar, manhattan,    20, 1.21,    13,    20
4x4, 31042.txt, astar, manhattan,    23, 1.23,    13,    19
4x4, 31043.txt, astar, manhattan,   150, 1.46,    13,    39
4x4, 31044.txt, astar, manhattan,    27, 1.25,    13,    20
4x4, 61841.txt, astar, manhattan,    36, 1.26,    14,    23
4x4, 61842.txt, astar, manhattan,    23, 1.20,    14,    21
4x4, 61843.txt, astar, manhattan,    46, 1.29,    14,    26
4x4, 61844.txt, astar, manhattan,    43, 1.27,    14,    25
4x4, 61845.txt, astar, manhattan,    32, 1.23,    14,    22
4x4, 61846.txt, astar, manhattan,    60, 1.32,    14,    28
4x4, 61847.txt, astar, manhattan,  4064, 1.87,    14,   154
4x4, 61848.txt, astar, manhattan,   138, 1.41,    14,    38
4x4, 61849.txt, astar, manhattan,  6267, 1.94,    14,   182
4x4, 61850.txt, astar, manhattan,    59, 1.31,    14,    28
4x4, 61851.txt, astar, manhattan,    17, 1.17,    14,    18
4x4, 61852.txt, astar, manhattan,    37, 1.26,    14,    23
4x4, 61853.txt, astar, manhattan,   222, 1.47,    14,    48
4x4, 61854.txt, astar, manhattan,    69, 1.33,    14,    29
4x4, 61855.txt, astar, manhattan,    15, 1.15,    14,    18
4x4, 61856.txt, astar, manhattan,   163, 1.43,    14,    41
4x4, 61857.txt, astar, manhattan,    99, 1.37,    14,    33
4x4, 61858.txt, astar, manhattan,    28, 1.23,    14,    21
4x4, 61859.txt, astar, manhattan,    17, 1.17,    14,    18
4x4, 61860.txt, astar, manhattan,    18, 1.17,    14,    20
4x4, 61861.txt, astar, manhattan,   120, 1.40,    14,    37
4x4, 61862.txt, astar, manhattan,    83, 1.36,    14,    31
4x4, 61863.txt, astar, manhattan,    24, 1.21,    14,    20
4x4, 61864.txt, astar, manhattan,   274, 1.50,    14,    53
4x4, 61865.txt, astar, manhattan,    22, 1.20,    14,    19
4x4, 99975.txt, astar, manhattan,  1841, 1.67,    15,   106
4x4, 99976.txt, astar, manhattan,  1633, 1.66,    15,   104
4x4, 99977.txt, astar, manhattan,    16, 1.14,    15,    19
4x4, 99978.txt, astar, manhattan,    26, 1.19,    15,    21
4x4, 99979.txt, astar, manhattan,    37, 1.23,    15,    23
4x4, 99980.txt, astar, manhattan,    21, 1.17,    15,    19
4x4, 99981.txt, astar, manhattan,    43, 1.25,    15,    25
4x4, 99982.txt, astar, manhattan,    22, 1.18,    15,    20
4x4, 99983.txt, astar, manhattan,    27, 1.20,    15,    20
4x4, 99984.txt, astar, manhattan,    27, 1.20,    15,    21
4x4, 99985.txt, astar, manhattan,    18, 1.15,    15,    19
4x4, 99986.txt, astar, manhattan,   118, 1.36,    15,    36
4x4, 99987.txt, astar, manhattan,   255, 1.44,    15,    52
4x4, 99988.txt, astar, manhattan,    42, 1.24,    15,    24
4x4, 99989.txt, astar, manhattan,   217, 1.43,    15,    48
4x4, 99990.txt, astar, manhattan,   149, 1.38,    15,    41
4x4, 99991.txt, astar, manhattan,   143, 1.38,    15,    38
4x4, 99992.txt, astar, manhattan,   109, 1.36,    15,    34
4x4, 99993.txt, astar, manhattan,    23, 1.18,    15,    19
4x4, 99994.txt, astar, manhattan,    45, 1.26,    15,    25
4x4, 99995.txt, astar, manhattan,    26, 1.19,    15,    22
4x4, 99996.txt, astar, manhattan,    21, 1.17,    15,    19
4x4, 99997.txt, astar, manhattan,    33, 1.22,    15,    22
4x4, 99998.txt, astar, manhattan,    17, 1.15,    15,    18
4x4, 99999.txt, astar, manhattan,    35, 1.23,    15,    23
4x4, 241683.txt, astar, manhattan,   131, 1.34,    16,    38
4x4, 241684.txt, astar, manhattan,   176, 1.36,    16,    43
4x4, 241685.txt, astar, manhattan,    41, 1.22,    16,    24
4x4, 241686.txt, astar, manhattan,    45, 1.22,    16,    24
4x4, 241687.txt, astar, manhattan,    20, 1.15,    16,    19
4x4, 241688.txt, astar, manhattan,    41, 1.22,    16,    24
4x4, 241689.txt, astar, manhattan,    19, 1.14,    16,    19
4x4, 241690.txt, astar, manhattan,    20, 1.15,    16,    18
4x4, 241691.txt, astar, manhattan, 14440, 1.87,    16,   271
4x4, 241692.txt, astar, manhattan, 17984, 1.90,    16,   272
4x4, 241693.txt, astar, manhattan,  4449, 1.73,    16,   164
4x4, 241694.txt, astar, manhattan,    70, 1.27,    16,    28
4x4, 241695.txt, astar, manhattan,    90, 1.29,    16,    33
4x4, 241696.txt, astar, manhattan, 12942, 1.85,    16,   270
4x4, 241697.txt, astar, manhattan,   132, 1.34,    16,    37
4x4, 241698.txt, astar, manhattan,    24, 1.17,    16,    20
4x4, 241699.txt, astar, manhattan,  1139, 1.56,    16,   100
4x4, 241700.txt, astar, manhattan,    34, 1.20,    16,    24
4x4, 241701.txt, astar, manhattan,  1236, 1.57,    16,    93
4x4, 241702.txt, astar, manhattan,    24, 1.17,    16,    20
4x4, 241703.txt, astar, manhattan,    34, 1.20,    16,    22
4x4, 241704.txt, astar, manhattan,   155, 1.35,    16,    41
4x4, 241705.txt, astar, manhattan,    30, 1.19,    16,    21
4x4, 241706.txt, astar, manhattan,    24, 1.17,    16,    20
4x4, 241707.txt, astar, manhattan,    28, 1.19,    16,    21
4x4, 473527.txt, astar, manhattan,   252, 1.38,    17,    52
4x4, 473528.txt, astar, manhattan,   190, 1.34,    17,    46
4x4, 473529.txt, astar, manhattan,    19, 1.13,    17,    18
4x4, 473530.txt, astar, manhattan,    42, 1.21,    17,    25
4x4, 473531.txt, astar, manhattan,   147, 1.32,    17,    42
4x4, 473532.txt, astar, manhattan,    36, 1.19,    17,    23
4x4, 473533.txt, astar, manhattan,   250, 1.36,    17,    50
4x4, 473534.txt, astar, manhattan,   168, 1.33,    17,    43
4x4, 473535.txt, astar, manhattan,   275, 1.37,    17,    53
4x4, 473536.txt, astar, manhattan,  9629, 1.75,    17,   237
4x4, 473537.txt, astar, manhattan, 10792, 1.77,    17,   254
4x4, 473538.txt, astar, manhattan,    20, 1.13,    17,    18
4x4, 473539.txt, astar, manhattan,    21, 1.14,    17,    18
4x4, 473540.txt, astar, manhattan, 10916, 1.76,    17,   237
4x4, 473541.txt, astar, manhattan,  6366, 1.70,    17,   195
4x4, 473542.txt, astar, manhattan,    42, 1.21,    17,    24
4x4, 473543.txt, astar, manhattan,   207, 1.35,    17,    48
4x4, 473544.txt, astar, manhattan,    79, 1.26,    17,    31
4x4, 473545.txt, astar, manhattan, 14366, 1.80,    17,   275
4x4, 473546.txt, astar, manhattan,    21, 1.14,    17,    19
4x4, 473547.txt, astar, manhattan,   761, 1.48,    17,    80
4x4, 473548.txt, astar, manhattan,  2297, 1.59,    17,   121
4x4, 473549.txt, astar, manhattan,  8680, 1.74,    17,   227
4x4, 473550.txt, astar, manhattan,  6916, 1.70,    17,   199
4x4, 473551.txt, astar, manhattan,    41, 1.20,    17,    25
4x4, 920869.txt, astar, manhattan,   243, 1.34,    18,    51
4x4, 920870.txt, astar, manhattan,   898, 1.46,    18,    82
4x4, 920871.txt, astar, manhattan,   694, 1.44,    18,    81
4x4, 920872.txt, astar, manhattan,   838, 1.45,    18,    84
4x4, 920873.txt, astar, manhattan,    92, 1.25,    18,    32
4x4, 920874.txt, astar, manhattan,   764, 1.44,    18,    83
4x4, 920875.txt, astar, manhattan,   175, 1.31,    18,    42
4x4, 920876.txt, astar, manhattan,   146, 1.30,    18,    40
4x4, 920877.txt, astar, manhattan,  2672, 1.56,    18,   126
4x4, 920878.txt, astar, manhattan,  1047, 1.47,    18,    88
4x4, 920879.txt, astar, manhattan, 23855, 1.78,    18,   339
4x4, 920880.txt, astar, manhattan,    60, 1.22,    18,    29
4x4, 920881.txt, astar, manhattan,    43, 1.19,    18,    24
4x4, 920882.txt, astar, manhattan,   726, 1.44,    18,    81
4x4, 920883.txt, astar, manhattan,   556, 1.41,    18,    70
4x4, 920884.txt, astar, manhattan,   194, 1.32,    18,    46
4x4, 920885.txt, astar, manhattan,   421, 1.39,    18,    65
4x4, 920886.txt, astar, manhattan,  3095, 1.57,    18,   150
4x4, 920887.txt, astar, manhattan,   278, 1.35,    18,    50
4x4, 920888.txt, astar, manhattan,   178, 1.31,    18,    44
4x4, 920889.txt, astar, manhattan,    39, 1.18,    18,    24
4x4, 920890.txt, astar, manhattan,    22, 1.13,    18,    20
4x4, 920891.txt, astar, manhattan,   313, 1.36,    18,    57
4x4, 920892.txt, astar, manhattan,    86, 1.25,    18,    31
4x4, 920893.txt, astar, manhattan,   206, 1.32,    18,    47
4x4, 999975.txt, astar, manhattan,   244, 1.32,    19,    50
4x4, 999976.txt, astar, manhattan,   612, 1.39,    19,    73
4x4, 999977.txt, astar, manhattan,   329, 1.33,    19,    57
4x4, 999978.txt, astar, manhattan,  2624, 1.52,    19,   123
4x4, 999979.txt, astar, manhattan,   297, 1.33,    19,    53
4x4, 999980.txt, astar, manhattan,   736, 1.41,    19,    78
4x4, 999981.txt, astar, manhattan,   312, 1.34,    19,    53
4x4, 999982.txt, astar, manhattan,  7315, 1.62,    19,   203
4x4, 999983.txt, astar, manhattan,   208, 1.30,    19,    50
4x4, 999984.txt, astar, manhattan,   308, 1.33,    19,    54
4x4, 999985.txt, astar, manhattan,   190, 1.30,    19,    45
4x4, 999986.txt, astar, manhattan, 10468, 1.65,    19,   238
4x4, 999987.txt, astar, manhattan, 50373, 1.80,    19,   536
4x4, 999988.txt, astar, manhattan,   963, 1.43,    19,    91
4x4, 999989.txt, astar, manhattan,  2212, 1.51,    19,   123
4x4, 999990.txt, astar, manhattan,   144, 1.27,    19,    40
4x4, 999991.txt, astar, manhattan,   250, 1.32,    19,    54
4x4, 999992.txt, astar, manhattan,   163, 1.28,    19,    44
4x4, 999993.txt, astar, manhattan,   343, 1.34,    19,    56
4x4, 999994.txt, astar, manhattan,   153, 1.28,    19,    40
4x4, 999995.txt, astar, manhattan,   254, 1.32,    19,    51
4x4, 999996.txt, astar, manhattan,  1843, 1.49,    19,   108
4x4, 999997.txt, astar, manhattan,   568, 1.39,    19,    80
4x4, 999998.txt, astar, manhattan,  2467, 1.52,    19,   126
4x4, 999999.txt, astar, manhattan,   491, 1.38,    19,    69
4x4, 3417996.txt, astar, manhattan,  6533, 1.56,    20,   189
4x4, 3417997.txt, astar, manhattan,  2252, 1.47,    20,   115
4x4, 3417998.txt, astar, manhattan,  3104, 1.50,    20,   136
4x4, 3417999.txt, astar, manhattan,   775, 1.39,    20,    84
4x4, 3418000.txt, astar, manhattan,    23, 1.11,    20,    20
4x4, 3418001.txt, astar, manhattan, 345810, 1.93,    20,  2350
4x4, 3418002.txt, astar, manhattan, 18764, 1.65,    20,   286
4x4, 3418003.txt, astar, manhattan, 10259, 1.60,    20,   231
4x4, 3418004.txt, astar, manhattan,    32, 1.13,    20,    22
4x4, 3418005.txt, astar, manhattan,   187, 1.27,    20,    44
4x4, 3418006.txt, astar, manhattan,  1649, 1.44,    20,   101
4x4, 3418007.txt, astar, manhattan,   416, 1.34,    20,    62
4x4, 3418008.txt, astar, manhattan,   141, 1.26,    20,    39
4x4, 3418009.txt, astar, manhattan,  4576, 1.54,    20,   173
4x4, 3418010.txt, astar, manhattan, 11545, 1.62,    20,   255
4x4, 3418011.txt, astar, manhattan,  2416, 1.47,    20,   117
4x4, 3418012.txt, astar, manhattan,   599, 1.37,    20,    75
4x4, 3418013.txt, astar, manhattan,  1401, 1.43,    20,    97
4x4, 3418014.txt, astar, manhattan,   830, 1.39,    20,    81
4x4, 3418015.txt, astar, manhattan,   301, 1.31,    20,    54
4x4, 3418016.txt, astar, manhattan,   758, 1.39,    20,    81
4x4, 3418017.txt, astar, manhattan, 22150, 1.67,    20,   311
4x4, 3418018.txt, astar, manhattan,  2246, 1.47,    20,   115
4x4, 3418019.txt, astar, manhattan,   165, 1.26,    20,    42
4x4, 3418020.txt, astar, manhattan, 128346, 1.83,    20,   976
