boardID,algo,heur,size,expanded,branching,time,cost
1.txt,astar,linearConflict,3x3,1,2.0,37,1
2.txt,astar,linearConflict,3x3,1,2.0,39,1
3.txt,astar,linearConflict,3x3,2,1.19,39,2
4.txt,astar,linearConflict,3x3,2,0.79,36,2
5.txt,astar,linearConflict,3x3,0,0.0,3,0
6.txt,astar,linearConflict,3x3,2,1.19,37,2
7.txt,astar,linearConflict,3x3,2,0.79,39,2
10.txt,astar,linearConflict,3x3,3,0.58,38,3
11.txt,astar,linearConflict,3x3,3,0.74,40,3
12.txt,astar,linearConflict,3x3,3,0.74,43,3
13.txt,astar,linearConflict,3x3,3,0.74,41,3
14.txt,astar,linearConflict,3x3,3,0.74,39,3
15.txt,astar,linearConflict,3x3,3,0.74,40,3
8.txt,astar,linearConflict,3x3,3,0.74,40,3
9.txt,astar,linearConflict,3x3,3,0.58,39,3
16.txt,astar,linearConflict,3x3,4,0.49,40,4
17.txt,astar,linearConflict,3x3,4,0.49,40,4
18.txt,astar,linearConflict,3x3,4,0.49,40,4
19.txt,astar,linearConflict,3x3,4,0.49,40,4
20.txt,astar,linearConflict,3x3,4,0.49,39,4
21.txt,astar,linearConflict,3x3,4,0.49,40,4
22.txt,astar,linearConflict,3x3,4,0.4,39,4
23.txt,astar,linearConflict,3x3,4,0.4,40,4
24.txt,astar,linearConflict,3x3,4,0.49,40,4
25.txt,astar,linearConflict,3x3,4,0.49,41,4
26.txt,astar,linearConflict,3x3,4,0.49,40,4
27.txt,astar,linearConflict,3x3,4,0.49,40,4
28.txt,astar,linearConflict,3x3,4,0.49,40,4
29.txt,astar,linearConflict,3x3,4,0.49,40,4
30.txt,astar,linearConflict,3x3,4,0.49,40,4
31.txt,astar,linearConflict,3x3,4,0.49,38,4
32.txt,astar,linearConflict,3x3,5,0.39,40,5
33.txt,astar,linearConflict,3x3,5,0.39,40,5
34.txt,astar,linearConflict,3x3,5,0.34,42,5
35.txt,astar,linearConflict,3x3,5,0.39,41,5
36.txt,astar,linearConflict,3x3,5,0.39,41,5
37.txt,astar,linearConflict,3x3,6,0.44,41,5
38.txt,astar,linearConflict,3x3,5,0.39,41,5
39.txt,astar,linearConflict,3x3,5,0.39,41,5
40.txt,astar,linearConflict,3x3,5,0.39,41,5
41.txt,astar,linearConflict,3x3,6,0.44,42,5
42.txt,astar,linearConflict,3x3,5,0.39,40,5
43.txt,astar,linearConflict,3x3,5,0.39,41,5
44.txt,astar,linearConflict,3x3,6,0.44,42,5
45.txt,astar,linearConflict,3x3,5,0.39,40,5
46.txt,astar,linearConflict,3x3,5,0.39,41,5
47.txt,astar,linearConflict,3x3,5,0.34,40,5
48.txt,astar,linearConflict,3x3,5,0.39,40,5
49.txt,astar,linearConflict,3x3,6,0.44,41,5
50.txt,astar,linearConflict,3x3,5,0.39,41,5
51.txt,astar,linearConflict,3x3,5,0.39,40,5
66.txt,astar,linearConflict,3x3,9,0.42,43,6
67.txt,astar,linearConflict,3x3,8,0.42,43,6
68.txt,astar,linearConflict,3x3,8,0.42,43,6
69.txt,astar,linearConflict,3x3,7,0.34,42,6
70.txt,astar,linearConflict,3x3,6,0.31,41,6
71.txt,astar,linearConflict,3x3,6,0.31,41,6
72.txt,astar,linearConflict,3x3,11,0.53,45,6
73.txt,astar,linearConflict,3x3,6,0.31,41,6
74.txt,astar,linearConflict,3x3,6,0.27,40,6
75.txt,astar,linearConflict,3x3,6,0.31,41,6
76.txt,astar,linearConflict,3x3,7,0.37,42,6
77.txt,astar,linearConflict,3x3,8,0.42,43,6
78.txt,astar,linearConflict,3x3,6,0.31,42,6
79.txt,astar,linearConflict,3x3,6,0.31,41,6
80.txt,astar,linearConflict,3x3,9,0.42,42,6
81.txt,astar,linearConflict,3x3,9,0.42,44,6
82.txt,astar,linearConflict,3x3,6,0.31,40,6
83.txt,astar,linearConflict,3x3,8,0.42,43,6
84.txt,astar,linearConflict,3x3,6,0.31,42,6
85.txt,astar,linearConflict,3x3,8,0.42,44,6
86.txt,astar,linearConflict,3x3,6,0.31,41,6
87.txt,astar,linearConflict,3x3,9,0.42,43,6
88.txt,astar,linearConflict,3x3,6,0.27,41,6
89.txt,astar,linearConflict,3x3,6,0.31,41,6
90.txt,astar,linearConflict,3x3,8,0.42,43,6
137.txt,astar,linearConflict,3x3,7,0.27,41,7
138.txt,astar,linearConflict,3x3,9,0.34,43,7
139.txt,astar,linearConflict,3x3,9,0.34,44,7
140.txt,astar,linearConflict,3x3,18,0.5,47,7
141.txt,astar,linearConflict,3x3,9,0.34,45,7
142.txt,astar,linearConflict,3x3,14,0.44,45,7
143.txt,astar,linearConflict,3x3,17,0.49,47,7
144.txt,astar,linearConflict,3x3,9,0.34,43,7
145.txt,astar,linearConflict,3x3,7,0.27,42,7
146.txt,astar,linearConflict,3x3,9,0.34,42,7
147.txt,astar,linearConflict,3x3,9,0.34,43,7
148.txt,astar,linearConflict,3x3,7,0.27,42,7
149.txt,astar,linearConflict,3x3,7,0.27,42,7
150.txt,astar,linearConflict,3x3,17,0.49,47,7
151.txt,astar,linearConflict,3x3,9,0.34,42,7
152.txt,astar,linearConflict,3x3,17,0.49,47,7
91.txt,astar,linearConflict,3x3,7,0.27,42,7
92.txt,astar,linearConflict,3x3,9,0.34,43,7
93.txt,astar,linearConflict,3x3,7,0.27,42,7
94.txt,astar,linearConflict,3x3,9,0.34,43,7
95.txt,astar,linearConflict,3x3,15,0.47,46,7
96.txt,astar,linearConflict,3x3,10,0.34,43,7
97.txt,astar,linearConflict,3x3,8,0.29,42,7
98.txt,astar,linearConflict,3x3,7,0.27,42,7
99.txt,astar,linearConflict,3x3,9,0.34,44,7
244.txt,astar,linearConflict,3x3,24,0.46,51,8
245.txt,astar,linearConflict,3x3,10,0.28,43,8
246.txt,astar,linearConflict,3x3,21,0.43,48,8
247.txt,astar,linearConflict,3x3,11,0.28,45,8
248.txt,astar,linearConflict,3x3,30,0.52,52,8
249.txt,astar,linearConflict,3x3,8,0.22,42,8
250.txt,astar,linearConflict,3x3,8,0.24,43,8
251.txt,astar,linearConflict,3x3,22,0.44,50,8
252.txt,astar,linearConflict,3x3,10,0.28,49,8
253.txt,astar,linearConflict,3x3,8,0.24,42,8
254.txt,astar,linearConflict,3x3,10,0.28,44,8
255.txt,astar,linearConflict,3x3,8,0.22,42,8
256.txt,astar,linearConflict,3x3,10,0.28,44,8
257.txt,astar,linearConflict,3x3,8,0.22,42,8
258.txt,astar,linearConflict,3x3,10,0.28,44,8
259.txt,astar,linearConflict,3x3,27,0.52,51,8
260.txt,astar,linearConflict,3x3,23,0.45,49,8
261.txt,astar,linearConflict,3x3,10,0.28,44,8
262.txt,astar,linearConflict,3x3,11,0.31,44,8
263.txt,astar,linearConflict,3x3,10,0.28,43,8
264.txt,astar,linearConflict,3x3,10,0.28,44,8
265.txt,astar,linearConflict,3x3,12,0.32,43,8
266.txt,astar,linearConflict,3x3,10,0.28,43,8
267.txt,astar,linearConflict,3x3,12,0.32,44,8
268.txt,astar,linearConflict,3x3,10,0.28,44,8
396.txt,astar,linearConflict,3x3,13,0.28,46,9
397.txt,astar,linearConflict,3x3,9,0.22,44,9
398.txt,astar,linearConflict,3x3,9,0.22,42,9
399.txt,astar,linearConflict,3x3,11,0.25,45,9
400.txt,astar,linearConflict,3x3,11,0.25,45,9
401.txt,astar,linearConflict,3x3,10,0.23,43,9
402.txt,astar,linearConflict,3x3,11,0.25,44,9
403.txt,astar,linearConflict,3x3,9,0.2,43,9
404.txt,astar,linearConflict,3x3,12,0.27,45,9
405.txt,astar,linearConflict,3x3,10,0.24,44,9
406.txt,astar,linearConflict,3x3,11,0.25,45,9
407.txt,astar,linearConflict,3x3,28,0.42,51,9
408.txt,astar,linearConflict,3x3,11,0.25,44,9
409.txt,astar,linearConflict,3x3,10,0.23,44,9
410.txt,astar,linearConflict,3x3,13,0.27,45,9
411.txt,astar,linearConflict,3x3,40,0.5,56,9
412.txt,astar,linearConflict,3x3,12,0.26,45,9
413.txt,astar,linearConflict,3x3,13,0.27,45,9
414.txt,astar,linearConflict,3x3,13,0.28,45,9
415.txt,astar,linearConflict,3x3,13,0.28,45,9
416.txt,astar,linearConflict,3x3,14,0.29,45,9
417.txt,astar,linearConflict,3x3,12,0.27,45,9
418.txt,astar,linearConflict,3x3,12,0.27,45,9
419.txt,astar,linearConflict,3x3,13,0.27,45,9
420.txt,astar,linearConflict,3x3,22,0.37,49,9
682.txt,astar,linearConflict,3x3,10,0.18,42,10
683.txt,astar,linearConflict,3x3,62,0.5,62,10
684.txt,astar,linearConflict,3x3,159,0.67,78,10
685.txt,astar,linearConflict,3x3,70,0.52,63,10
686.txt,astar,linearConflict,3x3,11,0.2,43,10
687.txt,astar,linearConflict,3x3,15,0.24,45,10
688.txt,astar,linearConflict,3x3,18,0.27,47,10
689.txt,astar,linearConflict,3x3,12,0.22,45,10
690.txt,astar,linearConflict,3x3,10,0.16,43,10
691.txt,astar,linearConflict,3x3,48,0.45,57,10
692.txt,astar,linearConflict,3x3,21,0.31,48,10
693.txt,astar,linearConflict,3x3,42,0.44,57,10
694.txt,astar,linearConflict,3x3,11,0.2,45,10
695.txt,astar,linearConflict,3x3,12,0.22,44,10
696.txt,astar,linearConflict,3x3,149,0.67,78,10
697.txt,astar,linearConflict,3x3,24,0.33,49,10
698.txt,astar,linearConflict,3x3,24,0.33,50,10
699.txt,astar,linearConflict,3x3,15,0.25,46,10
700.txt,astar,linearConflict,3x3,16,0.27,46,10
701.txt,astar,linearConflict,3x3,13,0.23,45,10
702.txt,astar,linearConflict,3x3,12,0.22,47,10
703.txt,astar,linearConflict,3x3,24,0.34,51,10
704.txt,astar,linearConflict,3x3,14,0.23,45,10
705.txt,astar,linearConflict,3x3,73,0.53,64,10
706.txt,astar,linearConflict,3x3,10,0.18,43,10
975.txt,astar,linearConflict,3x3,48,0.4,58,11
976.txt,astar,linearConflict,3x3,65,0.44,61,11
977.txt,astar,linearConflict,3x3,11,0.16,44,11
978.txt,astar,linearConflict,3x3,59,0.43,62,11
979.txt,astar,linearConflict,3x3,21,0.27,49,11
980.txt,astar,linearConflict,3x3,197,0.62,85,11
981.txt,astar,linearConflict,3x3,93,0.49,68,11
982.txt,astar,linearConflict,3x3,184,0.62,84,11
983.txt,astar,linearConflict,3x3,26,0.29,50,11
984.txt,astar,linearConflict,3x3,72,0.45,63,11
985.txt,astar,linearConflict,3x3,20,0.25,47,11
986.txt,astar,linearConflict,3x3,16,0.22,45,11
987.txt,astar,linearConflict,3x3,30,0.31,53,11
988.txt,astar,linearConflict,3x3,14,0.2,45,11
989.txt,astar,linearConflict,3x3,17,0.24,47,11
990.txt,astar,linearConflict,3x3,82,0.48,65,11
991.txt,astar,linearConflict,3x3,95,0.51,68,11
992.txt,astar,linearConflict,3x3,24,0.29,50,11
993.txt,astar,linearConflict,3x3,53,0.41,59,11
994.txt,astar,linearConflict,3x3,24,0.29,51,11
995.txt,astar,linearConflict,3x3,14,0.19,47,11
996.txt,astar,linearConflict,3x3,66,0.45,64,11
997.txt,astar,linearConflict,3x3,20,0.25,48,11
998.txt,astar,linearConflict,3x3,41,0.36,56,11
999.txt,astar,linearConflict,3x3,46,0.38,57,11
1826.txt,astar,linearConflict,3x3,335,0.62,97,12
1827.txt,astar,linearConflict,3x3,14,0.17,45,12
1828.txt,astar,linearConflict,3x3,20,0.22,48,12
1829.txt,astar,linearConflict,3x3,21,0.23,48,12
1830.txt,astar,linearConflict,3x3,17,0.2,46,12
1831.txt,astar,linearConflict,3x3,29,0.27,55,12
1832.txt,astar,linearConflict,3x3,17,0.2,46,12
1833.txt,astar,linearConflict,3x3,438,0.68,111,12
1834.txt,astar,linearConflict,3x3,168,0.53,81,12
1835.txt,astar,linearConflict,3x3,733,0.75,134,12
1836.txt,astar,linearConflict,3x3,30,0.27,52,12
1837.txt,astar,linearConflict,3x3,169,0.52,78,12
1838.txt,astar,linearConflict,3x3,18,0.21,47,12
1839.txt,astar,linearConflict,3x3,398,0.66,109,12
1840.txt,astar,linearConflict,3x3,13,0.15,44,12
1841.txt,astar,linearConflict,3x3,85,0.42,65,12
1842.txt,astar,linearConflict,3x3,91,0.43,68,12
1843.txt,astar,linearConflict,3x3,44,0.33,56,12
1844.txt,astar,linearConflict,3x3,342,0.64,105,12
1845.txt,astar,linearConflict,3x3,106,0.47,72,12
1846.txt,astar,linearConflict,3x3,38,0.31,54,12
1847.txt,astar,linearConflict,3x3,27,0.26,50,12
1848.txt,astar,linearConflict,3x3,12,0.13,43,12
1849.txt,astar,linearConflict,3x3,52,0.36,60,12
1850.txt,astar,linearConflict,3x3,473,0.68,113,12
2850.txt,astar,linearConflict,3x3,22,0.2,48,13
2851.txt,astar,linearConflict,3x3,46,0.3,57,13
2852.txt,astar,linearConflict,3x3,19,0.19,47,13
2853.txt,astar,linearConflict,3x3,22,0.2,48,13
2854.txt,astar,linearConflict,3x3,699,0.67,133,13
2855.txt,astar,linearConflict,3x3,96,0.4,67,13
2856.txt,astar,linearConflict,3x3,57,0.32,59,13
2857.txt,astar,linearConflict,3x3,468,0.61,115,13
2858.txt,astar,linearConflict,3x3,29,0.24,52,13
2859.txt,astar,linearConflict,3x3,91,0.39,66,13
2860.txt,astar,linearConflict,3x3,64,0.34,61,13
2861.txt,astar,linearConflict,3x3,302,0.55,100,13
2862.txt,astar,linearConflict,3x3,719,0.67,128,13
2863.txt,astar,linearConflict,3x3,35,0.26,53,13
2864.txt,astar,linearConflict,3x3,22,0.2,48,13
2865.txt,astar,linearConflict,3x3,28,0.23,51,13
2866.txt,astar,linearConflict,3x3,23,0.21,49,13
2867.txt,astar,linearConflict,3x3,22,0.2,50,13
2868.txt,astar,linearConflict,3x3,32,0.25,53,13
2869.txt,astar,linearConflict,3x3,14,0.14,45,13
2870.txt,astar,linearConflict,3x3,19,0.19,48,13
2871.txt,astar,linearConflict,3x3,18,0.19,47,13
2872.txt,astar,linearConflict,3x3,175,0.47,81,13
2873.txt,astar,linearConflict,3x3,22,0.2,48,13
2874.txt,astar,linearConflict,3x3,51,0.31,60,13
4743.txt,astar,linearConflict,3x3,149,0.41,77,14
4744.txt,astar,linearConflict,3x3,1704,0.72,185,14
4745.txt,astar,linearConflict,3x3,312,0.5,99,14
4746.txt,astar,linearConflict,3x3,61,0.3,60,14
4747.txt,astar,linearConflict,3x3,58,0.29,60,14
4748.txt,astar,linearConflict,3x3,58,0.29,61,14
4749.txt,astar,linearConflict,3x3,29,0.22,53,14
4750.txt,astar,linearConflict,3x3,23,0.18,49,14
4751.txt,astar,linearConflict,3x3,767,0.61,136,14
4752.txt,astar,linearConflict,3x3,39,0.25,56,14
4753.txt,astar,linearConflict,3x3,23,0.18,49,14
4754.txt,astar,linearConflict,3x3,154,0.41,76,14
4755.txt,astar,linearConflict,3x3,100,0.36,68,14
4756.txt,astar,linearConflict,3x3,31,0.22,51,14
4757.txt,astar,linearConflict,3x3,1706,0.72,173,14
4758.txt,astar,linearConflict,3x3,34,0.23,53,14
4759.txt,astar,linearConflict,3x3,99,0.36,68,14
4760.txt,astar,linearConflict,3x3,700,0.6,129,14
4761.txt,astar,linearConflict,3x3,24,0.19,49,14
4762.txt,astar,linearConflict,3x3,1799,0.72,181,14
4763.txt,astar,linearConflict,3x3,59,0.29,63,14
4764.txt,astar,linearConflict,3x3,763,0.61,132,14
4765.txt,astar,linearConflict,3x3,41,0.25,54,14
4766.txt,astar,linearConflict,3x3,99,0.36,68,14
4767.txt,astar,linearConflict,3x3,25,0.19,50,14
7255.txt,astar,linearConflict,3x3,167,0.38,77,15
7256.txt,astar,linearConflict,3x3,92,0.32,68,15
7257.txt,astar,linearConflict,3x3,33,0.21,53,15
7258.txt,astar,linearConflict,3x3,734,0.55,131,15
7259.txt,astar,linearConflict,3x3,83,0.31,66,15
7260.txt,astar,linearConflict,3x3,1236,0.61,161,15
7261.txt,astar,linearConflict,3x3,313,0.45,100,15
7262.txt,astar,linearConflict,3x3,3629,0.74,248,15
7263.txt,astar,linearConflict,3x3,95,0.32,67,15
7264.txt,astar,linearConflict,3x3,112,0.34,69,15
7265.txt,astar,linearConflict,3x3,2782,0.71,230,15
7266.txt,astar,linearConflict,3x3,123,0.35,72,15
7267.txt,astar,linearConflict,3x3,24,0.17,50,15
7268.txt,astar,linearConflict,3x3,3851,0.75,242,15
7269.txt,astar,linearConflict,3x3,2217,0.68,194,15
7270.txt,astar,linearConflict,3x3,3242,0.73,238,15
7271.txt,astar,linearConflict,3x3,50,0.25,58,15
7272.txt,astar,linearConflict,3x3,120,0.34,72,15
7273.txt,astar,linearConflict,3x3,47,0.24,59,15
7274.txt,astar,linearConflict,3x3,89,0.31,65,15
7275.txt,astar,linearConflict,3x3,358,0.47,101,15
7276.txt,astar,linearConflict,3x3,488,0.5,115,15
7277.txt,astar,linearConflict,3x3,1271,0.62,155,15
7278.txt,astar,linearConflict,3x3,429,0.48,107,15
7279.txt,astar,linearConflict,3x3,397,0.48,103,15
9975.txt,astar,linearConflict,3x3,7967,0.77,358,16
9976.txt,astar,linearConflict,3x3,351,0.42,98,16
9977.txt,astar,linearConflict,3x3,248,0.39,90,16
9978.txt,astar,linearConflict,3x3,915,0.53,144,16
9979.txt,astar,linearConflict,3x3,7435,0.77,338,16
9980.txt,astar,linearConflict,3x3,233,0.38,90,16
9981.txt,astar,linearConflict,3x3,1523,0.58,186,16
9982.txt,astar,linearConflict,3x3,38,0.2,54,16
9983.txt,astar,linearConflict,3x3,6216,0.74,330,16
9984.txt,astar,linearConflict,3x3,1338,0.57,168,16
9985.txt,astar,linearConflict,3x3,632,0.49,121,16
9986.txt,astar,linearConflict,3x3,720,0.5,127,16
9987.txt,astar,linearConflict,3x3,880,0.52,138,16
9988.txt,astar,linearConflict,3x3,622,0.49,123,16
9989.txt,astar,linearConflict,3x3,330,0.42,99,16
9990.txt,astar,linearConflict,3x3,49,0.22,57,16
9991.txt,astar,linearConflict,3x3,411,0.44,105,16
9992.txt,astar,linearConflict,3x3,2661,0.65,209,16
9993.txt,astar,linearConflict,3x3,243,0.38,88,16
9994.txt,astar,linearConflict,3x3,944,0.52,139,16
9995.txt,astar,linearConflict,3x3,184,0.36,81,16
9996.txt,astar,linearConflict,3x3,40,0.2,54,16
9997.txt,astar,linearConflict,3x3,195,0.36,81,16
9998.txt,astar,linearConflict,3x3,270,0.4,91,16
9999.txt,astar,linearConflict,3x3,100,0.29,67,16
17378.txt,astar,linearConflict,3x3,356,0.39,98,17
17379.txt,astar,linearConflict,3x3,3176,0.61,219,17
17380.txt,astar,linearConflict,3x3,197,0.33,82,17
17381.txt,astar,linearConflict,3x3,1090,0.51,151,17
17382.txt,astar,linearConflict,3x3,289,0.37,93,17
17383.txt,astar,linearConflict,3x3,2875,0.6,214,17
17384.txt,astar,linearConflict,3x3,72,0.24,62,17
17385.txt,astar,linearConflict,3x3,79,0.25,65,17
17386.txt,astar,linearConflict,3x3,644,0.46,126,17
17387.txt,astar,linearConflict,3x3,56,0.22,58,17
17388.txt,astar,linearConflict,3x3,9493,0.73,360,17
17389.txt,astar,linearConflict,3x3,2534,0.59,215,17
17390.txt,astar,linearConflict,3x3,11572,0.75,419,17
17391.txt,astar,linearConflict,3x3,13642,0.77,425,17
17392.txt,astar,linearConflict,3x3,1269,0.52,157,17
17393.txt,astar,linearConflict,3x3,379,0.4,101,17
17394.txt,astar,linearConflict,3x3,5965,0.68,307,17
17395.txt,astar,linearConflict,3x3,967,0.49,142,17
17396.txt,astar,linearConflict,3x3,1835,0.55,193,17
17397.txt,astar,linearConflict,3x3,8146,0.71,363,17
17398.txt,astar,linearConflict,3x3,127,0.3,73,17
17399.txt,astar,linearConflict,3x3,112,0.28,70,17
17400.txt,astar,linearConflict,3x3,761,0.46,130,17
17401.txt,astar,linearConflict,3x3,1874,0.56,186,17
17402.txt,astar,linearConflict,3x3,116,0.29,70,17
26907.txt,astar,linearConflict,3x3,509,0.39,113,18
26908.txt,astar,linearConflict,3x3,50459,0.85,951,18
26909.txt,astar,linearConflict,3x3,2878,0.56,211,18
26910.txt,astar,linearConflict,3x3,143,0.28,74,18
26911.txt,astar,linearConflict,3x3,356,0.36,98,18
26912.txt,astar,linearConflict,3x3,1934,0.51,185,18
26913.txt,astar,linearConflict,3x3,2521,0.54,198,18
26914.txt,astar,linearConflict,3x3,3847,0.58,238,18
26915.txt,astar,linearConflict,3x3,823,0.43,130,18
26916.txt,astar,linearConflict,3x3,379,0.36,99,18
26917.txt,astar,linearConflict,3x3,1207,0.47,156,18
26918.txt,astar,linearConflict,3x3,17166,0.73,489,18
26919.txt,astar,linearConflict,3x3,971,0.46,147,18
26920.txt,astar,linearConflict,3x3,2973,0.56,224,18
26921.txt,astar,linearConflict,3x3,2657,0.55,205,18
26922.txt,astar,linearConflict,3x3,92,0.24,66,18
26923.txt,astar,linearConflict,3x3,355,0.36,98,18
26924.txt,astar,linearConflict,3x3,2481,0.54,216,18
26925.txt,astar,linearConflict,3x3,12779,0.7,437,18
26926.txt,astar,linearConflict,3x3,2657,0.55,219,18
26927.txt,astar,linearConflict,3x3,98,0.25,68,18
26928.txt,astar,linearConflict,3x3,238,0.33,89,18
26929.txt,astar,linearConflict,3x3,359,0.36,100,18
26930.txt,astar,linearConflict,3x3,1587,0.49,180,18
26931.txt,astar,linearConflict,3x3,1228,0.47,154,18
37785.txt,astar,linearConflict,3x3,948,0.42,141,19
37786.txt,astar,linearConflict,3x3,276,0.31,91,19
37787.txt,astar,linearConflict,3x3,510,0.36,111,19
37788.txt,astar,linearConflict,3x3,3163,0.53,233,19
37789.txt,astar,linearConflict,3x3,2527,0.5,212,19
37790.txt,astar,linearConflict,3x3,2868,0.52,224,19
37791.txt,astar,linearConflict,3x3,2255,0.5,216,19
37792.txt,astar,linearConflict,3x3,5813,0.58,288,19
37793.txt,astar,linearConflict,3x3,122,0.24,72,19
37794.txt,astar,linearConflict,3x3,29420,0.73,689,19
37795.txt,astar,linearConflict,3x3,7140,0.6,341,19
37796.txt,astar,linearConflict,3x3,2475,0.5,213,19
37797.txt,astar,linearConflict,3x3,2382,0.5,195,19
37798.txt,astar,linearConflict,3x3,741,0.39,129,19
37799.txt,astar,linearConflict,3x3,3355,0.53,229,19
37800.txt,astar,linearConflict,3x3,1509,0.46,174,19
37801.txt,astar,linearConflict,3x3,349,0.33,97,19
37802.txt,astar,linearConflict,3x3,939,0.41,143,19
37803.txt,astar,linearConflict,3x3,4791,0.56,289,19
37804.txt,astar,linearConflict,3x3,627,0.38,117,19
37805.txt,astar,linearConflict,3x3,10691,0.64,384,19
37806.txt,astar,linearConflict,3x3,2199,0.49,192,19
37807.txt,astar,linearConflict,3x3,1345,0.45,172,19
37808.txt,astar,linearConflict,3x3,1510,0.46,164,19
37809.txt,astar,linearConflict,3x3,19124,0.69,510,19
54773.txt,astar,linearConflict,3x3,5560,0.54,303,20
54774.txt,astar,linearConflict,3x3,1068,0.4,152,20
54775.txt,astar,linearConflict,3x3,807,0.38,130,20
54777.txt,astar,linearConflict,3x3,21519,0.66,546,20
54778.txt,astar,linearConflict,3x3,498,0.34,114,20
54779.txt,astar,linearConflict,3x3,1305,0.41,160,20
54780.txt,astar,linearConflict,3x3,1928,0.44,180,20
54782.txt,astar,linearConflict,3x3,349,0.31,97,20
54783.txt,astar,linearConflict,3x3,18256,0.63,469,20
54784.txt,astar,linearConflict,3x3,137,0.24,72,20
54785.txt,astar,linearConflict,3x3,5318,0.53,292,20
54787.txt,astar,linearConflict,3x3,793,0.38,132,20
54788.txt,astar,linearConflict,3x3,815,0.37,133,20
54789.txt,astar,linearConflict,3x3,153314,0.84,2521,20
54790.txt,astar,linearConflict,3x3,16006,0.62,470,20
54791.txt,astar,linearConflict,3x3,3038,0.48,213,20
54792.txt,astar,linearConflict,3x3,727,0.36,126,20
54794.txt,astar,linearConflict,3x3,407,0.32,106,20
54795.txt,astar,linearConflict,3x3,268,0.29,90,20
54796.txt,astar,linearConflict,3x3,4983,0.53,279,20
54797.txt,astar,linearConflict,3x3,10690,0.59,407,20
54798.txt,astar,linearConflict,3x3,2680,0.47,197,20
54799.txt,astar,linearConflict,3x3,1771,0.44,176,20
54801.txt,astar,linearConflict,3x3,20078,0.65,585,20
54802.txt,astar,linearConflict,3x3,318,0.3,95,20
1.txt,astar,linearConflict,4x4,1,2.0,37,1
2.txt,astar,linearConflict,4x4,1,2.0,37,1
3.txt,astar,linearConflict,4x4,2,1.19,40,2
4.txt,astar,linearConflict,4x4,2,1.0,41,2
5.txt,astar,linearConflict,4x4,0,0.0,3,0
6.txt,astar,linearConflict,4x4,2,1.19,40,2
7.txt,astar,linearConflict,4x4,2,1.0,41,2
10.txt,astar,linearConflict,4x4,3,0.58,41,3
11.txt,astar,linearConflict,4x4,3,0.81,44,3
12.txt,astar,linearConflict,4x4,3,0.74,42,3
13.txt,astar,linearConflict,4x4,3,0.58,41,3
14.txt,astar,linearConflict,4x4,3,0.74,44,3
15.txt,astar,linearConflict,4x4,3,0.74,42,3
16.txt,astar,linearConflict,4x4,3,0.81,43,3
17.txt,astar,linearConflict,4x4,3,0.81,43,3
8.txt,astar,linearConflict,4x4,3,0.81,42,3
9.txt,astar,linearConflict,4x4,3,0.74,43,3
18.txt,astar,linearConflict,4x4,4,0.61,45,4
19.txt,astar,linearConflict,4x4,4,0.61,43,4
20.txt,astar,linearConflict,4x4,4,0.53,44,4
21.txt,astar,linearConflict,4x4,4,0.45,44,4
22.txt,astar,linearConflict,4x4,4,0.57,45,4
23.txt,astar,linearConflict,4x4,4,0.49,44,4
24.txt,astar,linearConflict,4x4,4,0.49,43,4
25.txt,astar,linearConflict,4x4,4,0.57,45,4
26.txt,astar,linearConflict,4x4,4,0.57,43,4
27.txt,astar,linearConflict,4x4,4,0.57,44,4
28.txt,astar,linearConflict,4x4,4,0.57,45,4
29.txt,astar,linearConflict,4x4,4,0.57,44,4
30.txt,astar,linearConflict,4x4,4,0.57,43,4
31.txt,astar,linearConflict,4x4,4,0.57,45,4
32.txt,astar,linearConflict,4x4,4,0.61,44,4
33.txt,astar,linearConflict,4x4,4,0.57,44,4
34.txt,astar,linearConflict,4x4,4,0.57,44,4
35.txt,astar,linearConflict,4x4,4,0.53,45,4
36.txt,astar,linearConflict,4x4,4,0.45,42,4
37.txt,astar,linearConflict,4x4,4,0.57,45,4
38.txt,astar,linearConflict,4x4,4,0.53,43,4
39.txt,astar,linearConflict,4x4,4,0.53,43,4
40.txt,astar,linearConflict,4x4,4,0.57,45,4
41.txt,astar,linearConflict,4x4,4,0.61,44,4
71.txt,astar,linearConflict,4x4,5,0.39,45,5
72.txt,astar,linearConflict,4x4,5,0.42,46,5
73.txt,astar,linearConflict,4x4,5,0.39,44,5
74.txt,astar,linearConflict,4x4,5,0.44,46,5
75.txt,astar,linearConflict,4x4,5,0.39,46,5
76.txt,astar,linearConflict,4x4,5,0.42,44,5
77.txt,astar,linearConflict,4x4,5,0.44,46,5
78.txt,astar,linearConflict,4x4,5,0.48,46,5
79.txt,astar,linearConflict,4x4,6,0.48,48,5
80.txt,astar,linearConflict,4x4,5,0.39,44,5
81.txt,astar,linearConflict,4x4,5,0.46,45,5
82.txt,astar,linearConflict,4x4,5,0.44,46,5
83.txt,astar,linearConflict,4x4,5,0.44,45,5
84.txt,astar,linearConflict,4x4,5,0.42,46,5
85.txt,astar,linearConflict,4x4,5,0.48,46,5
86.txt,astar,linearConflict,4x4,5,0.46,45,5
87.txt,astar,linearConflict,4x4,5,0.48,45,5
88.txt,astar,linearConflict,4x4,5,0.46,46,5
89.txt,astar,linearConflict,4x4,5,0.42,44,5
90.txt,astar,linearConflict,4x4,5,0.37,44,5
91.txt,astar,linearConflict,4x4,5,0.39,46,5
92.txt,astar,linearConflict,4x4,5,0.37,45,5
93.txt,astar,linearConflict,4x4,5,0.46,46,5
94.txt,astar,linearConflict,4x4,5,0.42,46,5
95.txt,astar,linearConflict,4x4,5,0.46,45,5
182.txt,astar,linearConflict,4x4,6,0.37,46,6
183.txt,astar,linearConflict,4x4,6,0.36,48,6
184.txt,astar,linearConflict,4x4,6,0.39,46,6
185.txt,astar,linearConflict,4x4,6,0.34,48,6
186.txt,astar,linearConflict,4x4,6,0.37,47,6
187.txt,astar,linearConflict,4x4,6,0.37,48,6
188.txt,astar,linearConflict,4x4,6,0.33,45,6
189.txt,astar,linearConflict,4x4,6,0.36,46,6
190.txt,astar,linearConflict,4x4,6,0.36,46,6
191.txt,astar,linearConflict,4x4,6,0.33,45,6
192.txt,astar,linearConflict,4x4,8,0.44,48,6
193.txt,astar,linearConflict,4x4,6,0.39,48,6
194.txt,astar,linearConflict,4x4,6,0.36,46,6
195.txt,astar,linearConflict,4x4,6,0.37,48,6
196.txt,astar,linearConflict,4x4,6,0.33,45,6
197.txt,astar,linearConflict,4x4,6,0.33,45,6
198.txt,astar,linearConflict,4x4,6,0.36,45,6
199.txt,astar,linearConflict,4x4,6,0.36,47,6
200.txt,astar,linearConflict,4x4,6,0.29,44,6
201.txt,astar,linearConflict,4x4,6,0.37,48,6
202.txt,astar,linearConflict,4x4,6,0.39,47,6
96.txt,astar,linearConflict,4x4,6,0.34,45,6
97.txt,astar,linearConflict,4x4,6,0.37,48,6
98.txt,astar,linearConflict,4x4,6,0.34,45,6
99.txt,astar,linearConflict,4x4,6,0.34,47,6
390.txt,astar,linearConflict,4x4,10,0.4,51,7
391.txt,astar,linearConflict,4x4,7,0.29,49,7
392.txt,astar,linearConflict,4x4,7,0.3,48,7
393.txt,astar,linearConflict,4x4,7,0.3,46,7
394.txt,astar,linearConflict,4x4,7,0.29,48,7
395.txt,astar,linearConflict,4x4,12,0.43,50,7
396.txt,astar,linearConflict,4x4,7,0.3,50,7
397.txt,astar,linearConflict,4x4,7,0.3,48,7
398.txt,astar,linearConflict,4x4,7,0.31,48,7
399.txt,astar,linearConflict,4x4,7,0.32,46,7
400.txt,astar,linearConflict,4x4,7,0.29,47,7
401.txt,astar,linearConflict,4x4,7,0.3,48,7
402.txt,astar,linearConflict,4x4,9,0.37,49,7
403.txt,astar,linearConflict,4x4,7,0.31,47,7
404.txt,astar,linearConflict,4x4,8,0.34,48,7
405.txt,astar,linearConflict,4x4,7,0.31,48,7
406.txt,astar,linearConflict,4x4,8,0.33,48,7
407.txt,astar,linearConflict,4x4,10,0.4,51,7
408.txt,astar,linearConflict,4x4,7,0.28,46,7
409.txt,astar,linearConflict,4x4,7,0.32,47,7
410.txt,astar,linearConflict,4x4,7,0.32,48,7
411.txt,astar,linearConflict,4x4,7,0.31,48,7
412.txt,astar,linearConflict,4x4,7,0.28,47,7
413.txt,astar,linearConflict,4x4,7,0.29,46,7
414.txt,astar,linearConflict,4x4,7,0.32,48,7
836.txt,astar,linearConflict,4x4,12,0.36,50,8
837.txt,astar,linearConflict,4x4,31,0.56,59,8
838.txt,astar,linearConflict,4x4,11,0.34,49,8
839.txt,astar,linearConflict,4x4,8,0.25,48,8
840.txt,astar,linearConflict,4x4,8,0.28,47,8
841.txt,astar,linearConflict,4x4,10,0.3,49,8
842.txt,astar,linearConflict,4x4,10,0.3,48,8
843.txt,astar,linearConflict,4x4,10,0.29,48,8
844.txt,astar,linearConflict,4x4,21,0.46,56,8
845.txt,astar,linearConflict,4x4,9,0.28,47,8
846.txt,astar,linearConflict,4x4,10,0.32,49,8
847.txt,astar,linearConflict,4x4,8,0.27,48,8
848.txt,astar,linearConflict,4x4,8,0.26,48,8
849.txt,astar,linearConflict,4x4,15,0.4,52,8
850.txt,astar,linearConflict,4x4,11,0.3,49,8
851.txt,astar,linearConflict,4x4,9,0.3,50,8
852.txt,astar,linearConflict,4x4,11,0.34,49,8
853.txt,astar,linearConflict,4x4,29,0.55,59,8
854.txt,astar,linearConflict,4x4,8,0.25,48,8
855.txt,astar,linearConflict,4x4,9,0.28,51,8
856.txt,astar,linearConflict,4x4,12,0.33,51,8
857.txt,astar,linearConflict,4x4,8,0.27,48,8
858.txt,astar,linearConflict,4x4,11,0.34,51,8
859.txt,astar,linearConflict,4x4,8,0.24,48,8
860.txt,astar,linearConflict,4x4,23,0.48,56,8
975.txt,astar,linearConflict,4x4,12,0.29,51,9
976.txt,astar,linearConflict,4x4,12,0.28,50,9
977.txt,astar,linearConflict,4x4,45,0.55,64,9
978.txt,astar,linearConflict,4x4,11,0.28,49,9
979.txt,astar,linearConflict,4x4,17,0.33,52,9
980.txt,astar,linearConflict,4x4,10,0.24,48,9
981.txt,astar,linearConflict,4x4,10,0.25,50,9
982.txt,astar,linearConflict,4x4,9,0.23,49,9
983.txt,astar,linearConflict,4x4,10,0.26,49,9
984.txt,astar,linearConflict,4x4,11,0.28,51,9
985.txt,astar,linearConflict,4x4,9,0.22,47,9
986.txt,astar,linearConflict,4x4,11,0.28,51,9
987.txt,astar,linearConflict,4x4,43,0.53,67,9
988.txt,astar,linearConflict,4x4,10,0.27,53,9
989.txt,astar,linearConflict,4x4,12,0.29,51,9
990.txt,astar,linearConflict,4x4,9,0.22,48,9
991.txt,astar,linearConflict,4x4,15,0.34,53,9
992.txt,astar,linearConflict,4x4,9,0.24,48,9
993.txt,astar,linearConflict,4x4,9,0.23,48,9
994.txt,astar,linearConflict,4x4,13,0.3,50,9
995.txt,astar,linearConflict,4x4,9,0.22,49,9
996.txt,astar,linearConflict,4x4,9,0.23,49,9
997.txt,astar,linearConflict,4x4,12,0.29,51,9
998.txt,astar,linearConflict,4x4,11,0.3,51,9
999.txt,astar,linearConflict,4x4,9,0.23,49,9
3730.txt,astar,linearConflict,4x4,13,0.25,49,10
3731.txt,astar,linearConflict,4x4,27,0.36,57,10
3732.txt,astar,linearConflict,4x4,16,0.28,52,10
3733.txt,astar,linearConflict,4x4,10,0.2,49,10
3734.txt,astar,linearConflict,4x4,19,0.31,53,10
3735.txt,astar,linearConflict,4x4,12,0.24,51,10
3736.txt,astar,linearConflict,4x4,13,0.26,51,10
3737.txt,astar,linearConflict,4x4,10,0.22,49,10
3738.txt,astar,linearConflict,4x4,13,0.26,52,10
3739.txt,astar,linearConflict,4x4,30,0.38,58,10
3740.txt,astar,linearConflict,4x4,13,0.26,51,10
3741.txt,astar,linearConflict,4x4,10,0.21,51,10
3742.txt,astar,linearConflict,4x4,27,0.36,57,10
3743.txt,astar,linearConflict,4x4,12,0.24,51,10
3744.txt,astar,linearConflict,4x4,338,0.85,114,10
3745.txt,astar,linearConflict,4x4,16,0.29,53,10
3746.txt,astar,linearConflict,4x4,295,0.84,109,10
3747.txt,astar,linearConflict,4x4,15,0.27,52,10
3748.txt,astar,linearConflict,4x4,126,0.64,81,10
3749.txt,astar,linearConflict,4x4,14,0.26,51,10
3750.txt,astar,linearConflict,4x4,32,0.4,60,10
3751.txt,astar,linearConflict,4x4,15,0.28,52,10
3752.txt,astar,linearConflict,4x4,18,0.3,54,10
3753.txt,astar,linearConflict,4x4,15,0.28,52,10
3754.txt,astar,linearConflict,4x4,27,0.37,59,10
7668.txt,astar,linearConflict,4x4,20,0.28,56,11
7669.txt,astar,linearConflict,4x4,75,0.48,72,11
7670.txt,astar,linearConflict,4x4,63,0.46,71,11
7671.txt,astar,linearConflict,4x4,14,0.22,53,11
7672.txt,astar,linearConflict,4x4,14,0.23,51,11
7673.txt,astar,linearConflict,4x4,14,0.23,51,11
7674.txt,astar,linearConflict,4x4,18,0.26,53,11
7675.txt,astar,linearConflict,4x4,11,0.2,50,11
7676.txt,astar,linearConflict,4x4,19,0.28,54,11
7677.txt,astar,linearConflict,4x4,14,0.23,53,11
7678.txt,astar,linearConflict,4x4,289,0.73,111,11
7679.txt,astar,linearConflict,4x4,32,0.33,59,11
7680.txt,astar,linearConflict,4x4,14,0.23,53,11
7681.txt,astar,linearConflict,4x4,80,0.49,72,11
7682.txt,astar,linearConflict,4x4,66,0.47,68,11
7683.txt,astar,linearConflict,4x4,11,0.19,50,11
7684.txt,astar,linearConflict,4x4,80,0.48,71,11
7685.txt,astar,linearConflict,4x4,44,0.39,65,11
7686.txt,astar,linearConflict,4x4,75,0.48,71,11
7687.txt,astar,linearConflict,4x4,13,0.21,52,11
7688.txt,astar,linearConflict,4x4,25,0.31,57,11
7689.txt,astar,linearConflict,4x4,14,0.22,51,11
7690.txt,astar,linearConflict,4x4,390,0.76,120,11
7691.txt,astar,linearConflict,4x4,19,0.28,56,11
7692.txt,astar,linearConflict,4x4,79,0.51,74,11
9975.txt,astar,linearConflict,4x4,91,0.45,76,12
9976.txt,astar,linearConflict,4x4,18,0.23,54,12
9977.txt,astar,linearConflict,4x4,17,0.23,54,12
9978.txt,astar,linearConflict,4x4,20,0.25,56,12
9979.txt,astar,linearConflict,4x4,29,0.3,58,12
9980.txt,astar,linearConflict,4x4,15,0.2,52,12
9981.txt,astar,linearConflict,4x4,21,0.25,55,12
9982.txt,astar,linearConflict,4x4,65,0.41,72,12
9983.txt,astar,linearConflict,4x4,38,0.33,60,12
9984.txt,astar,linearConflict,4x4,146,0.53,86,12
9985.txt,astar,linearConflict,4x4,301,0.64,108,12
9986.txt,astar,linearConflict,4x4,12,0.17,49,12
9987.txt,astar,linearConflict,4x4,16,0.2,52,12
9988.txt,astar,linearConflict,4x4,15,0.2,51,12
9989.txt,astar,linearConflict,4x4,13,0.19,50,12
9990.txt,astar,linearConflict,4x4,14,0.19,50,12
9991.txt,astar,linearConflict,4x4,19,0.24,56,12
9992.txt,astar,linearConflict,4x4,21,0.25,56,12
9993.txt,astar,linearConflict,4x4,12,0.18,51,12
9994.txt,astar,linearConflict,4x4,16,0.21,53,12
9995.txt,astar,linearConflict,4x4,26,0.28,57,12
9996.txt,astar,linearConflict,4x4,19,0.24,55,12
9997.txt,astar,linearConflict,4x4,40,0.33,61,12
9998.txt,astar,linearConflict,4x4,52,0.37,65,12
9999.txt,astar,linearConflict,4x4,30,0.3,60,12
31020.txt,astar,linearConflict,4x4,128,0.45,84,13
31021.txt,astar,linearConflict,4x4,36,0.29,64,13
31022.txt,astar,linearConflict,4x4,23,0.23,56,13
31023.txt,astar,linearConflict,4x4,22,0.21,55,13
31024.txt,astar,linearConflict,4x4,16,0.19,51,13
31025.txt,astar,linearConflict,4x4,26,0.24,57,13
31026.txt,astar,linearConflict,4x4,22,0.23,57,13
31027.txt,astar,linearConflict,4x4,76,0.38,78,13
31028.txt,astar,linearConflict,4x4,176,0.49,90,13
31029.txt,astar,linearConflict,4x4,15,0.18,54,13
31030.txt,astar,linearConflict,4x4,17,0.19,52,13
31031.txt,astar,linearConflict,4x4,13,0.15,50,13
31032.txt,astar,linearConflict,4x4,15,0.17,52,13
31033.txt,astar,linearConflict,4x4,15,0.18,53,13
31034.txt,astar,linearConflict,4x4,13,0.15,50,13
31035.txt,astar,linearConflict,4x4,34,0.29,61,13
31036.txt,astar,linearConflict,4x4,72,0.38,70,13
31037.txt,astar,linearConflict,4x4,16,0.19,53,13
31038.txt,astar,linearConflict,4x4,24,0.24,58,13
31039.txt,astar,linearConflict,4x4,69,0.36,69,13
31040.txt,astar,linearConflict,4x4,19,0.2,54,13
31041.txt,astar,linearConflict,4x4,20,0.21,54,13
31042.txt,astar,linearConflict,4x4,23,0.23,55,13
31043.txt,astar,linearConflict,4x4,138,0.45,83,13
31044.txt,astar,linearConflict,4x4,27,0.25,56,13
61841.txt,astar,linearConflict,4x4,36,0.26,63,14
61842.txt,astar,linearConflict,4x4,23,0.2,56,14
61843.txt,astar,linearConflict,4x4,42,0.28,66,14
61844.txt,astar,linearConflict,4x4,43,0.27,63,14
61845.txt,astar,linearConflict,4x4,31,0.23,57,14
61846.txt,astar,linearConflict,4x4,53,0.31,67,14
61847.txt,astar,linearConflict,4x4,3444,0.85,302,14
61848.txt,astar,linearConflict,4x4,36,0.26,61,14
61849.txt,astar,linearConflict,4x4,5232,0.91,377,14
61850.txt,astar,linearConflict,4x4,59,0.31,66,14
61851.txt,astar,linearConflict,4x4,16,0.16,52,14
61852.txt,astar,linearConflict,4x4,16,0.17,54,14
61853.txt,astar,linearConflict,4x4,136,0.4,84,14
61854.txt,astar,linearConflict,4x4,69,0.33,70,14
61855.txt,astar,linearConflict,4x4,15,0.15,51,14
61856.txt,astar,linearConflict,4x4,163,0.43,87,14
61857.txt,astar,linearConflict,4x4,98,0.37,77,14
61858.txt,astar,linearConflict,4x4,20,0.19,55,14
61859.txt,astar,linearConflict,4x4,16,0.16,52,14
61860.txt,astar,linearConflict,4x4,18,0.17,54,14
61861.txt,astar,linearConflict,4x4,29,0.23,59,14
61862.txt,astar,linearConflict,4x4,83,0.36,72,14
61863.txt,astar,linearConflict,4x4,24,0.21,57,14
61864.txt,astar,linearConflict,4x4,180,0.45,93,14
61865.txt,astar,linearConflict,4x4,22,0.2,55,14
99975.txt,astar,linearConflict,4x4,1735,0.67,203,15
99976.txt,astar,linearConflict,4x4,1630,0.66,199,15
99977.txt,astar,linearConflict,4x4,16,0.14,53,15
99978.txt,astar,linearConflict,4x4,21,0.17,54,15
99979.txt,astar,linearConflict,4x4,37,0.23,62,15
99980.txt,astar,linearConflict,4x4,21,0.17,54,15
99981.txt,astar,linearConflict,4x4,41,0.24,61,15
99982.txt,astar,linearConflict,4x4,22,0.18,55,15
99983.txt,astar,linearConflict,4x4,27,0.2,57,15
99984.txt,astar,linearConflict,4x4,25,0.2,57,15
99985.txt,astar,linearConflict,4x4,16,0.14,52,15
99986.txt,astar,linearConflict,4x4,109,0.35,80,15
99987.txt,astar,linearConflict,4x4,238,0.43,100,15
99988.txt,astar,linearConflict,4x4,42,0.24,63,15
99989.txt,astar,linearConflict,4x4,239,0.43,99,15
99990.txt,astar,linearConflict,4x4,88,0.33,72,15
99991.txt,astar,linearConflict,4x4,99,0.35,80,15
99992.txt,astar,linearConflict,4x4,95,0.34,78,15
99993.txt,astar,linearConflict,4x4,23,0.18,56,15
99994.txt,astar,linearConflict,4x4,30,0.21,58,15
99995.txt,astar,linearConflict,4x4,20,0.16,54,15
99996.txt,astar,linearConflict,4x4,21,0.17,54,15
99997.txt,astar,linearConflict,4x4,33,0.22,60,15
99998.txt,astar,linearConflict,4x4,17,0.15,53,15
99999.txt,astar,linearConflict,4x4,35,0.23,60,15
241683.txt,astar,linearConflict,4x4,117,0.33,81,16
241684.txt,astar,linearConflict,4x4,176,0.36,92,16
241685.txt,astar,linearConflict,4x4,40,0.22,61,16
241686.txt,astar,linearConflict,4x4,51,0.23,63,16
241687.txt,astar,linearConflict,4x4,20,0.15,54,16
241688.txt,astar,linearConflict,4x4,41,0.22,61,16
241689.txt,astar,linearConflict,4x4,19,0.14,52,16
241690.txt,astar,linearConflict,4x4,20,0.15,54,16
241691.txt,astar,linearConflict,4x4,7348,0.79,464,16
241692.txt,astar,linearConflict,4x4,17590,0.9,850,16
241693.txt,astar,linearConflict,4x4,8501,0.81,503,16
241694.txt,astar,linearConflict,4x4,69,0.27,69,16
241695.txt,astar,linearConflict,4x4,28,0.18,59,16
241696.txt,astar,linearConflict,4x4,8077,0.8,488,16
241697.txt,astar,linearConflict,4x4,194,0.38,96,16
241698.txt,astar,linearConflict,4x4,21,0.16,55,16
241699.txt,astar,linearConflict,4x4,1139,0.56,167,16
241700.txt,astar,linearConflict,4x4,34,0.2,59,16
241701.txt,astar,linearConflict,4x4,947,0.54,159,16
241702.txt,astar,linearConflict,4x4,17,0.14,52,16
241703.txt,astar,linearConflict,4x4,34,0.2,60,16
241704.txt,astar,linearConflict,4x4,60,0.26,70,16
241705.txt,astar,linearConflict,4x4,23,0.16,55,16
241706.txt,astar,linearConflict,4x4,22,0.17,56,16
241707.txt,astar,linearConflict,4x4,26,0.18,61,16
473527.txt,astar,linearConflict,4x4,252,0.38,104,17
473528.txt,astar,linearConflict,4x4,136,0.31,82,17
473529.txt,astar,linearConflict,4x4,17,0.12,52,17
473530.txt,astar,linearConflict,4x4,42,0.21,62,17
473531.txt,astar,linearConflict,4x4,159,0.33,90,17
473532.txt,astar,linearConflict,4x4,29,0.17,57,17
473533.txt,astar,linearConflict,4x4,195,0.34,92,17
473534.txt,astar,linearConflict,4x4,159,0.33,87,17
473535.txt,astar,linearConflict,4x4,258,0.37,109,17
473536.txt,astar,linearConflict,4x4,11152,0.76,652,17
473537.txt,astar,linearConflict,4x4,10508,0.76,583,17
473538.txt,astar,linearConflict,4x4,20,0.13,54,17
473539.txt,astar,linearConflict,4x4,21,0.14,55,17
473540.txt,astar,linearConflict,4x4,9779,0.75,516,17
473541.txt,astar,linearConflict,4x4,5453,0.68,361,17
473542.txt,astar,linearConflict,4x4,40,0.2,62,17
473543.txt,astar,linearConflict,4x4,99,0.28,75,17
473544.txt,astar,linearConflict,4x4,68,0.25,68,17
473545.txt,astar,linearConflict,4x4,25245,0.86,1137,17
473546.txt,astar,linearConflict,4x4,21,0.14,55,17
473547.txt,astar,linearConflict,4x4,703,0.47,139,17
473548.txt,astar,linearConflict,4x4,2978,0.61,250,17
473549.txt,astar,linearConflict,4x4,11029,0.77,600,17
473550.txt,astar,linearConflict,4x4,6360,0.69,386,17
473551.txt,astar,linearConflict,4x4,19,0.13,53,17
920869.txt,astar,linearConflict,4x4,199,0.33,94,18
920870.txt,astar,linearConflict,4x4,88,0.25,76,18
920871.txt,astar,linearConflict,4x4,73,0.24,70,18
920872.txt,astar,linearConflict,4x4,268,0.35,105,18
920873.txt,astar,linearConflict,4x4,102,0.26,74,18
920874.txt,astar,linearConflict,4x4,239,0.33,106,18
920875.txt,astar,linearConflict,4x4,175,0.31,90,18
920876.txt,astar,linearConflict,4x4,146,0.3,89,18
920877.txt,astar,linearConflict,4x4,435,0.39,120,18
920878.txt,astar,linearConflict,4x4,144,0.29,86,18
920879.txt,astar,linearConflict,4x4,4118,0.6,312,18
920880.txt,astar,linearConflict,4x4,30,0.16,57,18
920881.txt,astar,linearConflict,4x4,41,0.19,62,18
920882.txt,astar,linearConflict,4x4,28,0.15,58,18
920883.txt,astar,linearConflict,4x4,207,0.32,100,18
920884.txt,astar,linearConflict,4x4,147,0.3,85,18
920885.txt,astar,linearConflict,4x4,256,0.34,105,18
920886.txt,astar,linearConflict,4x4,645,0.43,139,18
920887.txt,astar,linearConflict,4x4,151,0.3,83,18
920888.txt,astar,linearConflict,4x4,238,0.33,100,18
920889.txt,astar,linearConflict,4x4,39,0.18,61,18
920890.txt,astar,linearConflict,4x4,22,0.13,55,18
920891.txt,astar,linearConflict,4x4,289,0.35,108,18
920892.txt,astar,linearConflict,4x4,81,0.24,72,18
920893.txt,astar,linearConflict,4x4,203,0.32,96,18
999975.txt,astar,linearConflict,4x4,197,0.31,100,19
999976.txt,astar,linearConflict,4x4,196,0.3,99,19
999977.txt,astar,linearConflict,4x4,329,0.33,112,19
999978.txt,astar,linearConflict,4x4,4222,0.56,335,19
999979.txt,astar,linearConflict,4x4,713,0.41,148,19
999980.txt,astar,linearConflict,4x4,178,0.29,88,19
999981.txt,astar,linearConflict,4x4,312,0.34,113,19
999982.txt,astar,linearConflict,4x4,10904,0.65,546,19
999983.txt,astar,linearConflict,4x4,51,0.19,64,19
999984.txt,astar,linearConflict,4x4,558,0.38,136,19
999985.txt,astar,linearConflict,4x4,207,0.3,97,19
999986.txt,astar,linearConflict,4x4,3501,0.55,302,19
999987.txt,astar,linearConflict,4x4,4762,0.58,352,19
999988.txt,astar,linearConflict,4x4,244,0.32,103,19
999989.txt,astar,linearConflict,4x4,182,0.29,93,19
999990.txt,astar,linearConflict,4x4,31,0.14,57,19
999991.txt,astar,linearConflict,4x4,258,0.32,104,19
999992.txt,astar,linearConflict,4x4,159,0.28,93,19
999993.txt,astar,linearConflict,4x4,321,0.34,111,19
999994.txt,astar,linearConflict,4x4,144,0.27,85,19
999995.txt,astar,linearConflict,4x4,190,0.3,96,19
999996.txt,astar,linearConflict,4x4,992,0.43,158,19
999997.txt,astar,linearConflict,4x4,195,0.3,95,19
999998.txt,astar,linearConflict,4x4,155,0.28,88,19
999999.txt,astar,linearConflict,4x4,190,0.3,95,19
3417996.txt,astar,linearConflict,4x4,495,0.35,127,20
3417997.txt,astar,linearConflict,4x4,772,0.38,147,20
3417998.txt,astar,linearConflict,4x4,1577,0.44,193,20
3417999.txt,astar,linearConflict,4x4,252,0.3,104,20
3418000.txt,astar,linearConflict,4x4,20,0.1,54,20
3418001.txt,astar,linearConflict,4x4,105954,0.82,3981,20
3418002.txt,astar,linearConflict,4x4,2591,0.49,249,20
3418003.txt,astar,linearConflict,4x4,2917,0.5,257,20
3418004.txt,astar,linearConflict,4x4,22,0.1,54,20
3418005.txt,astar,linearConflict,4x4,168,0.26,88,20
3418006.txt,astar,linearConflict,4x4,1056,0.41,160,20
3418007.txt,astar,linearConflict,4x4,387,0.33,125,20
3418008.txt,astar,linearConflict,4x4,261,0.31,105,20
3418009.txt,astar,linearConflict,4x4,726,0.38,140,20
3418010.txt,astar,linearConflict,4x4,302,0.31,114,20
3418011.txt,astar,linearConflict,4x4,2202,0.46,260,20
3418012.txt,astar,linearConflict,4x4,246,0.3,102,20
3418013.txt,astar,linearConflict,4x4,259,0.3,101,20
3418014.txt,astar,linearConflict,4x4,877,0.39,164,20
3418015.txt,astar,linearConflict,4x4,334,0.32,112,20
3418016.txt,astar,linearConflict,4x4,281,0.31,115,20
3418017.txt,astar,linearConflict,4x4,17558,0.65,820,20
3418018.txt,astar,linearConflict,4x4,1062,0.41,189,20
3418019.txt,astar,linearConflict,4x4,47,0.17,64,20
3418020.txt,astar,linearConflict,4x4,77774,0.78,2585,20
1.txt,ida,linearConflict,3x3,1,0.0,7,1
2.txt,ida,linearConflict,3x3,1,0.0,7,1
3.txt,ida,linearConflict,3x3,2,0.0,8,2
4.txt,ida,linearConflict,3x3,2,0.0,8,2
5.txt,ida,linearConflict,3x3,0,0.0,4,0
6.txt,ida,linearConflict,3x3,2,0.0,8,2
7.txt,ida,linearConflict,3x3,2,0.0,7,2
10.txt,ida,linearConflict,3x3,3,0.0,9,3
11.txt,ida,linearConflict,3x3,3,0.0,9,3
12.txt,ida,linearConflict,3x3,3,0.0,10,3
13.txt,ida,linearConflict,3x3,3,0.0,10,3
14.txt,ida,linearConflict,3x3,3,0.0,8,3
15.txt,ida,linearConflict,3x3,3,0.0,8,3
8.txt,ida,linearConflict,3x3,3,0.0,10,3
9.txt,ida,linearConflict,3x3,3,0.0,8,3
16.txt,ida,linearConflict,3x3,4,0.0,10,4
17.txt,ida,linearConflict,3x3,4,0.0,10,4
18.txt,ida,linearConflict,3x3,4,0.0,10,4
19.txt,ida,linearConflict,3x3,4,0.0,9,4
20.txt,ida,linearConflict,3x3,4,0.0,9,4
21.txt,ida,linearConflict,3x3,4,0.0,9,4
22.txt,ida,linearConflict,3x3,4,0.0,9,4
23.txt,ida,linearConflict,3x3,4,0.0,9,4
24.txt,ida,linearConflict,3x3,4,0.0,11,4
25.txt,ida,linearConflict,3x3,4,0.0,10,4
26.txt,ida,linearConflict,3x3,4,0.0,11,4
27.txt,ida,linearConflict,3x3,4,0.0,10,4
28.txt,ida,linearConflict,3x3,4,0.0,9,4
29.txt,ida,linearConflict,3x3,4,0.0,9,4
30.txt,ida,linearConflict,3x3,4,0.0,11,4
31.txt,ida,linearConflict,3x3,4,0.0,9,4
32.txt,ida,linearConflict,3x3,5,0.0,11,5
33.txt,ida,linearConflict,3x3,5,0.0,12,5
34.txt,ida,linearConflict,3x3,5,0.0,11,5
35.txt,ida,linearConflict,3x3,5,0.0,12,5
36.txt,ida,linearConflict,3x3,5,0.0,10,5
37.txt,ida,linearConflict,3x3,5,0.0,11,5
38.txt,ida,linearConflict,3x3,5,0.0,12,5
39.txt,ida,linearConflict,3x3,5,0.0,10,5
40.txt,ida,linearConflict,3x3,5,0.0,9,5
41.txt,ida,linearConflict,3x3,6,0.06,11,5
42.txt,ida,linearConflict,3x3,5,0.0,11,5
43.txt,ida,linearConflict,3x3,5,0.0,10,5
44.txt,ida,linearConflict,3x3,6,0.06,12,5
45.txt,ida,linearConflict,3x3,5,0.0,11,5
46.txt,ida,linearConflict,3x3,5,0.0,11,5
47.txt,ida,linearConflict,3x3,5,0.0,10,5
48.txt,ida,linearConflict,3x3,5,0.0,12,5
49.txt,ida,linearConflict,3x3,6,0.06,12,5
50.txt,ida,linearConflict,3x3,5,0.0,12,5
51.txt,ida,linearConflict,3x3,5,0.0,11,5
66.txt,ida,linearConflict,3x3,8,0.08,12,6
67.txt,ida,linearConflict,3x3,8,0.08,13,6
68.txt,ida,linearConflict,3x3,6,0.0,12,6
69.txt,ida,linearConflict,3x3,7,0.04,11,6
70.txt,ida,linearConflict,3x3,6,0.0,11,6
71.txt,ida,linearConflict,3x3,6,0.0,11,6
72.txt,ida,linearConflict,3x3,6,0.0,12,6
73.txt,ida,linearConflict,3x3,6,0.0,11,6
74.txt,ida,linearConflict,3x3,6,0.0,11,6
75.txt,ida,linearConflict,3x3,6,0.0,12,6
76.txt,ida,linearConflict,3x3,7,0.04,12,6
77.txt,ida,linearConflict,3x3,8,0.08,13,6
78.txt,ida,linearConflict,3x3,6,0.0,12,6
79.txt,ida,linearConflict,3x3,6,0.0,12,6
80.txt,ida,linearConflict,3x3,9,0.12,13,6
81.txt,ida,linearConflict,3x3,10,0.15,13,6
82.txt,ida,linearConflict,3x3,6,0.0,12,6
83.txt,ida,linearConflict,3x3,8,0.08,14,6
84.txt,ida,linearConflict,3x3,6,0.0,12,6
85.txt,ida,linearConflict,3x3,8,0.08,13,6
86.txt,ida,linearConflict,3x3,6,0.0,12,6
87.txt,ida,linearConflict,3x3,8,0.08,12,6
88.txt,ida,linearConflict,3x3,6,0.0,11,6
89.txt,ida,linearConflict,3x3,6,0.0,12,6
90.txt,ida,linearConflict,3x3,8,0.08,13,6
137.txt,ida,linearConflict,3x3,7,0.0,12,7
138.txt,ida,linearConflict,3x3,9,0.06,13,7
139.txt,ida,linearConflict,3x3,9,0.06,13,7
140.txt,ida,linearConflict,3x3,15,0.19,16,7
141.txt,ida,linearConflict,3x3,9,0.06,13,7
142.txt,ida,linearConflict,3x3,12,0.14,14,7
143.txt,ida,linearConflict,3x3,11,0.11,14,7
144.txt,ida,linearConflict,3x3,9,0.06,13,7
145.txt,ida,linearConflict,3x3,7,0.0,13,7
146.txt,ida,linearConflict,3x3,9,0.06,14,7
147.txt,ida,linearConflict,3x3,9,0.06,13,7
148.txt,ida,linearConflict,3x3,7,0.0,12,7
149.txt,ida,linearConflict,3x3,7,0.0,12,7
150.txt,ida,linearConflict,3x3,11,0.11,15,7
151.txt,ida,linearConflict,3x3,9,0.06,14,7
152.txt,ida,linearConflict,3x3,19,0.25,18,7
91.txt,ida,linearConflict,3x3,7,0.0,12,7
92.txt,ida,linearConflict,3x3,9,0.06,14,7
93.txt,ida,linearConflict,3x3,7,0.0,12,7
94.txt,ida,linearConflict,3x3,7,0.0,13,7
95.txt,ida,linearConflict,3x3,7,0.0,12,7
96.txt,ida,linearConflict,3x3,10,0.09,13,7
97.txt,ida,linearConflict,3x3,8,0.03,13,7
98.txt,ida,linearConflict,3x3,7,0.0,11,7
99.txt,ida,linearConflict,3x3,9,0.06,14,7
244.txt,ida,linearConflict,3x3,19,0.19,18,8
245.txt,ida,linearConflict,3x3,10,0.05,14,8
246.txt,ida,linearConflict,3x3,14,0.12,16,8
247.txt,ida,linearConflict,3x3,12,0.09,14,8
248.txt,ida,linearConflict,3x3,28,0.28,21,8
249.txt,ida,linearConflict,3x3,8,0.0,12,8
250.txt,ida,linearConflict,3x3,8,0.0,14,8
251.txt,ida,linearConflict,3x3,17,0.17,17,8
252.txt,ida,linearConflict,3x3,10,0.05,14,8
253.txt,ida,linearConflict,3x3,8,0.0,12,8
254.txt,ida,linearConflict,3x3,10,0.05,15,8
255.txt,ida,linearConflict,3x3,8,0.0,11,8
256.txt,ida,linearConflict,3x3,10,0.05,13,8
257.txt,ida,linearConflict,3x3,8,0.0,13,8
258.txt,ida,linearConflict,3x3,10,0.05,14,8
259.txt,ida,linearConflict,3x3,22,0.22,19,8
260.txt,ida,linearConflict,3x3,21,0.21,18,8
261.txt,ida,linearConflict,3x3,10,0.05,14,8
262.txt,ida,linearConflict,3x3,11,0.07,14,8
263.txt,ida,linearConflict,3x3,10,0.05,14,8
264.txt,ida,linearConflict,3x3,10,0.05,14,8
265.txt,ida,linearConflict,3x3,8,0.0,13,8
266.txt,ida,linearConflict,3x3,10,0.05,14,8
267.txt,ida,linearConflict,3x3,8,0.0,12,8
268.txt,ida,linearConflict,3x3,10,0.05,14,8
396.txt,ida,linearConflict,3x3,13,0.07,16,9
397.txt,ida,linearConflict,3x3,9,0.0,14,9
398.txt,ida,linearConflict,3x3,9,0.0,14,9
399.txt,ida,linearConflict,3x3,11,0.04,14,9
400.txt,ida,linearConflict,3x3,11,0.04,14,9
401.txt,ida,linearConflict,3x3,9,0.0,13,9
402.txt,ida,linearConflict,3x3,9,0.0,14,9
403.txt,ida,linearConflict,3x3,9,0.0,13,9
404.txt,ida,linearConflict,3x3,10,0.02,13,9
405.txt,ida,linearConflict,3x3,10,0.02,14,9
406.txt,ida,linearConflict,3x3,11,0.04,14,9
407.txt,ida,linearConflict,3x3,23,0.18,19,9
408.txt,ida,linearConflict,3x3,11,0.04,14,9
409.txt,ida,linearConflict,3x3,10,0.02,14,9
410.txt,ida,linearConflict,3x3,10,0.02,14,9
411.txt,ida,linearConflict,3x3,34,0.26,24,9
412.txt,ida,linearConflict,3x3,12,0.06,14,9
413.txt,ida,linearConflict,3x3,13,0.07,15,9
414.txt,ida,linearConflict,3x3,11,0.04,14,9
415.txt,ida,linearConflict,3x3,13,0.07,16,9
416.txt,ida,linearConflict,3x3,11,0.04,14,9
417.txt,ida,linearConflict,3x3,12,0.06,15,9
418.txt,ida,linearConflict,3x3,12,0.06,14,9
419.txt,ida,linearConflict,3x3,12,0.06,15,9
420.txt,ida,linearConflict,3x3,12,0.06,15,9
682.txt,ida,linearConflict,3x3,10,0.0,13,10
683.txt,ida,linearConflict,3x3,34,0.22,23,10
684.txt,ida,linearConflict,3x3,107,0.42,39,10
685.txt,ida,linearConflict,3x3,60,0.31,28,10
686.txt,ida,linearConflict,3x3,11,0.02,13,10
687.txt,ida,linearConflict,3x3,15,0.07,17,10
688.txt,ida,linearConflict,3x3,12,0.03,14,10
689.txt,ida,linearConflict,3x3,12,0.03,14,10
690.txt,ida,linearConflict,3x3,10,0.0,13,10
691.txt,ida,linearConflict,3x3,28,0.18,21,10
692.txt,ida,linearConflict,3x3,23,0.15,19,10
693.txt,ida,linearConflict,3x3,36,0.23,25,10
694.txt,ida,linearConflict,3x3,11,0.02,14,10
695.txt,ida,linearConflict,3x3,12,0.03,14,10
696.txt,ida,linearConflict,3x3,79,0.36,35,10
697.txt,ida,linearConflict,3x3,23,0.15,20,10
698.txt,ida,linearConflict,3x3,15,0.07,15,10
699.txt,ida,linearConflict,3x3,12,0.03,14,10
700.txt,ida,linearConflict,3x3,14,0.06,16,10
701.txt,ida,linearConflict,3x3,13,0.05,14,10
702.txt,ida,linearConflict,3x3,10,0.0,13,10
703.txt,ida,linearConflict,3x3,14,0.06,15,10
704.txt,ida,linearConflict,3x3,14,0.06,16,10
705.txt,ida,linearConflict,3x3,40,0.24,25,10
706.txt,ida,linearConflict,3x3,10,0.0,14,10
975.txt,ida,linearConflict,3x3,52,0.25,27,11
976.txt,ida,linearConflict,3x3,61,0.27,30,11
977.txt,ida,linearConflict,3x3,11,0.0,13,11
978.txt,ida,linearConflict,3x3,25,0.13,21,11
979.txt,ida,linearConflict,3x3,19,0.09,18,11
980.txt,ida,linearConflict,3x3,250,0.5,53,11
981.txt,ida,linearConflict,3x3,63,0.28,30,11
982.txt,ida,linearConflict,3x3,92,0.34,35,11
983.txt,ida,linearConflict,3x3,26,0.14,19,11
984.txt,ida,linearConflict,3x3,46,0.23,26,11
985.txt,ida,linearConflict,3x3,16,0.06,16,11
986.txt,ida,linearConflict,3x3,13,0.03,15,11
987.txt,ida,linearConflict,3x3,30,0.16,21,11
988.txt,ida,linearConflict,3x3,14,0.04,16,11
989.txt,ida,linearConflict,3x3,15,0.05,15,11
990.txt,ida,linearConflict,3x3,42,0.21,25,11
991.txt,ida,linearConflict,3x3,137,0.4,41,11
992.txt,ida,linearConflict,3x3,12,0.01,14,11
993.txt,ida,linearConflict,3x3,28,0.15,20,11
994.txt,ida,linearConflict,3x3,14,0.04,15,11
995.txt,ida,linearConflict,3x3,14,0.04,15,11
996.txt,ida,linearConflict,3x3,55,0.26,27,11
997.txt,ida,linearConflict,3x3,17,0.07,16,11
998.txt,ida,linearConflict,3x3,19,0.09,17,11
999.txt,ida,linearConflict,3x3,30,0.16,22,11
1826.txt,ida,linearConflict,3x3,414,0.51,66,12
1827.txt,ida,linearConflict,3x3,14,0.02,15,12
1828.txt,ida,linearConflict,3x3,12,0.0,14,12
1829.txt,ida,linearConflict,3x3,20,0.08,17,12
1830.txt,ida,linearConflict,3x3,17,0.05,15,12
1831.txt,ida,linearConflict,3x3,22,0.09,20,12
1832.txt,ida,linearConflict,3x3,15,0.03,15,12
1833.txt,ida,linearConflict,3x3,466,0.53,78,12
1834.txt,ida,linearConflict,3x3,115,0.32,38,12
1835.txt,ida,linearConflict,3x3,462,0.53,71,12
1836.txt,ida,linearConflict,3x3,27,0.12,20,12
1837.txt,ida,linearConflict,3x3,258,0.44,52,12
1838.txt,ida,linearConflict,3x3,18,0.06,16,12
1839.txt,ida,linearConflict,3x3,288,0.46,58,12
1840.txt,ida,linearConflict,3x3,13,0.01,14,12
1841.txt,ida,linearConflict,3x3,96,0.3,34,12
1842.txt,ida,linearConflict,3x3,31,0.14,22,12
1843.txt,ida,linearConflict,3x3,22,0.09,18,12
1844.txt,ida,linearConflict,3x3,484,0.53,76,12
1845.txt,ida,linearConflict,3x3,140,0.35,43,12
1846.txt,ida,linearConflict,3x3,34,0.15,22,12
1847.txt,ida,linearConflict,3x3,23,0.1,18,12
1848.txt,ida,linearConflict,3x3,12,0.0,13,12
1849.txt,ida,linearConflict,3x3,34,0.15,23,12
1850.txt,ida,linearConflict,3x3,289,0.46,58,12
2850.txt,ida,linearConflict,3x3,18,0.05,16,13
2851.txt,ida,linearConflict,3x3,22,0.07,18,13
2852.txt,ida,linearConflict,3x3,15,0.02,15,13
2853.txt,ida,linearConflict,3x3,19,0.05,16,13
2854.txt,ida,linearConflict,3x3,721,0.53,91,13
2855.txt,ida,linearConflict,3x3,52,0.19,28,13
2856.txt,ida,linearConflict,3x3,28,0.1,20,13
2857.txt,ida,linearConflict,3x3,336,0.43,65,13
2858.txt,ida,linearConflict,3x3,18,0.05,17,13
2859.txt,ida,linearConflict,3x3,61,0.21,29,13
2860.txt,ida,linearConflict,3x3,44,0.16,24,13
2861.txt,ida,linearConflict,3x3,556,0.49,78,13
2862.txt,ida,linearConflict,3x3,445,0.46,72,13
2863.txt,ida,linearConflict,3x3,19,0.05,17,13
2864.txt,ida,linearConflict,3x3,16,0.03,15,13
2865.txt,ida,linearConflict,3x3,30,0.11,20,13
2866.txt,ida,linearConflict,3x3,16,0.03,16,13
2867.txt,ida,linearConflict,3x3,16,0.03,16,13
2868.txt,ida,linearConflict,3x3,21,0.07,18,13
2869.txt,ida,linearConflict,3x3,14,0.01,15,13
2870.txt,ida,linearConflict,3x3,19,0.05,17,13
2871.txt,ida,linearConflict,3x3,16,0.03,17,13
2872.txt,ida,linearConflict,3x3,136,0.31,41,13
2873.txt,ida,linearConflict,3x3,21,0.07,17,13
2874.txt,ida,linearConflict,3x3,26,0.1,18,13
4743.txt,ida,linearConflict,3x3,309,0.37,58,14
4744.txt,ida,linearConflict,3x3,2107,0.61,146,14
4745.txt,ida,linearConflict,3x3,222,0.33,52,14
4746.txt,ida,linearConflict,3x3,40,0.13,24,14
4747.txt,ida,linearConflict,3x3,46,0.15,25,14
4748.txt,ida,linearConflict,3x3,53,0.17,27,14
4749.txt,ida,linearConflict,3x3,27,0.08,20,14
4750.txt,ida,linearConflict,3x3,19,0.04,16,14
4751.txt,ida,linearConflict,3x3,370,0.4,68,14
4752.txt,ida,linearConflict,3x3,24,0.07,18,14
4753.txt,ida,linearConflict,3x3,17,0.03,16,14
4754.txt,ida,linearConflict,3x3,102,0.24,36,14
4755.txt,ida,linearConflict,3x3,78,0.21,32,14
4756.txt,ida,linearConflict,3x3,29,0.09,20,14
4757.txt,ida,linearConflict,3x3,1923,0.6,134,14
4758.txt,ida,linearConflict,3x3,24,0.07,17,14
4759.txt,ida,linearConflict,3x3,128,0.27,39,14
4760.txt,ida,linearConflict,3x3,496,0.43,74,14
4761.txt,ida,linearConflict,3x3,17,0.03,17,14
4762.txt,ida,linearConflict,3x3,2335,0.63,142,14
4763.txt,ida,linearConflict,3x3,71,0.2,31,14
4764.txt,ida,linearConflict,3x3,699,0.47,87,14
4765.txt,ida,linearConflict,3x3,33,0.11,22,14
4766.txt,ida,linearConflict,3x3,128,0.27,40,14
4767.txt,ida,linearConflict,3x3,20,0.05,17,14
7255.txt,ida,linearConflict,3x3,144,0.26,41,15
7256.txt,ida,linearConflict,3x3,34,0.1,22,15
7257.txt,ida,linearConflict,3x3,26,0.07,19,15
7258.txt,ida,linearConflict,3x3,623,0.42,80,15
7259.txt,ida,linearConflict,3x3,35,0.1,22,15
7260.txt,ida,linearConflict,3x3,398,0.37,68,15
7261.txt,ida,linearConflict,3x3,425,0.37,71,15
7262.txt,ida,linearConflict,3x3,2328,0.57,147,15
7263.txt,ida,linearConflict,3x3,70,0.18,31,15
7264.txt,ida,linearConflict,3x3,65,0.17,29,15
7265.txt,ida,linearConflict,3x3,2072,0.55,152,15
7266.txt,ida,linearConflict,3x3,140,0.25,41,15
7267.txt,ida,linearConflict,3x3,18,0.02,16,15
7268.txt,ida,linearConflict,3x3,1958,0.55,138,15
7269.txt,ida,linearConflict,3x3,1670,0.53,123,15
7270.txt,ida,linearConflict,3x3,2303,0.57,151,15
7271.txt,ida,linearConflict,3x3,23,0.05,18,15
7272.txt,ida,linearConflict,3x3,167,0.27,44,15
7273.txt,ida,linearConflict,3x3,31,0.09,20,15
7274.txt,ida,linearConflict,3x3,36,0.1,22,15
7275.txt,ida,linearConflict,3x3,261,0.32,55,15
7276.txt,ida,linearConflict,3x3,481,0.39,73,15
7277.txt,ida,linearConflict,3x3,4709,0.65,211,15
7278.txt,ida,linearConflict,3x3,268,0.32,55,15
7279.txt,ida,linearConflict,3x3,291,0.33,59,15
9975.txt,ida,linearConflict,3x3,2413,0.52,147,16
9976.txt,ida,linearConflict,3x3,329,0.31,62,16
9977.txt,ida,linearConflict,3x3,166,0.25,44,16
9978.txt,ida,linearConflict,3x3,906,0.42,99,16
9979.txt,ida,linearConflict,3x3,3092,0.55,171,16
9980.txt,ida,linearConflict,3x3,205,0.27,49,16
9981.txt,ida,linearConflict,3x3,833,0.41,98,16
9982.txt,ida,linearConflict,3x3,31,0.07,20,16
9983.txt,ida,linearConflict,3x3,6036,0.62,249,16
9984.txt,ida,linearConflict,3x3,1481,0.47,126,16
9985.txt,ida,linearConflict,3x3,1710,0.49,122,16
9986.txt,ida,linearConflict,3x3,480,0.35,71,16
9987.txt,ida,linearConflict,3x3,758,0.4,96,16
9988.txt,ida,linearConflict,3x3,1690,0.48,132,16
9989.txt,ida,linearConflict,3x3,210,0.27,48,16
9990.txt,ida,linearConflict,3x3,32,0.08,20,16
9991.txt,ida,linearConflict,3x3,492,0.36,72,16
9992.txt,ida,linearConflict,3x3,1393,0.46,117,16
9993.txt,ida,linearConflict,3x3,230,0.28,52,16
9994.txt,ida,linearConflict,3x3,218,0.27,49,16
9995.txt,ida,linearConflict,3x3,290,0.3,57,16
9996.txt,ida,linearConflict,3x3,38,0.1,22,16
9997.txt,ida,linearConflict,3x3,235,0.28,51,16
9998.txt,ida,linearConflict,3x3,94,0.19,33,16
9999.txt,ida,linearConflict,3x3,89,0.18,32,16
17378.txt,ida,linearConflict,3x3,316,0.29,60,17
17379.txt,ida,linearConflict,3x3,2556,0.49,148,17
17380.txt,ida,linearConflict,3x3,217,0.25,48,17
17381.txt,ida,linearConflict,3x3,403,0.31,68,17
17382.txt,ida,linearConflict,3x3,132,0.2,39,17
17383.txt,ida,linearConflict,3x3,2719,0.49,154,17
17384.txt,ida,linearConflict,3x3,33,0.07,20,17
17385.txt,ida,linearConflict,3x3,79,0.16,31,17
17386.txt,ida,linearConflict,3x3,940,0.39,101,17
17387.txt,ida,linearConflict,3x3,32,0.07,21,17
17388.txt,ida,linearConflict,3x3,7230,0.59,271,17
17389.txt,ida,linearConflict,3x3,1920,0.46,136,17
17390.txt,ida,linearConflict,3x3,7031,0.59,259,17
17391.txt,ida,linearConflict,3x3,9123,0.62,307,17
17392.txt,ida,linearConflict,3x3,913,0.39,100,17
17393.txt,ida,linearConflict,3x3,368,0.3,62,17
17394.txt,ida,linearConflict,3x3,4320,0.54,207,17
17395.txt,ida,linearConflict,3x3,946,0.39,102,17
17396.txt,ida,linearConflict,3x3,1268,0.42,109,17
17397.txt,ida,linearConflict,3x3,3819,0.53,191,17
17398.txt,ida,linearConflict,3x3,126,0.2,39,17
17399.txt,ida,linearConflict,3x3,86,0.16,33,17
17400.txt,ida,linearConflict,3x3,634,0.35,81,17
17401.txt,ida,linearConflict,3x3,1848,0.45,143,17
17402.txt,ida,linearConflict,3x3,92,0.17,33,17
26907.txt,ida,linearConflict,3x3,360,0.27,61,18
26908.txt,ida,linearConflict,3x3,18964,0.64,428,18
26909.txt,ida,linearConflict,3x3,2307,0.44,144,18
26910.txt,ida,linearConflict,3x3,39,0.08,24,18
26911.txt,ida,linearConflict,3x3,162,0.2,42,18
26912.txt,ida,linearConflict,3x3,987,0.36,102,18
26913.txt,ida,linearConflict,3x3,1382,0.39,112,18
26914.txt,ida,linearConflict,3x3,2887,0.46,159,18
26915.txt,ida,linearConflict,3x3,695,0.33,82,18
26916.txt,ida,linearConflict,3x3,114,0.17,39,18
26917.txt,ida,linearConflict,3x3,1907,0.42,133,18
26918.txt,ida,linearConflict,3x3,15335,0.62,370,18
26919.txt,ida,linearConflict,3x3,954,0.36,99,18
26920.txt,ida,linearConflict,3x3,1495,0.4,133,18
26921.txt,ida,linearConflict,3x3,2719,0.45,159,18
26922.txt,ida,linearConflict,3x3,34,0.06,22,18
26923.txt,ida,linearConflict,3x3,348,0.27,63,18
26924.txt,ida,linearConflict,3x3,2827,0.46,155,18
26925.txt,ida,linearConflict,3x3,9319,0.57,309,18
26926.txt,ida,linearConflict,3x3,2377,0.44,159,18
26927.txt,ida,linearConflict,3x3,212,0.23,49,18
26928.txt,ida,linearConflict,3x3,254,0.24,55,18
26929.txt,ida,linearConflict,3x3,122,0.18,37,18
26930.txt,ida,linearConflict,3x3,831,0.35,91,18
26931.txt,ida,linearConflict,3x3,2191,0.43,138,18
37785.txt,ida,linearConflict,3x3,1116,0.35,106,19
37786.txt,ida,linearConflict,3x3,103,0.15,33,19
37787.txt,ida,linearConflict,3x3,573,0.29,76,19
37788.txt,ida,linearConflict,3x3,1959,0.39,148,19
37789.txt,ida,linearConflict,3x3,2131,0.4,145,19
37790.txt,ida,linearConflict,3x3,4277,0.46,200,19
37791.txt,ida,linearConflict,3x3,4183,0.46,188,19
37792.txt,ida,linearConflict,3x3,6620,0.5,233,19
37793.txt,ida,linearConflict,3x3,93,0.14,32,19
37794.txt,ida,linearConflict,3x3,14918,0.57,355,19
37795.txt,ida,linearConflict,3x3,7046,0.51,266,19
37796.txt,ida,linearConflict,3x3,953,0.33,111,19
37797.txt,ida,linearConflict,3x3,2305,0.41,155,19
37798.txt,ida,linearConflict,3x3,621,0.3,77,19
37799.txt,ida,linearConflict,3x3,735,0.31,93,19
37800.txt,ida,linearConflict,3x3,1902,0.39,132,19
37801.txt,ida,linearConflict,3x3,362,0.25,60,19
37802.txt,ida,linearConflict,3x3,1131,0.35,103,19
37803.txt,ida,linearConflict,3x3,1702,0.38,129,19
37804.txt,ida,linearConflict,3x3,579,0.29,79,19
37805.txt,ida,linearConflict,3x3,10864,0.54,316,19
37806.txt,ida,linearConflict,3x3,2491,0.41,156,19
37807.txt,ida,linearConflict,3x3,1189,0.35,112,19
37808.txt,ida,linearConflict,3x3,1208,0.35,108,19
37809.txt,ida,linearConflict,3x3,16084,0.58,404,19
54773.txt,ida,linearConflict,3x3,6452,0.46,254,20
54774.txt,ida,linearConflict,3x3,1115,0.32,108,20
54775.txt,ida,linearConflict,3x3,1632,0.35,121,20
54777.txt,ida,linearConflict,3x3,17973,0.55,435,20
54778.txt,ida,linearConflict,3x3,783,0.3,87,20
54779.txt,ida,linearConflict,3x3,366,0.24,63,20
54780.txt,ida,linearConflict,3x3,1533,0.35,118,20
54782.txt,ida,linearConflict,3x3,182,0.18,43,20
54783.txt,ida,linearConflict,3x3,10957,0.51,279,20
54784.txt,ida,linearConflict,3x3,99,0.14,35,20
54785.txt,ida,linearConflict,3x3,2366,0.38,158,20
54787.txt,ida,linearConflict,3x3,433,0.25,69,20
54788.txt,ida,linearConflict,3x3,647,0.28,83,20
54789.txt,ida,linearConflict,3x3,193525,0.76,2586,20
54790.txt,ida,linearConflict,3x3,7066,0.47,240,20
54791.txt,ida,linearConflict,3x3,1346,0.34,110,20
54792.txt,ida,linearConflict,3x3,761,0.29,94,20
54794.txt,ida,linearConflict,3x3,473,0.26,69,20
54795.txt,ida,linearConflict,3x3,145,0.17,42,20
54796.txt,ida,linearConflict,3x3,2481,0.39,157,20
54797.txt,ida,linearConflict,3x3,10057,0.5,332,20
54798.txt,ida,linearConflict,3x3,3582,0.42,173,20
54799.txt,ida,linearConflict,3x3,1275,0.33,107,20
54801.txt,ida,linearConflict,3x3,17862,0.55,434,20
54802.txt,ida,linearConflict,3x3,107,0.14,34,20
1.txt,ida,linearConflict,4x4,1,0.0,8,1
2.txt,ida,linearConflict,4x4,1,0.0,8,1
3.txt,ida,linearConflict,4x4,2,0.0,11,2
4.txt,ida,linearConflict,4x4,2,0.0,11,2
5.txt,ida,linearConflict,4x4,0,0.0,3,0
6.txt,ida,linearConflict,4x4,2,0.0,10,2
7.txt,ida,linearConflict,4x4,2,0.0,8,2
10.txt,ida,linearConflict,4x4,3,0.0,12,3
11.txt,ida,linearConflict,4x4,3,0.0,12,3
12.txt,ida,linearConflict,4x4,3,0.0,12,3
13.txt,ida,linearConflict,4x4,3,0.0,9,3
14.txt,ida,linearConflict,4x4,3,0.0,11,3
15.txt,ida,linearConflict,4x4,3,0.0,11,3
16.txt,ida,linearConflict,4x4,3,0.0,11,3
17.txt,ida,linearConflict,4x4,3,0.0,10,3
8.txt,ida,linearConflict,4x4,3,0.0,12,3
9.txt,ida,linearConflict,4x4,3,0.0,11,3
18.txt,ida,linearConflict,4x4,4,0.0,13,4
19.txt,ida,linearConflict,4x4,4,0.0,14,4
20.txt,ida,linearConflict,4x4,4,0.0,13,4
21.txt,ida,linearConflict,4x4,4,0.0,13,4
22.txt,ida,linearConflict,4x4,4,0.0,13,4
23.txt,ida,linearConflict,4x4,4,0.0,13,4
24.txt,ida,linearConflict,4x4,4,0.0,12,4
25.txt,ida,linearConflict,4x4,4,0.0,13,4
26.txt,ida,linearConflict,4x4,4,0.0,13,4
27.txt,ida,linearConflict,4x4,4,0.0,13,4
28.txt,ida,linearConflict,4x4,4,0.0,14,4
29.txt,ida,linearConflict,4x4,4,0.0,13,4
30.txt,ida,linearConflict,4x4,4,0.0,12,4
31.txt,ida,linearConflict,4x4,4,0.0,12,4
32.txt,ida,linearConflict,4x4,4,0.0,13,4
33.txt,ida,linearConflict,4x4,4,0.0,11,4
34.txt,ida,linearConflict,4x4,4,0.0,14,4
35.txt,ida,linearConflict,4x4,4,0.0,12,4
36.txt,ida,linearConflict,4x4,4,0.0,12,4
37.txt,ida,linearConflict,4x4,4,0.0,13,4
38.txt,ida,linearConflict,4x4,4,0.0,12,4
39.txt,ida,linearConflict,4x4,4,0.0,12,4
40.txt,ida,linearConflict,4x4,4,0.0,13,4
41.txt,ida,linearConflict,4x4,4,0.0,13,4
71.txt,ida,linearConflict,4x4,5,0.0,14,5
72.txt,ida,linearConflict,4x4,5,0.0,13,5
73.txt,ida,linearConflict,4x4,5,0.0,13,5
74.txt,ida,linearConflict,4x4,5,0.0,13,5
75.txt,ida,linearConflict,4x4,5,0.0,13,5
76.txt,ida,linearConflict,4x4,5,0.0,14,5
77.txt,ida,linearConflict,4x4,5,0.0,14,5
78.txt,ida,linearConflict,4x4,5,0.0,14,5
79.txt,ida,linearConflict,4x4,6,0.06,14,5
80.txt,ida,linearConflict,4x4,5,0.0,12,5
81.txt,ida,linearConflict,4x4,5,0.0,14,5
82.txt,ida,linearConflict,4x4,5,0.0,13,5
83.txt,ida,linearConflict,4x4,5,0.0,14,5
84.txt,ida,linearConflict,4x4,5,0.0,13,5
85.txt,ida,linearConflict,4x4,5,0.0,13,5
86.txt,ida,linearConflict,4x4,5,0.0,13,5
87.txt,ida,linearConflict,4x4,5,0.0,14,5
88.txt,ida,linearConflict,4x4,5,0.0,13,5
89.txt,ida,linearConflict,4x4,5,0.0,13,5
90.txt,ida,linearConflict,4x4,5,0.0,12,5
91.txt,ida,linearConflict,4x4,5,0.0,13,5
92.txt,ida,linearConflict,4x4,5,0.0,13,5
93.txt,ida,linearConflict,4x4,5,0.0,14,5
94.txt,ida,linearConflict,4x4,5,0.0,13,5
95.txt,ida,linearConflict,4x4,5,0.0,14,5
182.txt,ida,linearConflict,4x4,6,0.0,14,6
183.txt,ida,linearConflict,4x4,6,0.0,14,6
184.txt,ida,linearConflict,4x4,6,0.0,15,6
185.txt,ida,linearConflict,4x4,6,0.0,14,6
186.txt,ida,linearConflict,4x4,6,0.0,16,6
187.txt,ida,linearConflict,4x4,6,0.0,14,6
188.txt,ida,linearConflict,4x4,6,0.0,15,6
189.txt,ida,linearConflict,4x4,6,0.0,13,6
190.txt,ida,linearConflict,4x4,6,0.0,14,6
191.txt,ida,linearConflict,4x4,6,0.0,14,6
192.txt,ida,linearConflict,4x4,8,0.08,17,6
193.txt,ida,linearConflict,4x4,6,0.0,16,6
194.txt,ida,linearConflict,4x4,6,0.0,14,6
195.txt,ida,linearConflict,4x4,6,0.0,14,6
196.txt,ida,linearConflict,4x4,6,0.0,13,6
197.txt,ida,linearConflict,4x4,6,0.0,14,6
198.txt,ida,linearConflict,4x4,6,0.0,15,6
199.txt,ida,linearConflict,4x4,6,0.0,14,6
200.txt,ida,linearConflict,4x4,6,0.0,13,6
201.txt,ida,linearConflict,4x4,6,0.0,15,6
202.txt,ida,linearConflict,4x4,6,0.0,14,6
96.txt,ida,linearConflict,4x4,6,0.0,15,6
97.txt,ida,linearConflict,4x4,6,0.0,14,6
98.txt,ida,linearConflict,4x4,6,0.0,14,6
99.txt,ida,linearConflict,4x4,6,0.0,15,6
390.txt,ida,linearConflict,4x4,10,0.09,18,7
391.txt,ida,linearConflict,4x4,7,0.0,16,7
392.txt,ida,linearConflict,4x4,7,0.0,15,7
393.txt,ida,linearConflict,4x4,7,0.0,15,7
394.txt,ida,linearConflict,4x4,7,0.0,15,7
395.txt,ida,linearConflict,4x4,7,0.0,15,7
396.txt,ida,linearConflict,4x4,7,0.0,16,7
397.txt,ida,linearConflict,4x4,7,0.0,14,7
398.txt,ida,linearConflict,4x4,7,0.0,16,7
399.txt,ida,linearConflict,4x4,7,0.0,17,7
400.txt,ida,linearConflict,4x4,7,0.0,16,7
401.txt,ida,linearConflict,4x4,7,0.0,16,7
402.txt,ida,linearConflict,4x4,9,0.06,17,7
403.txt,ida,linearConflict,4x4,7,0.0,16,7
404.txt,ida,linearConflict,4x4,8,0.03,17,7
405.txt,ida,linearConflict,4x4,7,0.0,16,7
406.txt,ida,linearConflict,4x4,8,0.03,18,7
407.txt,ida,linearConflict,4x4,10,0.09,18,7
408.txt,ida,linearConflict,4x4,7,0.0,15,7
409.txt,ida,linearConflict,4x4,7,0.0,17,7
410.txt,ida,linearConflict,4x4,7,0.0,16,7
411.txt,ida,linearConflict,4x4,7,0.0,16,7
412.txt,ida,linearConflict,4x4,7,0.0,14,7
413.txt,ida,linearConflict,4x4,7,0.0,15,7
414.txt,ida,linearConflict,4x4,7,0.0,16,7
836.txt,ida,linearConflict,4x4,12,0.09,21,8
837.txt,ida,linearConflict,4x4,18,0.18,24,8
838.txt,ida,linearConflict,4x4,11,0.07,19,8
839.txt,ida,linearConflict,4x4,8,0.0,17,8
840.txt,ida,linearConflict,4x4,8,0.0,16,8
841.txt,ida,linearConflict,4x4,10,0.05,18,8
842.txt,ida,linearConflict,4x4,10,0.05,17,8
843.txt,ida,linearConflict,4x4,10,0.05,17,8
844.txt,ida,linearConflict,4x4,13,0.11,20,8
845.txt,ida,linearConflict,4x4,9,0.03,17,8
846.txt,ida,linearConflict,4x4,10,0.05,18,8
847.txt,ida,linearConflict,4x4,8,0.0,17,8
848.txt,ida,linearConflict,4x4,8,0.0,17,8
849.txt,ida,linearConflict,4x4,9,0.03,16,8
850.txt,ida,linearConflict,4x4,10,0.05,17,8
851.txt,ida,linearConflict,4x4,9,0.03,18,8
852.txt,ida,linearConflict,4x4,8,0.0,15,8
853.txt,ida,linearConflict,4x4,31,0.3,28,8
854.txt,ida,linearConflict,4x4,8,0.0,15,8
855.txt,ida,linearConflict,4x4,9,0.03,17,8
856.txt,ida,linearConflict,4x4,12,0.09,19,8
857.txt,ida,linearConflict,4x4,8,0.0,17,8
858.txt,ida,linearConflict,4x4,11,0.07,20,8
859.txt,ida,linearConflict,4x4,8,0.0,15,8
860.txt,ida,linearConflict,4x4,14,0.12,20,8
975.txt,ida,linearConflict,4x4,12,0.06,19,9
976.txt,ida,linearConflict,4x4,10,0.02,17,9
977.txt,ida,linearConflict,4x4,27,0.22,27,9
978.txt,ida,linearConflict,4x4,11,0.04,18,9
979.txt,ida,linearConflict,4x4,9,0.0,16,9
980.txt,ida,linearConflict,4x4,9,0.0,17,9
981.txt,ida,linearConflict,4x4,10,0.02,19,9
982.txt,ida,linearConflict,4x4,9,0.0,17,9
983.txt,ida,linearConflict,4x4,10,0.02,19,9
984.txt,ida,linearConflict,4x4,11,0.04,20,9
985.txt,ida,linearConflict,4x4,9,0.0,18,9
986.txt,ida,linearConflict,4x4,11,0.04,19,9
987.txt,ida,linearConflict,4x4,19,0.15,22,9
988.txt,ida,linearConflict,4x4,10,0.02,17,9
989.txt,ida,linearConflict,4x4,12,0.06,20,9
990.txt,ida,linearConflict,4x4,9,0.0,19,9
991.txt,ida,linearConflict,4x4,9,0.0,17,9
992.txt,ida,linearConflict,4x4,9,0.0,16,9
993.txt,ida,linearConflict,4x4,9,0.0,17,9
994.txt,ida,linearConflict,4x4,13,0.07,21,9
995.txt,ida,linearConflict,4x4,9,0.0,16,9
996.txt,ida,linearConflict,4x4,9,0.0,16,9
997.txt,ida,linearConflict,4x4,12,0.06,19,9
998.txt,ida,linearConflict,4x4,9,0.0,17,9
999.txt,ida,linearConflict,4x4,9,0.0,16,9
3730.txt,ida,linearConflict,4x4,13,0.05,18,10
3731.txt,ida,linearConflict,4x4,16,0.08,22,10
3732.txt,ida,linearConflict,4x4,16,0.08,21,10
3733.txt,ida,linearConflict,4x4,10,0.0,19,10
3734.txt,ida,linearConflict,4x4,17,0.09,21,10
3735.txt,ida,linearConflict,4x4,12,0.03,18,10
3736.txt,ida,linearConflict,4x4,13,0.05,19,10
3737.txt,ida,linearConflict,4x4,10,0.0,18,10
3738.txt,ida,linearConflict,4x4,13,0.05,20,10
3739.txt,ida,linearConflict,4x4,24,0.15,26,10
3740.txt,ida,linearConflict,4x4,13,0.05,29,10
3741.txt,ida,linearConflict,4x4,10,0.0,16,10
3742.txt,ida,linearConflict,4x4,21,0.13,26,10
3743.txt,ida,linearConflict,4x4,12,0.03,21,10
3744.txt,ida,linearConflict,4x4,158,0.49,54,10
3745.txt,ida,linearConflict,4x4,16,0.08,23,10
3746.txt,ida,linearConflict,4x4,138,0.46,54,10
3747.txt,ida,linearConflict,4x4,10,0.0,17,10
3748.txt,ida,linearConflict,4x4,166,0.5,55,10
3749.txt,ida,linearConflict,4x4,10,0.0,17,10
3750.txt,ida,linearConflict,4x4,23,0.15,25,10
3751.txt,ida,linearConflict,4x4,10,0.0,16,10
3752.txt,ida,linearConflict,4x4,11,0.02,17,10
3753.txt,ida,linearConflict,4x4,10,0.0,17,10
3754.txt,ida,linearConflict,4x4,38,0.23,31,10
7668.txt,ida,linearConflict,4x4,18,0.08,21,11
7669.txt,ida,linearConflict,4x4,25,0.13,26,11
7670.txt,ida,linearConflict,4x4,46,0.23,34,11
7671.txt,ida,linearConflict,4x4,14,0.04,20,11
7672.txt,ida,linearConflict,4x4,14,0.04,21,11
7673.txt,ida,linearConflict,4x4,11,0.0,18,11
7674.txt,ida,linearConflict,4x4,11,0.0,18,11
7675.txt,ida,linearConflict,4x4,11,0.0,20,11
7676.txt,ida,linearConflict,4x4,17,0.07,23,11
7677.txt,ida,linearConflict,4x4,14,0.04,21,11
7678.txt,ida,linearConflict,4x4,258,0.5,71,11
7679.txt,ida,linearConflict,4x4,28,0.15,25,11
7680.txt,ida,linearConflict,4x4,14,0.04,21,11
7681.txt,ida,linearConflict,4x4,46,0.23,32,11
7682.txt,ida,linearConflict,4x4,46,0.23,33,11
7683.txt,ida,linearConflict,4x4,11,0.0,18,11
7684.txt,ida,linearConflict,4x4,40,0.21,29,11
7685.txt,ida,linearConflict,4x4,40,0.21,31,11
7686.txt,ida,linearConflict,4x4,88,0.33,39,11
7687.txt,ida,linearConflict,4x4,13,0.03,19,11
7688.txt,ida,linearConflict,4x4,14,0.04,18,11
7689.txt,ida,linearConflict,4x4,14,0.04,20,11
7690.txt,ida,linearConflict,4x4,323,0.54,73,11
7691.txt,ida,linearConflict,4x4,11,0.0,20,11
7692.txt,ida,linearConflict,4x4,79,0.31,38,11
9975.txt,ida,linearConflict,4x4,63,0.24,34,12
9976.txt,ida,linearConflict,4x4,19,0.07,22,12
9977.txt,ida,linearConflict,4x4,12,0.0,19,12
9978.txt,ida,linearConflict,4x4,18,0.06,22,12
9979.txt,ida,linearConflict,4x4,27,0.12,26,12
9980.txt,ida,linearConflict,4x4,15,0.03,20,12
9981.txt,ida,linearConflict,4x4,13,0.01,20,12
9982.txt,ida,linearConflict,4x4,89,0.29,42,12
9983.txt,ida,linearConflict,4x4,30,0.13,29,12
9984.txt,ida,linearConflict,4x4,148,0.36,51,12
9985.txt,ida,linearConflict,4x4,463,0.53,87,12
9986.txt,ida,linearConflict,4x4,12,0.0,19,12
9987.txt,ida,linearConflict,4x4,16,0.04,20,12
9988.txt,ida,linearConflict,4x4,15,0.03,21,12
9989.txt,ida,linearConflict,4x4,13,0.01,19,12
9990.txt,ida,linearConflict,4x4,14,0.02,18,12
9991.txt,ida,linearConflict,4x4,19,0.07,22,12
9992.txt,ida,linearConflict,4x4,12,0.0,18,12
9993.txt,ida,linearConflict,4x4,12,0.0,18,12
9994.txt,ida,linearConflict,4x4,16,0.04,22,12
9995.txt,ida,linearConflict,4x4,12,0.0,19,12
9996.txt,ida,linearConflict,4x4,14,0.02,19,12
9997.txt,ida,linearConflict,4x4,33,0.15,31,12
9998.txt,ida,linearConflict,4x4,48,0.2,31,12
9999.txt,ida,linearConflict,4x4,12,0.0,18,12
31020.txt,ida,linearConflict,4x4,193,0.35,58,13
31021.txt,ida,linearConflict,4x4,17,0.04,22,13
31022.txt,ida,linearConflict,4x4,19,0.05,23,13
31023.txt,ida,linearConflict,4x4,19,0.05,22,13
31024.txt,ida,linearConflict,4x4,13,0.0,20,13
31025.txt,ida,linearConflict,4x4,20,0.06,23,13
31026.txt,ida,linearConflict,4x4,18,0.05,22,13
31027.txt,ida,linearConflict,4x4,111,0.28,43,13
31028.txt,ida,linearConflict,4x4,81,0.24,39,13
31029.txt,ida,linearConflict,4x4,15,0.02,20,13
31030.txt,ida,linearConflict,4x4,15,0.02,20,13
31031.txt,ida,linearConflict,4x4,13,0.0,18,13
31032.txt,ida,linearConflict,4x4,15,0.02,20,13
31033.txt,ida,linearConflict,4x4,15,0.02,20,13
31034.txt,ida,linearConflict,4x4,13,0.0,19,13
31035.txt,ida,linearConflict,4x4,19,0.05,22,13
31036.txt,ida,linearConflict,4x4,31,0.12,28,13
31037.txt,ida,linearConflict,4x4,16,0.03,22,13
31038.txt,ida,linearConflict,4x4,24,0.08,24,13
31039.txt,ida,linearConflict,4x4,55,0.19,35,13
31040.txt,ida,linearConflict,4x4,19,0.05,23,13
31041.txt,ida,linearConflict,4x4,20,0.06,23,13
31042.txt,ida,linearConflict,4x4,23,0.08,24,13
31043.txt,ida,linearConflict,4x4,66,0.22,36,13
31044.txt,ida,linearConflict,4x4,16,0.03,21,13
61841.txt,ida,linearConflict,4x4,18,0.03,22,14
61842.txt,ida,linearConflict,4x4,18,0.03,21,14
61843.txt,ida,linearConflict,4x4,22,0.06,24,14
61844.txt,ida,linearConflict,4x4,34,0.11,28,14
61845.txt,ida,linearConflict,4x4,25,0.07,24,14
61846.txt,ida,linearConflict,4x4,38,0.13,30,14
61847.txt,ida,linearConflict,4x4,2030,0.61,178,14
61848.txt,ida,linearConflict,4x4,33,0.11,27,14
61849.txt,ida,linearConflict,4x4,2143,0.61,184,14
61850.txt,ida,linearConflict,4x4,58,0.18,35,14
61851.txt,ida,linearConflict,4x4,16,0.02,21,14
61852.txt,ida,linearConflict,4x4,16,0.02,21,14
61853.txt,ida,linearConflict,4x4,161,0.3,54,14
61854.txt,ida,linearConflict,4x4,52,0.16,33,14
61855.txt,ida,linearConflict,4x4,15,0.01,20,14
61856.txt,ida,linearConflict,4x4,115,0.26,47,14
61857.txt,ida,linearConflict,4x4,75,0.21,40,14
61858.txt,ida,linearConflict,4x4,15,0.01,20,14
61859.txt,ida,linearConflict,4x4,16,0.02,21,14
61860.txt,ida,linearConflict,4x4,16,0.02,21,14
61861.txt,ida,linearConflict,4x4,29,0.09,28,14
61862.txt,ida,linearConflict,4x4,32,0.1,29,14
61863.txt,ida,linearConflict,4x4,24,0.07,24,14
61864.txt,ida,linearConflict,4x4,264,0.35,65,14
61865.txt,ida,linearConflict,4x4,22,0.06,23,14
99975.txt,ida,linearConflict,4x4,1382,0.51,140,15
99976.txt,ida,linearConflict,4x4,1409,0.51,143,15
99977.txt,ida,linearConflict,4x4,16,0.01,19,15
99978.txt,ida,linearConflict,4x4,18,0.02,21,15
99979.txt,ida,linearConflict,4x4,32,0.09,28,15
99980.txt,ida,linearConflict,4x4,15,0.0,20,15
99981.txt,ida,linearConflict,4x4,34,0.1,27,15
99982.txt,ida,linearConflict,4x4,18,0.02,22,15
99983.txt,ida,linearConflict,4x4,17,0.02,22,15
99984.txt,ida,linearConflict,4x4,22,0.05,24,15
99985.txt,ida,linearConflict,4x4,16,0.01,20,15
99986.txt,ida,linearConflict,4x4,101,0.22,42,15
99987.txt,ida,linearConflict,4x4,120,0.24,43,15
99988.txt,ida,linearConflict,4x4,17,0.02,21,15
99989.txt,ida,linearConflict,4x4,51,0.14,32,15
99990.txt,ida,linearConflict,4x4,173,0.28,53,15
99991.txt,ida,linearConflict,4x4,43,0.12,32,15
99992.txt,ida,linearConflict,4x4,36,0.1,29,15
99993.txt,ida,linearConflict,4x4,23,0.05,24,15
99994.txt,ida,linearConflict,4x4,30,0.08,27,15
99995.txt,ida,linearConflict,4x4,20,0.04,23,15
99996.txt,ida,linearConflict,4x4,15,0.0,22,15
99997.txt,ida,linearConflict,4x4,28,0.07,25,15
99998.txt,ida,linearConflict,4x4,17,0.02,22,15
99999.txt,ida,linearConflict,4x4,17,0.02,21,15
241683.txt,ida,linearConflict,4x4,80,0.17,39,16
241684.txt,ida,linearConflict,4x4,181,0.25,57,16
241685.txt,ida,linearConflict,4x4,20,0.03,22,16
241686.txt,ida,linearConflict,4x4,34,0.08,28,16
241687.txt,ida,linearConflict,4x4,20,0.03,22,16
241688.txt,ida,linearConflict,4x4,20,0.03,22,16
241689.txt,ida,linearConflict,4x4,19,0.02,21,16
241690.txt,ida,linearConflict,4x4,20,0.03,22,16
241691.txt,ida,linearConflict,4x4,6595,0.63,372,16
241692.txt,ida,linearConflict,4x4,15190,0.73,663,16
241693.txt,ida,linearConflict,4x4,5777,0.62,339,16
241694.txt,ida,linearConflict,4x4,43,0.11,32,16
241695.txt,ida,linearConflict,4x4,24,0.05,24,16
241696.txt,ida,linearConflict,4x4,8374,0.66,427,16
241697.txt,ida,linearConflict,4x4,143,0.23,50,16
241698.txt,ida,linearConflict,4x4,21,0.03,24,16
241699.txt,ida,linearConflict,4x4,1425,0.47,137,16
241700.txt,ida,linearConflict,4x4,34,0.08,28,16
241701.txt,ida,linearConflict,4x4,794,0.4,105,16
241702.txt,ida,linearConflict,4x4,17,0.01,19,16
241703.txt,ida,linearConflict,4x4,34,0.08,29,16
241704.txt,ida,linearConflict,4x4,40,0.1,30,16
241705.txt,ida,linearConflict,4x4,24,0.05,24,16
241706.txt,ida,linearConflict,4x4,16,0.0,21,16
241707.txt,ida,linearConflict,4x4,16,0.0,21,16
473527.txt,ida,linearConflict,4x4,145,0.21,54,17
473528.txt,ida,linearConflict,4x4,57,0.12,33,17
473529.txt,ida,linearConflict,4x4,17,0.0,20,17
473530.txt,ida,linearConflict,4x4,21,0.02,24,17
473531.txt,ida,linearConflict,4x4,95,0.17,42,17
473532.txt,ida,linearConflict,4x4,24,0.04,23,17
473533.txt,ida,linearConflict,4x4,219,0.25,62,17
473534.txt,ida,linearConflict,4x4,229,0.26,64,17
473535.txt,ida,linearConflict,4x4,217,0.25,62,17
473536.txt,ida,linearConflict,4x4,6344,0.58,330,17
473537.txt,ida,linearConflict,4x4,9811,0.62,478,17
473538.txt,ida,linearConflict,4x4,20,0.02,23,17
473539.txt,ida,linearConflict,4x4,21,0.02,22,17
473540.txt,ida,linearConflict,4x4,10542,0.63,458,17
473541.txt,ida,linearConflict,4x4,5940,0.57,318,17
473542.txt,ida,linearConflict,4x4,21,0.02,23,17
473543.txt,ida,linearConflict,4x4,61,0.13,34,17
473544.txt,ida,linearConflict,4x4,51,0.11,33,17
473545.txt,ida,linearConflict,4x4,20847,0.7,1046,17
473546.txt,ida,linearConflict,4x4,21,0.02,22,17
473547.txt,ida,linearConflict,4x4,560,0.34,91,17
473548.txt,ida,linearConflict,4x4,2429,0.48,175,17
473549.txt,ida,linearConflict,4x4,8798,0.61,442,17
473550.txt,ida,linearConflict,4x4,2556,0.49,178,17
473551.txt,ida,linearConflict,4x4,17,0.0,20,17
920869.txt,ida,linearConflict,4x4,229,0.23,70,18
920870.txt,ida,linearConflict,4x4,63,0.12,35,18
920871.txt,ida,linearConflict,4x4,52,0.1,33,18
920872.txt,ida,linearConflict,4x4,777,0.34,103,18
920873.txt,ida,linearConflict,4x4,61,0.12,33,18
920874.txt,ida,linearConflict,4x4,180,0.21,60,18
920875.txt,ida,linearConflict,4x4,53,0.11,34,18
920876.txt,ida,linearConflict,4x4,147,0.2,53,18
920877.txt,ida,linearConflict,4x4,124,0.18,45,18
920878.txt,ida,linearConflict,4x4,87,0.15,40,18
920879.txt,ida,linearConflict,4x4,12405,0.6,502,18
920880.txt,ida,linearConflict,4x4,25,0.03,23,18
920881.txt,ida,linearConflict,4x4,22,0.02,24,18
920882.txt,ida,linearConflict,4x4,21,0.02,23,18
920883.txt,ida,linearConflict,4x4,178,0.21,59,18
920884.txt,ida,linearConflict,4x4,111,0.17,44,18
920885.txt,ida,linearConflict,4x4,207,0.23,59,18
920886.txt,ida,linearConflict,4x4,281,0.25,68,18
920887.txt,ida,linearConflict,4x4,269,0.25,66,18
920888.txt,ida,linearConflict,4x4,243,0.24,64,18
920889.txt,ida,linearConflict,4x4,22,0.02,22,18
920890.txt,ida,linearConflict,4x4,22,0.02,22,18
920891.txt,ida,linearConflict,4x4,297,0.26,73,18
920892.txt,ida,linearConflict,4x4,45,0.09,31,18
920893.txt,ida,linearConflict,4x4,49,0.1,33,18
999975.txt,ida,linearConflict,4x4,122,0.17,47,19
999976.txt,ida,linearConflict,4x4,157,0.19,55,19
999977.txt,ida,linearConflict,4x4,190,0.2,58,19
999978.txt,ida,linearConflict,4x4,1209,0.35,127,19
999979.txt,ida,linearConflict,4x4,496,0.28,85,19
999980.txt,ida,linearConflict,4x4,300,0.24,70,19
999981.txt,ida,linearConflict,4x4,97,0.15,46,19
999982.txt,ida,linearConflict,4x4,6162,0.49,365,19
999983.txt,ida,linearConflict,4x4,20,0.01,21,19
999984.txt,ida,linearConflict,4x4,117,0.16,44,19
999985.txt,ida,linearConflict,4x4,92,0.14,40,19
999986.txt,ida,linearConflict,4x4,1042,0.34,121,19
999987.txt,ida,linearConflict,4x4,1045,0.34,125,19
999988.txt,ida,linearConflict,4x4,212,0.21,65,19
999989.txt,ida,linearConflict,4x4,83,0.13,41,19
999990.txt,ida,linearConflict,4x4,20,0.01,21,19
999991.txt,ida,linearConflict,4x4,212,0.21,61,19
999992.txt,ida,linearConflict,4x4,134,0.17,48,19
999993.txt,ida,linearConflict,4x4,204,0.21,56,19
999994.txt,ida,linearConflict,4x4,139,0.18,51,19
999995.txt,ida,linearConflict,4x4,81,0.13,40,19
999996.txt,ida,linearConflict,4x4,574,0.29,94,19
999997.txt,ida,linearConflict,4x4,176,0.2,58,19
999998.txt,ida,linearConflict,4x4,150,0.18,50,19
999999.txt,ida,linearConflict,4x4,109,0.16,44,19
3417996.txt,ida,linearConflict,4x4,797,0.3,116,20
3417997.txt,ida,linearConflict,4x4,289,0.22,68,20
3417998.txt,ida,linearConflict,4x4,368,0.24,81,20
3417999.txt,ida,linearConflict,4x4,372,0.24,78,20
3418000.txt,ida,linearConflict,4x4,20,0.0,21,20
3418001.txt,ida,linearConflict,4x4,89614,0.69,3585,20
3418002.txt,ida,linearConflict,4x4,511,0.26,86,20
3418003.txt,ida,linearConflict,4x4,3411,0.41,220,20
3418004.txt,ida,linearConflict,4x4,20,0.0,22,20
3418005.txt,ida,linearConflict,4x4,139,0.16,48,20
3418006.txt,ida,linearConflict,4x4,721,0.29,98,20
3418007.txt,ida,linearConflict,4x4,257,0.21,65,20
3418008.txt,ida,linearConflict,4x4,74,0.11,38,20
3418009.txt,ida,linearConflict,4x4,221,0.2,58,20
3418010.txt,ida,linearConflict,4x4,92,0.13,41,20
3418011.txt,ida,linearConflict,4x4,1120,0.32,131,20
3418012.txt,ida,linearConflict,4x4,85,0.12,40,20
3418013.txt,ida,linearConflict,4x4,195,0.19,57,20
3418014.txt,ida,linearConflict,4x4,662,0.28,103,20
3418015.txt,ida,linearConflict,4x4,172,0.18,56,20
3418016.txt,ida,linearConflict,4x4,114,0.15,44,20
3418017.txt,ida,linearConflict,4x4,6953,0.47,369,20
3418018.txt,ida,linearConflict,4x4,2544,0.39,213,20
3418019.txt,ida,linearConflict,4x4,26,0.02,24,20
3418020.txt,ida,linearConflict,4x4,41576,0.62,1255,20
